raw_title,normalized_title,identity_key,food_flag,entity_class,categories,observations_count,branches_count,mapped_product_id,mapped_product_name,mapping_status,mapping_confidence
Картошка,картошка,картошка,FOOD,READY_DISH,Десерты | ПИРОЖНЫЕ | Пирожное | Пирожные | Тәттілер,17,17,KAIDA-P0817,Пирожное Картошка,MAPPED_RULE,0.99
Багет,багет,багет,FOOD,PRODUCT,Нан өнімдері | Хлеба | Хлебные изделия | Хлебобулочные изделия,16,16,KAIDA-P0684,Багет,MAPPED_AUTO,0.99
Какао,какао,какао,FOOD,READY_DISH,MINI MENU | Горячие напитки | Какао | Кофе | Не кофе: | Остальное | Чаи | Шай,15,15,KAIDA-P0844,Какао (напиток),MAPPED_RULE,0.98
Апельсин,апельсин,апельсин,FOOD,READY_DISH,БАР | Фреш | Фреши,9,9,KAIDA-P0843,Фреш апельсиновый,MAPPED_RULE,0.98
Яблоко,яблоко,яблоко,FOOD,READY_DISH,БАР | Фреш | Фреши,9,9,KAIDA-P0842,Фреш яблочный,MAPPED_RULE,0.98
Рис,рис,рис,FOOD,READY_DISH,Гарниры,8,8,KAIDA-P0828,Рис отварной,MAPPED_RULE,0.94
Баурсаки,баурсаки,баурсаки,FOOD,PRODUCT,Выпечка | Домашняя выпечка,7,7,KAIDA-P0689,Баурсак,MAPPED_AUTO,0.97
Кетчуп,кетчуп,кетчуп,FOOD,PRODUCT,Дополнительное | Соусы,7,7,KAIDA-P0667,Кетчуп,MAPPED_AUTO,0.99
Көк шай | Чай зеленый 300 мл,көк шай чай зеленый 300 мл,көк шай чай зеленый,FOOD,READY_DISH,Чаи | Шай,7,7,KAIDA-P0838,Чай зелёный (напиток),MAPPED_RULE,0.95
Қара шай | Чай черный 300 мл,қара шай чай черный 300 мл,қара шай чай черный,FOOD,READY_DISH,Чаи | Шай,7,7,KAIDA-P0837,Чай чёрный (напиток),MAPPED_RULE,0.95
Қара шай | Чай черный 800 мл,қара шай чай черный 800 мл,қара шай чай черный,FOOD,READY_DISH,Чаи | Шай,7,7,KAIDA-P0837,Чай чёрный (напиток),MAPPED_RULE,0.95
Лепешка,лепешка,лепешка,FOOD,PRODUCT,Выпечка | Домашняя выпечка,5,5,KAIDA-P0687,Лепёшка,MAPPED_AUTO,0.99
Лимон,лимон,лимон,FOOD,PRODUCT,БАР | Дополнительно: | Дополнительное | Остальное,5,5,KAIDA-P0454,Лимон,MAPPED_AUTO,0.99
Мед,мед,мед,FOOD,PRODUCT,БАР | Дополнительно: | Дополнительное | Остальное,5,5,KAIDA-P0696,Мёд цветочный,MAPPED_AUTO_LEGACY,1.0
Мята,мята,мята,FOOD,PRODUCT,Ice Latte | БАР | Дополнительное,5,5,KAIDA-P0399,Мята,MAPPED_AUTO,0.99
Скумбрия,скумбрия,скумбрия,FOOD,PRODUCT,Рыба | Сашими | Суши | Хоспер,5,4,KAIDA-P0183,Скумбрия,MAPPED_AUTO,0.99
Блинчики шпинат-крем сыр,блинчики шпинат крем сыр,блинчики шпинат крем сыр,FOOD,PRODUCT,Блинчики,4,4,KAIDA-P0332,Крем-сыр,MAPPED_AUTO_LEGACY,0.96
Гречка,гречка,гречка,FOOD,PRODUCT,Гарниры,4,4,KAIDA-P0513,Гречка,MAPPED_AUTO,0.99
Креветки,креветки,креветки,FOOD,PRODUCT,Закуски к пенному | Морепродукты,4,3,KAIDA-P0217,Креветка,MAPPED_RULE,0.92
Куриная грудка под сливочным соусом,куриная грудка под сливочным соусом,куриная грудка под сливочным соусом,FOOD,READY_DISH,Вторые блюда,4,4,KAIDA-P0090,Куриная грудка,MAPPED_AUTO_LEGACY,0.96
Куриное филе со шпинатом в сливочном соусе,куриное филе со шпинатом в сливочном соусе,куриное филе со шпинатом в сливочном соусе,FOOD,READY_DISH,Горячие блюда,4,4,KAIDA-P0089,Куриное филе,MAPPED_AUTO_LEGACY,0.96
Лосось,лосось,лосось,FOOD,PRODUCT,КУХНЯ | Сашими | Суши,4,3,KAIDA-P0801,Лосось,MAPPED_RULE,0.95
Морковь,морковь,морковь,FOOD,PRODUCT,БАР | Фреш | Фреши,4,4,KAIDA-P0347,Морковь,MAPPED_AUTO,0.99
Стейк лосося с молодым картофелем (250 гр.),стейк лосося с молодым картофелем 250 гр,стейк лосося с молодым картофелем,FOOD,PRODUCT,Блюда на гриле,4,4,KAIDA-P0242,Стейк лосося,MAPPED_RULE,0.94
СТЕЙК РИБАЙ,стейк рибай,стейк рибай,FOOD,PRODUCT,Горячее | Европейская кухня | Основные блюда | стейки,4,4,KAIDA-P0017,Говяжий рибай,MAPPED_AUTO,0.97
Филе судака,филе судака,филе судака,FOOD,PRODUCT,Рыба | Свежемороженная рыба,4,3,KAIDA-P0245,Филе судака,MAPPED_RULE,0.96
Брокколи,брокколи,брокколи,FOOD,PRODUCT,Гарниры | Дополнительное,3,3,KAIDA-P0391,Брокколи,MAPPED_AUTO,0.99
грейпфрут,грейпфрут,грейпфрут,FOOD,PRODUCT,БАР | Фреш,3,3,KAIDA-P0456,Грейпфрут,MAPPED_AUTO,0.99
Дорадо,дорадо,дорадо,FOOD,PRODUCT,Основные блюда | Рыба | Свежемороженная рыба,3,3,KAIDA-P0195,Дорадо,MAPPED_AUTO,0.99
Зеленый чай,зеленый чай,зеленый чай,FOOD,PRODUCT,Фирменные чаи | Чай,3,3,KAIDA-P0725,Чай зелёный,MAPPED_AUTO,0.97
Казы,казы,казы,FOOD,PRODUCT,Закуски | КОНИНА | Мясо и полуфабрикаты,3,3,KAIDA-P0058,Казы,MAPPED_AUTO,0.99
Көк шай | Чай зеленый 800 мл,көк шай чай зеленый 800 мл,көк шай чай зеленый,FOOD,READY_DISH,Чаи | Шай,3,3,KAIDA-P0838,Чай зелёный (напиток),MAPPED_RULE,0.95
Майонез,майонез,майонез,FOOD,PRODUCT,Дополнительное | Соусы,3,3,KAIDA-P0668,Майонез,MAPPED_AUTO,0.99
Малина,малина,малина,FOOD,PRODUCT,Ice Latte | Популярный Товар,3,3,KAIDA-P0489,Малина,MAPPED_AUTO,0.99
Мидии,мидии,мидии,FOOD,PRODUCT,Мидии | Морепродукты,3,3,KAIDA-P0228,Мидии,MAPPED_AUTO,0.99
Молоко,молоко,молоко,FOOD,PRODUCT,Дополнительное | Кофе | Остальное,3,3,KAIDA-P0265,Молоко коровье,MAPPED_AUTO,0.97
Осьминог,осьминог,осьминог,FOOD,PRODUCT,Морепродукты | Сашими | Суши,3,2,KAIDA-P0235,Осьминог,MAPPED_AUTO,0.99
Персик,персик,персик,FOOD,PRODUCT,Ice Latte | Ice Tea,3,3,KAIDA-P0439,Персик,MAPPED_AUTO,0.99
Салат романо с соусом Цезарь,салат романо с соусом цезарь,салат романо с соусом цезарь,FOOD,PRODUCT,ОСНОВНОЕ МЕНЮ,3,3,KAIDA-P0410,Салат романо,MAPPED_AUTO_LEGACY,0.96
Филе курицы,филе курицы,филе курицы,FOOD,PRODUCT,Тауық еті | Хоспер,3,3,KAIDA-P0089,Куриное филе,MAPPED_AUTO,0.97
"Чай черный/зеленый 1,6L",чай черный зеленый 1 6l,чай черный зеленый,FOOD,READY_DISH,Чай,3,3,KAIDA-P0837,Чай чёрный (напиток),MAPPED_RULE,0.95
Черный чай,черный чай,черный чай,FOOD,PRODUCT,Фирменные чаи | Чай,3,3,KAIDA-P0724,Чай чёрный,MAPPED_AUTO,0.97
AMARANT Семена льна коричневого (Лён) 1 кг.,amarant семена льна коричневого лен 1 кг,amarant семена льна коричневого лен,FOOD,PRODUCT,Добавки,2,2,KAIDA-P0590,Семена льна,MAPPED_AUTO_LEGACY,0.96
AMARANT Семена Чиа банка 200 гр.,amarant семена чиа банка 200 гр,amarant семена чиа банка,FOOD,PRODUCT,Добавки,2,2,KAIDA-P0591,Семена чиа,MAPPED_AUTO_LEGACY,0.96
TURAN Вода минеральная газированная 500 мл,turan вода минеральная газированная 500 мл,turan вода минеральная газированная,FOOD,READY_DISH,Безалкогольные напитки,2,1,KAIDA-P0712,Вода минеральная,MAPPED_AUTO_LEGACY,0.96
TURAN Вода минеральная негазированная 500 мл,turan вода минеральная негазированная 500 мл,turan вода минеральная негазированная,FOOD,READY_DISH,Безалкогольные напитки,2,1,KAIDA-P0712,Вода минеральная,MAPPED_AUTO_LEGACY,0.96
АВОКАДО,авокадо,авокадо,FOOD,PRODUCT,КУХНЯ,2,2,KAIDA-P0462,Авокадо,MAPPED_AUTO,0.99
Вишня,вишня,вишня,FOOD,PRODUCT,Ice Latte,2,2,KAIDA-P0446,Вишня,MAPPED_AUTO,0.99
Гребешок,гребешок,гребешок,FOOD,PRODUCT,Сашими | Суши,2,1,KAIDA-P0230,Морской гребешок,MAPPED_AUTO,0.97
Груша,груша,груша,FOOD,PRODUCT,Ice Latte,2,2,KAIDA-P0437,Груша,MAPPED_AUTO,0.99
Дыня,дыня,дыня,FOOD,PRODUCT,Ice Latte,2,2,KAIDA-P0480,Дыня,MAPPED_AUTO,0.99
Жая,жая,жая,FOOD,PRODUCT,Жылқы еті | КОНИНА,2,2,KAIDA-P0057,Жая,MAPPED_AUTO,0.99
Икра Кеты 1кг,икра кеты 1кг,икра кеты,FOOD,PRODUCT,Икра,2,2,KAIDA-P0254,Икра кеты,MAPPED_RULE,0.97
Имбирь,имбирь,имбирь,FOOD,PRODUCT,БАР,2,2,KAIDA-P0356,Имбирь корень,MAPPED_AUTO,0.97
ИНДЕЙКА,индейка,индейка,FOOD,PRODUCT,КУХНЯ,2,2,KAIDA-P0100,Индейка,MAPPED_AUTO,0.99
йогурт,йогурт,йогурт,FOOD,PRODUCT,КУХНЯ,2,2,KAIDA-P0279,Йогурт,MAPPED_AUTO,0.99
Каймак,каймак,каймак,FOOD,PRODUCT,Соусы,2,2,KAIDA-P0276,Каймак,MAPPED_AUTO,0.99
Кокос,кокос,кокос,FOOD,PRODUCT,Ice Latte,2,2,KAIDA-P0474,Кокос,MAPPED_AUTO,0.99
корица,корица,корица,FOOD,PRODUCT,БАР,2,2,KAIDA-P0626,Корица,MAPPED_AUTO,0.99
Креветка,креветка,креветка,FOOD,PRODUCT,Сашими | Суши,2,1,KAIDA-P0217,Креветка,MAPPED_RULE,0.92
куриное бедро су-вид,куриное бедро су вид,куриное бедро су вид,FOOD,READY_DISH,КУХНЯ,2,2,KAIDA-P0091,Куриное бедро,MAPPED_AUTO_LEGACY,0.96
лайм,лайм,лайм,FOOD,PRODUCT,БАР,2,2,KAIDA-P0455,Лайм,MAPPED_AUTO,0.99
Лемонграсс,лемонграсс,лемонграсс,FOOD,PRODUCT,Чай,2,2,KAIDA-P0417,Лемонграсс,MAPPED_AUTO,0.99
Лесной орех,лесной орех,лесной орех,FOOD,PRODUCT,Ice Latte,2,2,KAIDA-P0577,Фундук,MAPPED_AUTO,0.97
Лесной орех 1шт,лесной орех 1шт,лесной орех,FOOD,PRODUCT,Ассортимент эссенций,2,2,KAIDA-P0577,Фундук,MAPPED_AUTO,0.9
Манго,манго,манго,FOOD,PRODUCT,Ice Latte,2,2,KAIDA-P0461,Манго,MAPPED_AUTO,0.99
Масло Авокадо 1 л,масло авокадо 1 л,масло авокадо,FOOD,PRODUCT,Остальное,2,1,KAIDA-P0654,Масло авокадо,MAPPED_AUTO,0.93
Масло сливочное /40 гр,масло сливочное 40 гр,масло сливочное,FOOD,PRODUCT,КУХНЯ,2,2,KAIDA-P0292,Масло сливочное,MAPPED_AUTO,0.93
"Масло сливочное 0,2кг 82.5%",масло сливочное 0 2кг 82 5,масло сливочное,FOOD,PRODUCT,Товары,2,2,KAIDA-P0292,Масло сливочное,MAPPED_AUTO,0.93
Минтай,минтай,минтай,FOOD,PRODUCT,Рыба | Свежемороженная рыба,2,2,KAIDA-P0188,Минтай,MAPPED_AUTO,0.99
Морской коктейль,морской коктейль,морской коктейль,FOOD,PRODUCT,Морепродукты,2,2,KAIDA-P0237,Морской коктейль,MAPPED_AUTO,0.99
Сайра,сайра,сайра,FOOD,PRODUCT,Консервы,2,1,KAIDA-P0204,Сайра,MAPPED_AUTO,0.99
Саумал,саумал,саумал,FOOD,PRODUCT,Молочные продукты | Национальные напитки,2,2,KAIDA-P0752,Кумыс саумал,MAPPED_AUTO,0.97
Сибас,сибас,сибас,FOOD,PRODUCT,Рыба,2,2,KAIDA-P0196,Сибас,MAPPED_AUTO,0.99
Сливки,сливки,сливки,FOOD,PRODUCT,БАР,2,2,KAIDA-P0272,Сливки,MAPPED_AUTO,0.99
Сливочное масло,сливочное масло,сливочное масло,FOOD,PRODUCT,Соусы,2,2,KAIDA-P0292,Масло сливочное,MAPPED_AUTO,0.97
стейк лосося,стейк лосося,стейк лосося,FOOD,PRODUCT,КУХНЯ,2,2,KAIDA-P0242,Стейк лосося,MAPPED_RULE,0.94
Тархун,тархун,тархун,FOOD,READY_DISH,БЕЗАЛКОГОЛЬНЫЕ НАПИТКИ | Лимонады 1л,2,2,KAIDA-P0722,Тархун напиток,MAPPED_RULE,0.99
Угорь,угорь,угорь,FOOD,PRODUCT,Рыба горячего копчения | Сашими,2,2,KAIDA-P0803,Угорь,MAPPED_RULE,0.94
Филе индейки под сыром,филе индейки под сыром,филе индейки под сыром,FOOD,PRODUCT,Хоспер,2,2,KAIDA-P0101,Филе индейки,MAPPED_AUTO_LEGACY,0.96
Филе судака в кляре,филе судака в кляре,филе судака в кляре,FOOD,PRODUCT,Салаты и закуски,2,2,KAIDA-P0245,Филе судака,MAPPED_RULE,0.96
Фисташки,фисташки,фисташки,FOOD,PRODUCT,Закуски | Остальное,2,2,KAIDA-P0578,Фисташки,MAPPED_AUTO,0.99
Форель радужная крупная из Кыргызстана,форель радужная крупная из кыргызстана,форель радужная крупная из кыргызстана,FOOD,PRODUCT,Охлаждённая рыба | Свежемороженая продукция,2,1,KAIDA-P0163,Форель радужная,MAPPED_AUTO_LEGACY,0.96
ШАМПИНЬОНЫ,шампиньоны,шампиньоны,FOOD,PRODUCT,КУХНЯ,2,2,KAIDA-P0418,Шампиньоны,MAPPED_AUTO,0.99
"3 ЖЕЛАНИЯ Хрен столовый 7,5% 140 г",3 желания хрен столовый 7 5 140 г,3 желания хрен столовый,FOOD,PRODUCT,Деликатесы,1,1,KAIDA-P0671,Хрен столовый,MAPPED_AUTO_LEGACY,0.96
4LIFE Соль морская крупная йодированная 1 кг,4life соль морская крупная йодированная 1 кг,4life соль морская крупная йодированная,FOOD,PRODUCT,Бакалея,1,1,KAIDA-P0611,Соль морская,MAPPED_AUTO_LEGACY,0.96
4LIFE Соль морская мелкая йодированная 1 кг,4life соль морская мелкая йодированная 1 кг,4life соль морская мелкая йодированная,FOOD,PRODUCT,Бакалея,1,1,KAIDA-P0611,Соль морская,MAPPED_AUTO_LEGACY,0.96
"A'SU Вода газированная 1,5 л",a su вода газированная 1 5 л,a su вода газированная,FOOD,READY_DISH,Безалкогольные напитки,1,1,KAIDA-P0713,Вода газированная,MAPPED_AUTO_LEGACY,0.96
A'SU Вода газированная 500 мл,a su вода газированная 500 мл,a su вода газированная,FOOD,READY_DISH,Безалкогольные напитки,1,1,KAIDA-P0713,Вода газированная,MAPPED_AUTO_LEGACY,0.96
A'SU Вода питьевая 500 мл,a su вода питьевая 500 мл,a su вода питьевая,FOOD,READY_DISH,Безалкогольные напитки,1,1,KAIDA-P0711,Вода питьевая,MAPPED_AUTO_LEGACY,0.96
A'SU Вода питьевая газированная 1 л,a su вода питьевая газированная 1 л,a su вода питьевая газированная,FOOD,READY_DISH,Безалкогольные напитки,1,1,KAIDA-P0711,Вода питьевая,MAPPED_AUTO_LEGACY,0.96
"A'SU Вода питьевая негазированная лимон 1,5 л",a su вода питьевая негазированная лимон 1 5 л,a su вода питьевая негазированная лимон,FOOD,READY_DISH,Безалкогольные напитки,1,1,KAIDA-P0711,Вода питьевая,MAPPED_AUTO_LEGACY,0.96
A'SU Негазированная вода питьевая 1 л,a su негазированная вода питьевая 1 л,a su негазированная вода питьевая,FOOD,READY_DISH,Безалкогольные напитки,1,1,KAIDA-P0711,Вода питьевая,MAPPED_AUTO_LEGACY,0.96
ADAL Масло сливочное Продукты наших ферм 180 г,adal масло сливочное продукты наших ферм 180 г,adal масло сливочное продукты наших ферм,FOOD,PRODUCT,Молочная продукция,1,1,KAIDA-P0292,Масло сливочное,MAPPED_AUTO_LEGACY,0.96
AHMAD TEA Чай зеленый 200 г,ahmad tea чай зеленый 200 г,ahmad tea чай зеленый,FOOD,READY_DISH,Горячие напитки,1,1,KAIDA-P0725,Чай зелёный,MAPPED_AUTO_LEGACY,0.96
AHMAD TEA Чай зеленый китайский 2 г*40 шт,ahmad tea чай зеленый китайский 2 г 40 шт,ahmad tea чай зеленый китайский,FOOD,READY_DISH,Горячие напитки,1,1,KAIDA-P0725,Чай зелёный,MAPPED_AUTO_LEGACY,0.96
AHMAD TEA Чай зеленый с жасмином 2 г*25 шт,ahmad tea чай зеленый с жасмином 2 г 25 шт,ahmad tea чай зеленый с жасмином,FOOD,READY_DISH,Горячие напитки,1,1,KAIDA-P0725,Чай зелёный,MAPPED_AUTO_LEGACY,0.96
AHMAD TEA Чай черный english breakfast 2 г*100 шт,ahmad tea чай черный english breakfast 2 г 100 шт,ahmad tea чай черный english breakfast,FOOD,READY_DISH,Горячие напитки,1,1,KAIDA-P0724,Чай чёрный,MAPPED_AUTO_LEGACY,0.96
AHMAD TEA Чай черный english breakfast 2г*25 шт,ahmad tea чай черный english breakfast 2г 25 шт,ahmad tea чай черный english breakfast,FOOD,READY_DISH,Горячие напитки,1,1,KAIDA-P0724,Чай чёрный,MAPPED_AUTO_LEGACY,0.96
AHMAD TEA Чай черный классический 2 г*100 шт,ahmad tea чай черный классический 2 г 100 шт,ahmad tea чай черный классический,FOOD,READY_DISH,Горячие напитки,1,1,KAIDA-P0724,Чай чёрный,MAPPED_AUTO_LEGACY,0.96
AHMAD TEA Чай черный классический 2 г*40 шт,ahmad tea чай черный классический 2 г 40 шт,ahmad tea чай черный классический,FOOD,READY_DISH,Горячие напитки,1,1,KAIDA-P0724,Чай чёрный,MAPPED_AUTO_LEGACY,0.96
AHMAD TEA Чай черный классический 200 г,ahmad tea чай черный классический 200 г,ahmad tea чай черный классический,FOOD,READY_DISH,Горячие напитки,1,1,KAIDA-P0724,Чай чёрный,MAPPED_AUTO_LEGACY,0.96
AHMAD TEA Чай черный цейлонский 2 г*25 шт,ahmad tea чай черный цейлонский 2 г 25 шт,ahmad tea чай черный цейлонский,FOOD,READY_DISH,Горячие напитки,1,1,KAIDA-P0724,Чай чёрный,MAPPED_AUTO_LEGACY,0.96
"AI TEA Безалкогольный напиток черный чай со вкусом малина 1,0 л",ai tea безалкогольный напиток черный чай со вкусом малина 1 0 л,ai tea безалкогольный напиток черный чай со вкусом малина,FOOD,READY_DISH,Безалкогольные напитки,1,1,KAIDA-P0724,Чай чёрный,MAPPED_AUTO_LEGACY,0.93
AI TEA Чай белый персик-жасмин 500 мл,ai tea чай белый персик жасмин 500 мл,ai tea чай белый персик жасмин,FOOD,READY_DISH,Безалкогольные напитки,1,1,KAIDA-P0726,Чай белый,MAPPED_AUTO_LEGACY,0.96
AI TEA Чай черный малина-витамин С 500 мл,ai tea чай черный малина витамин с 500 мл,ai tea чай черный малина витамин с,FOOD,READY_DISH,Безалкогольные напитки,1,1,KAIDA-P0724,Чай чёрный,MAPPED_AUTO_LEGACY,0.96
ALEX SARYAGASH Вода минеральная газированная 1 л,alex saryagash вода минеральная газированная 1 л,alex saryagash вода минеральная газированная,FOOD,READY_DISH,Безалкогольные напитки,1,1,KAIDA-P0712,Вода минеральная,MAPPED_AUTO_LEGACY,0.96
"ALEX SARYAGASH Вода минеральная газированная 1,5 л",alex saryagash вода минеральная газированная 1 5 л,alex saryagash вода минеральная газированная,FOOD,READY_DISH,Безалкогольные напитки,1,1,KAIDA-P0712,Вода минеральная,MAPPED_AUTO_LEGACY,0.96
AMOY Соевый соус 500 мл,amoy соевый соус 500 мл,amoy соевый соус,FOOD,PRODUCT,Бакалея,1,1,KAIDA-P0663,Соевый соус,MAPPED_AUTO_LEGACY,0.96
aro Масло оливковое для готовки 1 л,aro масло оливковое для готовки 1 л,aro масло оливковое для готовки,FOOD,PRODUCT,Бакалея,1,1,KAIDA-P0645,Масло оливковое,MAPPED_AUTO_LEGACY,0.96
aro Масло подсолнечное 1 л,aro масло подсолнечное 1 л,aro масло подсолнечное,FOOD,PRODUCT,Бакалея,1,1,KAIDA-P0643,Масло подсолнечное,MAPPED_AUTO_LEGACY,0.96
"aro Огурцы маринованные 1,5 кг",aro огурцы маринованные 1 5 кг,aro огурцы маринованные,FOOD,PRODUCT,Консервы,1,1,KAIDA-P0760,Огурцы маринованные,MAPPED_AUTO_LEGACY,0.96
aro Огурцы маринованные 3 кг,aro огурцы маринованные 3 кг,aro огурцы маринованные,FOOD,PRODUCT,Консервы,1,1,KAIDA-P0760,Огурцы маринованные,MAPPED_AUTO_LEGACY,0.96
aro Огурцы маринованные 680 г,aro огурцы маринованные 680 г,aro огурцы маринованные,FOOD,PRODUCT,Консервы,1,1,KAIDA-P0760,Огурцы маринованные,MAPPED_AUTO_LEGACY,0.96
"aro Оливки черные без косточки 4,25 л",aro оливки черные без косточки 4 25 л,aro оливки черные без косточки,FOOD,PRODUCT,Консервы,1,1,KAIDA-P0769,Маслины,MAPPED_AUTO_LEGACY,0.93
aro Томатная паста 25% ГОСТ 65 г,aro томатная паста 25 гост 65 г,aro томатная паста гост,FOOD,PRODUCT,Консервы,1,1,KAIDA-P0678,Томатная паста,MAPPED_AUTO_LEGACY,0.96
aro Фасоль белая в томатном соусе 425 мл,aro фасоль белая в томатном соусе 425 мл,aro фасоль белая в томатном соусе,FOOD,PRODUCT,Консервы,1,1,KAIDA-P0560,Фасоль белая,MAPPED_AUTO_LEGACY,0.96
BAYCE Зеленый чай tea bags 2 г*25 шт,bayce зеленый чай tea bags 2 г 25 шт,bayce зеленый чай tea bags,FOOD,READY_DISH,Горячие напитки,1,1,KAIDA-P0725,Чай зелёный,MAPPED_AUTO_LEGACY,0.93
BETA Чай черный мейджик вечерний 250 г,beta чай черный мейджик вечерний 250 г,beta чай черный мейджик вечерний,FOOD,READY_DISH,Горячие напитки,1,1,KAIDA-P0724,Чай чёрный,MAPPED_AUTO_LEGACY,0.96
BONAQUA Вода газированная 1 л,bonaqua вода газированная 1 л,bonaqua вода газированная,FOOD,READY_DISH,Безалкогольные напитки,1,1,KAIDA-P0713,Вода газированная,MAPPED_AUTO_LEGACY,0.96
Bonduelle Фасоль белая 425 мл,bonduelle фасоль белая 425 мл,bonduelle фасоль белая,FOOD,PRODUCT,Консервы,1,1,KAIDA-P0560,Фасоль белая,MAPPED_AUTO_LEGACY,0.96
Bonduelle Фасоль белая в томатном соусе 425 мл,bonduelle фасоль белая в томатном соусе 425 мл,bonduelle фасоль белая в томатном соусе,FOOD,PRODUCT,Консервы,1,1,KAIDA-P0560,Фасоль белая,MAPPED_AUTO_LEGACY,0.96
Bonduelle Фасоль красная 425 мл,bonduelle фасоль красная 425 мл,bonduelle фасоль красная,FOOD,PRODUCT,Консервы,1,1,KAIDA-P0561,Фасоль красная,MAPPED_AUTO_LEGACY,0.96
Bonduelle Фасоль красная в томатном соусе чили 425 мл,bonduelle фасоль красная в томатном соусе чили 425 мл,bonduelle фасоль красная в томатном соусе чили,FOOD,PRODUCT,Консервы,1,1,KAIDA-P0561,Фасоль красная,MAPPED_AUTO_LEGACY,0.96
BONFESTO Сыр мягкий маскарпона 78% 500 г,bonfesto сыр мягкий маскарпона 78 500 г,bonfesto сыр мягкий маскарпона,FOOD,PRODUCT,Молочная продукция,1,1,KAIDA-P0301,Сыр мягкий,MAPPED_AUTO_LEGACY,0.96
BORJOMI Вода минеральная 1 л,borjomi вода минеральная 1 л,borjomi вода минеральная,FOOD,READY_DISH,Безалкогольные напитки,1,1,KAIDA-P0712,Вода минеральная,MAPPED_AUTO_LEGACY,0.96
BORJOMI Вода минеральная 500 мл,borjomi вода минеральная 500 мл,borjomi вода минеральная,FOOD,READY_DISH,Безалкогольные напитки,1,1,KAIDA-P0712,Вода минеральная,MAPPED_AUTO_LEGACY,0.96
BORJOMI Вода минеральная 750 мл,borjomi вода минеральная 750 мл,borjomi вода минеральная,FOOD,READY_DISH,Безалкогольные напитки,1,1,KAIDA-P0712,Вода минеральная,MAPPED_AUTO_LEGACY,0.96
"BORJOMI Вода минеральная вода 1,25 л",borjomi вода минеральная вода 1 25 л,borjomi вода минеральная вода,FOOD,READY_DISH,Безалкогольные напитки,1,1,KAIDA-P0712,Вода минеральная,MAPPED_AUTO_LEGACY,0.96
BORJOMI Вода минеральная ж/б 330 мл,borjomi вода минеральная ж б 330 мл,borjomi вода минеральная ж б,FOOD,READY_DISH,Безалкогольные напитки,1,1,KAIDA-P0712,Вода минеральная,MAPPED_AUTO_LEGACY,0.96
BORJOMI Вода минеральная с/б 330 мл,borjomi вода минеральная с б 330 мл,borjomi вода минеральная с б,FOOD,READY_DISH,Безалкогольные напитки,1,1,KAIDA-P0712,Вода минеральная,MAPPED_AUTO_LEGACY,0.96
BORJOMI Вода минеральная с/б 500 мл,borjomi вода минеральная с б 500 мл,borjomi вода минеральная с б,FOOD,READY_DISH,Безалкогольные напитки,1,1,KAIDA-P0712,Вода минеральная,MAPPED_AUTO_LEGACY,0.96
BOSZHAN Говяжье сердце замороженое,boszhan говяжье сердце замороженое,boszhan говяжье сердце замороженое,FOOD,PRODUCT,Замороженное мясо,1,1,KAIDA-P0116,Говяжье сердце,MAPPED_AUTO_LEGACY,0.96
CADEL MONTE Масло оливковое pomace cade стекляная бутылка 1 л,cadel monte масло оливковое pomace cade стекляная бутылка 1 л,cadel monte масло оливковое pomace cade стекляная бутылка,FOOD,PRODUCT,Бакалея,1,1,KAIDA-P0645,Масло оливковое,MAPPED_AUTO_LEGACY,0.96
CARTE NOIRE Кофе растворимый 150 г,carte noire кофе растворимый 150 г,carte noire кофе растворимый,FOOD,READY_DISH,Горячие напитки,1,1,KAIDA-P0735,Кофе растворимый,MAPPED_AUTO_LEGACY,0.96
CARTE NOIRE Кофе растворимый 75 г,carte noire кофе растворимый 75 г,carte noire кофе растворимый,FOOD,READY_DISH,Горячие напитки,1,1,KAIDA-P0735,Кофе растворимый,MAPPED_AUTO_LEGACY,0.96
CARTE NOIRE Кофе растворимый 95 г,carte noire кофе растворимый 95 г,carte noire кофе растворимый,FOOD,READY_DISH,Горячие напитки,1,1,KAIDA-P0735,Кофе растворимый,MAPPED_AUTO_LEGACY,0.96
CHAMPION Чай черный закат кении 250 г,champion чай черный закат кении 250 г,champion чай черный закат кении,FOOD,READY_DISH,Горячие напитки,1,1,KAIDA-P0724,Чай чёрный,MAPPED_AUTO_LEGACY,0.96
CHAMPION Чай черный закат кении 500 г,champion чай черный закат кении 500 г,champion чай черный закат кении,FOOD,READY_DISH,Горячие напитки,1,1,KAIDA-P0724,Чай чёрный,MAPPED_AUTO_LEGACY,0.96
CHAMPION Чай черный цейлонский 250 г,champion чай черный цейлонский 250 г,champion чай черный цейлонский,FOOD,READY_DISH,Горячие напитки,1,1,KAIDA-P0724,Чай чёрный,MAPPED_AUTO_LEGACY,0.96
DALINA PREMIUM Вода питьевая газированная 500 мл,dalina premium вода питьевая газированная 500 мл,dalina premium вода питьевая газированная,FOOD,READY_DISH,Безалкогольные напитки,1,1,KAIDA-P0711,Вода питьевая,MAPPED_AUTO_LEGACY,0.96
DALINA PREMIUM Вода питьевая негазированная 1 л,dalina premium вода питьевая негазированная 1 л,dalina premium вода питьевая негазированная,FOOD,READY_DISH,Безалкогольные напитки,1,1,KAIDA-P0711,Вода питьевая,MAPPED_AUTO_LEGACY,0.96
"DALINA PREMIUM Вода питьевая негазированная 1,5 л",dalina premium вода питьевая негазированная 1 5 л,dalina premium вода питьевая негазированная,FOOD,READY_DISH,Безалкогольные напитки,1,1,KAIDA-P0711,Вода питьевая,MAPPED_AUTO_LEGACY,0.96
DALINA PREMIUM Вода питьевая негазированная 6 л,dalina premium вода питьевая негазированная 6 л,dalina premium вода питьевая негазированная,FOOD,READY_DISH,Безалкогольные напитки,1,1,KAIDA-P0711,Вода питьевая,MAPPED_AUTO_LEGACY,0.96
DE NIGRIS Бальзамический уксус модены с/б 250 мл,de nigris бальзамический уксус модены с б 250 мл,de nigris бальзамический уксус модены с б,FOOD,PRODUCT,Консервы,1,1,KAIDA-P0662,Бальзамический уксус,MAPPED_AUTO_LEGACY,0.96
"DEP Йогурт лесной орех 2,5% 500 г",dep йогурт лесной орех 2 5 500 г,dep йогурт лесной орех,FOOD,PRODUCT,Молочная продукция,1,1,KAIDA-P0577,Фундук,MAPPED_AUTO_LEGACY,0.93
DIAMANT Тесто слоёное 1 кг,diamant тесто слоеное 1 кг,diamant тесто слоеное,FOOD,PRODUCT,Глубокая заморозка,1,1,KAIDA-P0556,Тесто слоёное,MAPPED_AUTO_LEGACY,0.96
DZIUGAS Сыр твердый 40% 100 г,dziugas сыр твердый 40 100 г,dziugas сыр твердый,FOOD,PRODUCT,Молочная продукция,1,1,KAIDA-P0299,Сыр твёрдый,MAPPED_AUTO_LEGACY,0.96
Fine Life Тесто слоеное бездрожжевое 500 г,fine life тесто слоеное бездрожжевое 500 г,fine life тесто слоеное бездрожжевое,FOOD,PRODUCT,Глубокая заморозка,1,1,KAIDA-P0556,Тесто слоёное,MAPPED_AUTO_LEGACY,0.96
Fine Life Тесто слоеное дрожжевое 500 г,fine life тесто слоеное дрожжевое 500 г,fine life тесто слоеное дрожжевое,FOOD,PRODUCT,Глубокая заморозка,1,1,KAIDA-P0556,Тесто слоёное,MAPPED_AUTO_LEGACY,0.96
Fine Life Фасоль белая в томатном соусе 400 г,fine life фасоль белая в томатном соусе 400 г,fine life фасоль белая в томатном соусе,FOOD,PRODUCT,Консервы,1,1,KAIDA-P0560,Фасоль белая,MAPPED_AUTO_LEGACY,0.96
Fine Life Фасоль белая консервированная 400 г,fine life фасоль белая консервированная 400 г,fine life фасоль белая консервированная,FOOD,PRODUCT,Консервы,1,1,KAIDA-P0560,Фасоль белая,MAPPED_AUTO_LEGACY,0.96
Fine Life Фасоль красная в томатном соусе 400 г,fine life фасоль красная в томатном соусе 400 г,fine life фасоль красная в томатном соусе,FOOD,PRODUCT,Консервы,1,1,KAIDA-P0561,Фасоль красная,MAPPED_AUTO_LEGACY,0.96
Fine Life Фасоль красная консервированная 400 г,fine life фасоль красная консервированная 400 г,fine life фасоль красная консервированная,FOOD,PRODUCT,Консервы,1,1,KAIDA-P0561,Фасоль красная,MAPPED_AUTO_LEGACY,0.96
"FOOD MASTER Йогурт греческий клубника 7,2% 130 г",food master йогурт греческий клубника 7 2 130 г,food master йогурт греческий клубника,FOOD,PRODUCT,Молочная продукция,1,1,KAIDA-P0280,Йогурт греческий,MAPPED_AUTO_LEGACY,0.96
"FOOD MASTER Йогурт греческий миндаль-фисташка 7,9% 130 г",food master йогурт греческий миндаль фисташка 7 9 130 г,food master йогурт греческий миндаль фисташка,FOOD,PRODUCT,Молочная продукция,1,1,KAIDA-P0280,Йогурт греческий,MAPPED_AUTO_LEGACY,0.96
"FOOD MASTER Йогурт греческий натуральный 8,4% 130 г",food master йогурт греческий натуральный 8 4 130 г,food master йогурт греческий натуральный,FOOD,PRODUCT,Молочная продукция,1,1,KAIDA-P0280,Йогурт греческий,MAPPED_AUTO_LEGACY,0.96
"FOOD MASTER Йогурт греческий натуральный 8,4% 300 г",food master йогурт греческий натуральный 8 4 300 г,food master йогурт греческий натуральный,FOOD,PRODUCT,Молочная продукция,1,1,KAIDA-P0280,Йогурт греческий,MAPPED_AUTO_LEGACY,0.96
FOOD MASTER Молочный коктейль 200 г,food master молочный коктейль 200 г,food master молочный коктейль,FOOD,PRODUCT,Молочная продукция,1,1,KAIDA-P0297,Молочный коктейль,MAPPED_AUTO_LEGACY,0.96
FRIMA Сухие сливки 500 г,frima сухие сливки 500 г,frima сухие сливки,FOOD,PRODUCT,Бакалея,1,1,KAIDA-P0296,Сухие сливки,MAPPED_AUTO_LEGACY,0.96
GLOBUS Фасоль белая 425 мл,globus фасоль белая 425 мл,globus фасоль белая,FOOD,PRODUCT,Консервы,1,1,KAIDA-P0560,Фасоль белая,MAPPED_AUTO_LEGACY,0.96
GREEN ECO Базилик зеленый живой 100 г,green eco базилик зеленый живой 100 г,green eco базилик зеленый живой,FOOD,PRODUCT,Овощи,1,1,KAIDA-P0397,Базилик зелёный,MAPPED_AUTO_LEGACY,0.96
GREENFIELD Чай зеленый с мелиссой 2 г*25 шт,greenfield чай зеленый с мелиссой 2 г 25 шт,greenfield чай зеленый с мелиссой,FOOD,READY_DISH,Горячие напитки,1,1,KAIDA-P0725,Чай зелёный,MAPPED_AUTO_LEGACY,0.96
GREENFIELD Чай черный classic breakfast 2 г*25 шт,greenfield чай черный classic breakfast 2 г 25 шт,greenfield чай черный classic breakfast,FOOD,READY_DISH,Горячие напитки,1,1,KAIDA-P0724,Чай чёрный,MAPPED_AUTO_LEGACY,0.96
GREENFIELD Чай черный листовой Earl Grey 200 г,greenfield чай черный листовой earl grey 200 г,greenfield чай черный листовой earl grey,FOOD,READY_DISH,Горячие напитки,1,1,KAIDA-P0724,Чай чёрный,MAPPED_AUTO_LEGACY,0.96
GREENFIELD Чай черный листовой цейлонский 200 г,greenfield чай черный листовой цейлонский 200 г,greenfield чай черный листовой цейлонский,FOOD,READY_DISH,Горячие напитки,1,1,KAIDA-P0724,Чай чёрный,MAPPED_AUTO_LEGACY,0.96
GREENFIELD Чай черный эрл грей 2 г*100 шт,greenfield чай черный эрл грей 2 г 100 шт,greenfield чай черный эрл грей,FOOD,READY_DISH,Горячие напитки,1,1,KAIDA-P0724,Чай чёрный,MAPPED_AUTO_LEGACY,0.96
GREENFIELD Чай черный эрл грей 2 г*25 шт,greenfield чай черный эрл грей 2 г 25 шт,greenfield чай черный эрл грей,FOOD,READY_DISH,Горячие напитки,1,1,KAIDA-P0724,Чай чёрный,MAPPED_AUTO_LEGACY,0.96
HOCHLAND Сыр плавленый ассорти ломтиками 150 г,hochland сыр плавленый ассорти ломтиками 150 г,hochland сыр плавленый ассорти ломтиками,FOOD,PRODUCT,Молочная продукция,1,1,KAIDA-P0303,Сыр плавленый,MAPPED_AUTO_LEGACY,0.96
HOCHLAND Сыр плавленый ломтиками 150 г,hochland сыр плавленый ломтиками 150 г,hochland сыр плавленый ломтиками,FOOD,PRODUCT,Молочная продукция,1,1,KAIDA-P0303,Сыр плавленый,MAPPED_AUTO_LEGACY,0.96
JARDIN Кофе молотый dessert cup Jardin 250 г,jardin кофе молотый dessert cup jardin 250 г,jardin кофе молотый dessert cup jardin,FOOD,READY_DISH,Горячие напитки,1,1,KAIDA-P0734,Кофе молотый,MAPPED_AUTO_LEGACY,0.96
JARDIN Кофе молотый espresso di milano 250 г,jardin кофе молотый espresso di milano 250 г,jardin кофе молотый espresso di milano,FOOD,READY_DISH,Горячие напитки,1,1,KAIDA-P0734,Кофе молотый,MAPPED_AUTO_LEGACY,0.96
JARDIN Кофе растворимый Colombia Medellin 150 г,jardin кофе растворимый colombia medellin 150 г,jardin кофе растворимый colombia medellin,FOOD,READY_DISH,Горячие напитки,1,1,KAIDA-P0735,Кофе растворимый,MAPPED_AUTO_LEGACY,0.96
JARDIN Кофе растворимый Guatemala Atitlan 150 г,jardin кофе растворимый guatemala atitlan 150 г,jardin кофе растворимый guatemala atitlan,FOOD,READY_DISH,Горячие напитки,1,1,KAIDA-P0735,Кофе растворимый,MAPPED_AUTO_LEGACY,0.96
KAZBEEF стейк Рибай Select охлажденный кг,kazbeef стейк рибай select охлажденный кг,kazbeef стейк рибай select охлажденный кг,FOOD,PRODUCT,Свежее мясо,1,1,KAIDA-P0017,Говяжий рибай,MAPPED_AUTO_LEGACY,0.93
KOTANYI Куркума молотая пакет 20 г,kotanyi куркума молотая пакет 20 г,kotanyi куркума молотая пакет,FOOD,PRODUCT,Бакалея,1,1,KAIDA-P0624,Куркума молотая,MAPPED_AUTO_LEGACY,0.96
KOTANYI Паприка копченая молотая 25 г,kotanyi паприка копченая молотая 25 г,kotanyi паприка копченая молотая,FOOD,PRODUCT,Бакалея,1,1,KAIDA-P0619,Паприка копчёная,MAPPED_AUTO_LEGACY,0.96
KOTANYI Перец черный горошек 20 г,kotanyi перец черный горошек 20 г,kotanyi перец черный горошек,FOOD,PRODUCT,Бакалея,1,1,KAIDA-P0615,Перец чёрный,MAPPED_AUTO_LEGACY,0.96
KOTANYI Перец черный мельница 36 г,kotanyi перец черный мельница 36 г,kotanyi перец черный мельница,FOOD,PRODUCT,Бакалея,1,1,KAIDA-P0615,Перец чёрный,MAPPED_AUTO_LEGACY,0.96
KOTANYI Перец черный молотый 20 г,kotanyi перец черный молотый 20 г,kotanyi перец черный молотый,FOOD,PRODUCT,Бакалея,1,1,KAIDA-P0615,Перец чёрный,MAPPED_AUTO_LEGACY,0.96
KOTANYI Приправа смесь перцев 35 г,kotanyi приправа смесь перцев 35 г,kotanyi приправа смесь перцев,FOOD,PRODUCT,Бакалея,1,1,KAIDA-P0642,Смесь перцев,MAPPED_AUTO_LEGACY,0.96
KOTANYI Смесь перцев дробленая 12 г,kotanyi смесь перцев дробленая 12 г,kotanyi смесь перцев дробленая,FOOD,PRODUCT,Бакалея,1,1,KAIDA-P0642,Смесь перцев,MAPPED_AUTO_LEGACY,0.96
KOTANYI Соль морская 92 г,kotanyi соль морская 92 г,kotanyi соль морская,FOOD,PRODUCT,Бакалея,1,1,KAIDA-P0611,Соль морская,MAPPED_AUTO_LEGACY,0.96
LA MASSERIA Масло оливковое ev железная банка 5 л,la masseria масло оливковое ev железная банка 5 л,la masseria масло оливковое ev железная банка,FOOD,PRODUCT,Бакалея,1,1,KAIDA-P0645,Масло оливковое,MAPPED_AUTO_LEGACY,0.96
"lactel Молоко безлактозное легкое утро 2,5% 1 л",lactel молоко безлактозное легкое утро 2 5 1 л,lactel молоко безлактозное легкое утро,FOOD,PRODUCT,Молочная продукция,1,1,KAIDA-P0271,Молоко безлактозное,MAPPED_AUTO_LEGACY,0.96
Maggi Приправа для сочной курицы прованские травы 30 г,maggi приправа для сочной курицы прованские травы 30 г,maggi приправа для сочной курицы прованские травы,FOOD,PRODUCT,Бакалея,1,1,KAIDA-P0641,Прованские травы,MAPPED_AUTO_LEGACY,0.96
MAKFA Горох колотый 800 г,makfa горох колотый 800 г,makfa горох колотый,FOOD,PRODUCT,Бакалея,1,1,KAIDA-P0566,Горох колотый,MAPPED_AUTO_LEGACY,0.96
MAKFA Мука пшеничная в/с 2 кг,makfa мука пшеничная в с 2 кг,makfa мука пшеничная в с,FOOD,PRODUCT,Бакалея,1,1,KAIDA-P0532,Мука пшеничная,MAPPED_AUTO_LEGACY,0.96
MAKFA Перловая крупа 800 г,makfa перловая крупа 800 г,makfa перловая крупа,FOOD,PRODUCT,Бакалея,1,1,KAIDA-P0518,Перловка,MAPPED_AUTO_LEGACY,0.93
MAREMAN Соль морская поварская пищ 1 кг,mareman соль морская поварская пищ 1 кг,mareman соль морская поварская пищ,FOOD,PRODUCT,Бакалея,1,1,KAIDA-P0611,Соль морская,MAPPED_AUTO_LEGACY,0.96
"MAXI ЧАЙ Зеленый грейпфрут 1,2 л",maxi чай зеленый грейпфрут 1 2 л,maxi чай зеленый грейпфрут,FOOD,READY_DISH,Безалкогольные напитки,1,1,KAIDA-P0725,Чай зелёный,MAPPED_AUTO_LEGACY,0.96
"MAXI ЧАЙ Напиток зеленый чай и лимон 1,2 л",maxi чай напиток зеленый чай и лимон 1 2 л,maxi чай напиток зеленый чай и лимон,FOOD,READY_DISH,Безалкогольные напитки,1,1,KAIDA-P0725,Чай зелёный,MAPPED_AUTO_LEGACY,0.93
"MAXI ЧАЙ Напиток черный чай со вкусом лайм и мята 1,2 л",maxi чай напиток черный чай со вкусом лайм и мята 1 2 л,maxi чай напиток черный чай со вкусом лайм и мята,FOOD,READY_DISH,Безалкогольные напитки,1,1,KAIDA-P0724,Чай чёрный,MAPPED_AUTO_LEGACY,0.93
"MAXI ЧАЙ Черный клубника 1,2 л",maxi чай черный клубника 1 2 л,maxi чай черный клубника,FOOD,READY_DISH,Безалкогольные напитки,1,1,KAIDA-P0724,Чай чёрный,MAPPED_AUTO_LEGACY,0.96
"MAXI ЧАЙ Черный лесные ягоды 1,2 л",maxi чай черный лесные ягоды 1 2 л,maxi чай черный лесные ягоды,FOOD,READY_DISH,Безалкогольные напитки,1,1,KAIDA-P0867,Торт Чёрный лес,MAPPED_RULE,0.95
METRO Chef Бальзамический уксус модена 1 л,metro chef бальзамический уксус модена 1 л,metro chef бальзамический уксус модена,FOOD,PRODUCT,Консервы,1,1,KAIDA-P0662,Бальзамический уксус,MAPPED_AUTO_LEGACY,0.96
"METRO Chef Замороженная кукуруза в початках полуфабрикат 2,5 кг",metro chef замороженная кукуруза в початках полуфабрикат 2 5 кг,metro chef замороженная кукуруза в початках полуфабрикат,FOOD,PRODUCT,Глубокая заморозка,1,1,KAIDA-P0382,Кукуруза свежая,MAPPED_AUTO_LEGACY,0.93
"METRO Chef Замороженная цветная капуста 40/60 2,5 кг",metro chef замороженная цветная капуста 40 60 2 5 кг,metro chef замороженная цветная капуста,FOOD,PRODUCT,Глубокая заморозка,1,1,KAIDA-P0390,Цветная капуста,MAPPED_AUTO_LEGACY,0.96
METRO Chef Имбирь молотый 390 г,metro chef имбирь молотый 390 г,metro chef имбирь молотый,FOOD,PRODUCT,Бакалея,1,1,KAIDA-P0625,Имбирь молотый,MAPPED_AUTO_LEGACY,0.96
METRO Chef Куркума молотая 455 г,metro chef куркума молотая 455 г,metro chef куркума молотая,FOOD,PRODUCT,Бакалея,1,1,KAIDA-P0624,Куркума молотая,MAPPED_AUTO_LEGACY,0.96
METRO Chef Лавровый лист 40 г,metro chef лавровый лист 40 г,metro chef лавровый лист,FOOD,PRODUCT,Бакалея,1,1,KAIDA-P0635,Лавровый лист,MAPPED_AUTO_LEGACY,0.96
METRO Chef Морской коктейль свежемороженый 1 кг,metro chef морской коктейль свежемороженый 1 кг,metro chef морской коктейль свежемороженый,FOOD,PRODUCT,Замороженная рыба,1,1,KAIDA-P0237,Морской коктейль,MAPPED_AUTO_LEGACY,0.96
METRO Chef Огурцы маринованные стерилизованные 680 г,metro chef огурцы маринованные стерилизованные 680 г,metro chef огурцы маринованные стерилизованные,FOOD,PRODUCT,Консервы,1,1,KAIDA-P0760,Огурцы маринованные,MAPPED_AUTO_LEGACY,0.96
METRO Chef Огурцы соленые стерилизованные 680 г,metro chef огурцы соленые стерилизованные 680 г,metro chef огурцы соленые стерилизованные,FOOD,PRODUCT,Консервы,1,1,KAIDA-P0759,Огурцы солёные,MAPPED_AUTO_LEGACY,0.96
METRO Chef Паприка копченая 195 г,metro chef паприка копченая 195 г,metro chef паприка копченая,FOOD,PRODUCT,Бакалея,1,1,KAIDA-P0619,Паприка копчёная,MAPPED_AUTO_LEGACY,0.96
METRO Chef Паприка сладкая молотая 500 г,metro chef паприка сладкая молотая 500 г,metro chef паприка сладкая молотая,FOOD,PRODUCT,Бакалея,1,1,KAIDA-P0618,Паприка сладкая,MAPPED_AUTO_LEGACY,0.96
METRO Chef Перец белый молотый 550 г,metro chef перец белый молотый 550 г,metro chef перец белый молотый,FOOD,PRODUCT,Бакалея,1,1,KAIDA-P0616,Перец белый,MAPPED_AUTO_LEGACY,0.96
METRO Chef Перец черный горошек 500 г,metro chef перец черный горошек 500 г,metro chef перец черный горошек,FOOD,PRODUCT,Бакалея,1,1,KAIDA-P0615,Перец чёрный,MAPPED_AUTO_LEGACY,0.96
METRO Chef Перец черный дробленый 500 г,metro chef перец черный дробленый 500 г,metro chef перец черный дробленый,FOOD,PRODUCT,Бакалея,1,1,KAIDA-P0615,Перец чёрный,MAPPED_AUTO_LEGACY,0.96
METRO Chef Перец черный молотый 520 г,metro chef перец черный молотый 520 г,metro chef перец черный молотый,FOOD,PRODUCT,Бакалея,1,1,KAIDA-P0615,Перец чёрный,MAPPED_AUTO_LEGACY,0.96
METRO Chef Приправа прованские травы 180 г,metro chef приправа прованские травы 180 г,metro chef приправа прованские травы,FOOD,PRODUCT,Бакалея,1,1,KAIDA-P0641,Прованские травы,MAPPED_AUTO_LEGACY,0.96
METRO Chef Приправа хмели-сунели 280 г,metro chef приправа хмели сунели 280 г,metro chef приправа хмели сунели,FOOD,PRODUCT,Бакалея,1,1,KAIDA-P0640,Хмели-сунели,MAPPED_AUTO_LEGACY,0.96
METRO Chef Рис Басмати 1 кг,metro chef рис басмати 1 кг,metro chef рис басмати,FOOD,PRODUCT,Бакалея,1,1,KAIDA-P0508,Рис басмати,MAPPED_AUTO_LEGACY,0.96
METRO Chef Рис басмати 3 кг,metro chef рис басмати 3 кг,metro chef рис басмати,FOOD,PRODUCT,Бакалея,1,1,KAIDA-P0508,Рис басмати,MAPPED_AUTO_LEGACY,0.96
METRO Chef Рис круглозерный 3 кг,metro chef рис круглозерный 3 кг,metro chef рис круглозерный,FOOD,PRODUCT,Бакалея,1,1,KAIDA-P0506,Рис круглозёрный,MAPPED_AUTO_LEGACY,0.96
METRO Chef Томатная паста 3 кг,metro chef томатная паста 3 кг,metro chef томатная паста,FOOD,PRODUCT,Консервы,1,1,KAIDA-P0678,Томатная паста,MAPPED_AUTO_LEGACY,0.96
METRO Chef Уксус яблочный 500 мл,metro chef уксус яблочный 500 мл,metro chef уксус яблочный,FOOD,PRODUCT,Консервы,1,1,KAIDA-P0658,Уксус яблочный,MAPPED_AUTO_LEGACY,0.96
METRO Chef Финики сушеные с косточкой 500 г,metro chef финики сушеные с косточкой 500 г,metro chef финики сушеные с косточкой,FOOD,PRODUCT,Сухофрукты и орехи,1,1,KAIDA-P0600,Финики сушёные,MAPPED_AUTO_LEGACY,0.96
NESCAFÉ Кофе растворимый Barista 85 г,nescaf кофе растворимый barista 85 г,nescafé кофе растворимый barista,FOOD,READY_DISH,Горячие напитки,1,1,KAIDA-P0735,Кофе растворимый,MAPPED_AUTO_LEGACY,0.96
NESCAFÉ Кофе растворимый classic 500 г,nescaf кофе растворимый classic 500 г,nescafé кофе растворимый classic,FOOD,READY_DISH,Горячие напитки,1,1,KAIDA-P0735,Кофе растворимый,MAPPED_AUTO_LEGACY,0.96
PIETRO CORICELLI Масло оливковое 1 л,pietro coricelli масло оливковое 1 л,pietro coricelli масло оливковое,FOOD,PRODUCT,Бакалея,1,1,KAIDA-P0645,Масло оливковое,MAPPED_AUTO_LEGACY,0.96
PIETRO CORICELLI Масло оливковое 500 мл,pietro coricelli масло оливковое 500 мл,pietro coricelli масло оливковое,FOOD,PRODUCT,Бакалея,1,1,KAIDA-P0645,Масло оливковое,MAPPED_AUTO_LEGACY,0.96
PIETRO CORICELLI Масло оливковое Extra Virgin 250 мл,pietro coricelli масло оливковое extra virgin 250 мл,pietro coricelli масло оливковое extra virgin,FOOD,PRODUCT,Бакалея,1,1,KAIDA-P0646,Масло оливковое extra virgin,MAPPED_AUTO_LEGACY,0.96
Piko Сок апельсиновый 1 л,piko сок апельсиновый 1 л,piko сок апельсиновый,FOOD,READY_DISH,Безалкогольные напитки,1,1,KAIDA-P0715,Сок апельсиновый,MAPPED_AUTO_LEGACY,0.96
Piko Сок апельсиновый 2 л,piko сок апельсиновый 2 л,piko сок апельсиновый,FOOD,READY_DISH,Безалкогольные напитки,1,1,KAIDA-P0715,Сок апельсиновый,MAPPED_AUTO_LEGACY,0.96
Piko Сок апельсиновый 200 мл,piko сок апельсиновый 200 мл,piko сок апельсиновый,FOOD,READY_DISH,Безалкогольные напитки,1,1,KAIDA-P0715,Сок апельсиновый,MAPPED_AUTO_LEGACY,0.96
Piko Сок томатный 1 л,piko сок томатный 1 л,piko сок томатный,FOOD,READY_DISH,Безалкогольные напитки,1,1,KAIDA-P0716,Сок томатный,MAPPED_AUTO_LEGACY,0.96
Piko Сок яблочный 1 л,piko сок яблочный 1 л,piko сок яблочный,FOOD,READY_DISH,Безалкогольные напитки,1,1,KAIDA-P0714,Сок яблочный,MAPPED_AUTO_LEGACY,0.96
Piko Сок яблочный 200 мл,piko сок яблочный 200 мл,piko сок яблочный,FOOD,READY_DISH,Безалкогольные напитки,1,1,KAIDA-P0714,Сок яблочный,MAPPED_AUTO_LEGACY,0.96
PRESIDENT Масло сливочное 82% 125 г,president масло сливочное 82 125 г,president масло сливочное,FOOD,PRODUCT,Молочная продукция,1,1,KAIDA-P0292,Масло сливочное,MAPPED_AUTO_LEGACY,0.96
PRESIDENT Масло сливочное ролл 82 % 1 кг,president масло сливочное ролл 82 1 кг,president масло сливочное ролл,FOOD,PRODUCT,Молочная продукция,1,1,KAIDA-P0292,Масло сливочное,MAPPED_AUTO_LEGACY,0.96
PRESIDENT Сметана домашняя 25% 385 г,president сметана домашняя 25 385 г,president сметана домашняя,FOOD,PRODUCT,Молочная продукция,1,1,KAIDA-P0755,Сметана домашняя,MAPPED_AUTO_LEGACY,0.96
PRESIDENT Сыр плавленый сливочный легкий 140 г,president сыр плавленый сливочный легкий 140 г,president сыр плавленый сливочный легкий,FOOD,PRODUCT,Молочная продукция,1,1,KAIDA-P0303,Сыр плавленый,MAPPED_AUTO_LEGACY,0.96
PRESIDENT Сыр плавленый сливочный мааздан 140 г,president сыр плавленый сливочный мааздан 140 г,president сыр плавленый сливочный мааздан,FOOD,PRODUCT,Молочная продукция,1,1,KAIDA-P0303,Сыр плавленый,MAPPED_AUTO_LEGACY,0.96
PRESIDENT Сыр плавленый Чеддер ломтиками 40% 150 г,president сыр плавленый чеддер ломтиками 40 150 г,president сыр плавленый чеддер ломтиками,FOOD,PRODUCT,Молочная продукция,1,1,KAIDA-P0303,Сыр плавленый,MAPPED_AUTO_LEGACY,0.96
PRESIDENT Сыр плавленый Чизбургер ломтиками 40% 150 г,president сыр плавленый чизбургер ломтиками 40 150 г,president сыр плавленый чизбургер ломтиками,FOOD,PRODUCT,Молочная продукция,1,1,KAIDA-P0303,Сыр плавленый,MAPPED_AUTO_LEGACY,0.96
PRESIDENT Сыр плавленый шоколадный 200 г,president сыр плавленый шоколадный 200 г,president сыр плавленый шоколадный,FOOD,PRODUCT,Молочная продукция,1,1,KAIDA-P0303,Сыр плавленый,MAPPED_AUTO_LEGACY,0.96
PRESIDENT Сыр рассольный брынза 250 г,president сыр рассольный брынза 250 г,president сыр рассольный брынза,FOOD,PRODUCT,Молочная продукция,1,1,KAIDA-P0302,Сыр рассольный,MAPPED_AUTO_LEGACY,0.96
PRESIDENT Сыр рассольный Брынза 500 г,president сыр рассольный брынза 500 г,president сыр рассольный брынза,FOOD,PRODUCT,Молочная продукция,1,1,KAIDA-P0302,Сыр рассольный,MAPPED_AUTO_LEGACY,0.96
PRESIDENT Творог домашний 05 рассыпчатый 450 г,president творог домашний 05 рассыпчатый 450 г,president творог домашний 05 рассыпчатый,FOOD,PRODUCT,Молочная продукция,1,1,KAIDA-P0756,Творог домашний,MAPPED_AUTO_LEGACY,0.96
PRESIDENT Творог домашний 5% рассыпчатый 450 г,president творог домашний 5 рассыпчатый 450 г,president творог домашний рассыпчатый,FOOD,PRODUCT,Молочная продукция,1,1,KAIDA-P0756,Творог домашний,MAPPED_AUTO_LEGACY,0.96
PRESIDENT Творог домашний 9% 200 г,president творог домашний 9 200 г,president творог домашний,FOOD,PRODUCT,Молочная продукция,1,1,KAIDA-P0756,Творог домашний,MAPPED_AUTO_LEGACY,0.96
PRESIDENT Творог домашний 9% 450 г,president творог домашний 9 450 г,president творог домашний,FOOD,PRODUCT,Молочная продукция,1,1,KAIDA-P0756,Творог домашний,MAPPED_AUTO_LEGACY,0.96
PRESIDENT Творог домашний рассыпчатый 0% 200 г,president творог домашний рассыпчатый 0 200 г,president творог домашний рассыпчатый,FOOD,PRODUCT,Молочная продукция,1,1,KAIDA-P0756,Творог домашний,MAPPED_AUTO_LEGACY,0.96
PRESIDENT Творог домашний рассыпчатый 5% 200 г,president творог домашний рассыпчатый 5 200 г,president творог домашний рассыпчатый,FOOD,PRODUCT,Молочная продукция,1,1,KAIDA-P0756,Творог домашний,MAPPED_AUTO_LEGACY,0.96
QULAGER BURABAY Вода минеральная газированная 1 л,qulager burabay вода минеральная газированная 1 л,qulager burabay вода минеральная газированная,FOOD,READY_DISH,Безалкогольные напитки,1,1,KAIDA-P0712,Вода минеральная,MAPPED_AUTO_LEGACY,0.96
RIOBA Кофе молотый фильтрованный Gold 1 кг,rioba кофе молотый фильтрованный gold 1 кг,rioba кофе молотый фильтрованный gold,FOOD,READY_DISH,Горячие напитки,1,1,KAIDA-P0734,Кофе молотый,MAPPED_AUTO_LEGACY,0.96
RIOBA Мед цветочный 20 г*20 шт,rioba мед цветочный 20 г 20 шт,rioba мед цветочный,FOOD,PRODUCT,Сладости,1,1,KAIDA-P0696,Мёд цветочный,MAPPED_AUTO_LEGACY,0.96
RIOBA Сахар белый в стиках 5 г*500 шт,rioba сахар белый в стиках 5 г 500 шт,rioba сахар белый в стиках,FOOD,PRODUCT,Бакалея,1,1,KAIDA-P0613,Сахар белый,MAPPED_AUTO_LEGACY,0.96
RIOBA Сахар тростниковый в стиках 5 г*500 шт,rioba сахар тростниковый в стиках 5 г 500 шт,rioba сахар тростниковый в стиках,FOOD,PRODUCT,Бакалея,1,1,KAIDA-P0614,Сахар тростниковый,MAPPED_AUTO_LEGACY,0.96
RIOBA Сахар тростниковый кусковой 1кг,rioba сахар тростниковый кусковой 1кг,rioba сахар тростниковый кусковой,FOOD,PRODUCT,Бакалея,1,1,KAIDA-P0614,Сахар тростниковый,MAPPED_AUTO_LEGACY,0.96
"RIOBA Сироп лесной орех 0,7 л",rioba сироп лесной орех 0 7 л,rioba сироп лесной орех,FOOD,READY_DISH,Безалкогольные напитки,1,1,KAIDA-P0577,Фундук,MAPPED_AUTO_LEGACY,0.93
"RIOBA Сок апельсиновый ст/б 0,25 л",rioba сок апельсиновый ст б 0 25 л,rioba сок апельсиновый ст б,FOOD,READY_DISH,Безалкогольные напитки,1,1,KAIDA-P0715,Сок апельсиновый,MAPPED_AUTO_LEGACY,0.96
"RIOBA Сок томатный с сольюст/б 0,25 л",rioba сок томатный с сольюст б 0 25 л,rioba сок томатный с сольюст б,FOOD,READY_DISH,Безалкогольные напитки,1,1,KAIDA-P0716,Сок томатный,MAPPED_AUTO_LEGACY,0.96
RITTER SPORT Шоколад лесной орех 100 г,ritter sport шоколад лесной орех 100 г,ritter sport шоколад лесной орех,FOOD,PRODUCT,Сладости,1,1,KAIDA-P0577,Фундук,MAPPED_AUTO_LEGACY,0.93
SAMAL Вода газированная 1 л,samal вода газированная 1 л,samal вода газированная,FOOD,READY_DISH,Безалкогольные напитки,1,1,KAIDA-P0713,Вода газированная,MAPPED_AUTO_LEGACY,0.96
SAMAL Вода газированная 500 мл,samal вода газированная 500 мл,samal вода газированная,FOOD,READY_DISH,Безалкогольные напитки,1,1,KAIDA-P0713,Вода газированная,MAPPED_AUTO_LEGACY,0.96
"SAN PELLEGRINO Вода минеральная 0,75 л",san pellegrino вода минеральная 0 75 л,san pellegrino вода минеральная,FOOD,READY_DISH,Безалкогольные напитки,1,1,KAIDA-P0712,Вода минеральная,MAPPED_AUTO_LEGACY,0.96
SEN SOY Лапша рисовая 200 г,sen soy лапша рисовая 200 г,sen soy лапша рисовая,FOOD,PRODUCT,Бакалея,1,1,KAIDA-P0550,Лапша рисовая,MAPPED_AUTO_LEGACY,0.96
SEN SOY Лапша яичная 300 г,sen soy лапша яичная 300 г,sen soy лапша яичная,FOOD,PRODUCT,Бакалея,1,1,KAIDA-P0549,Лапша яичная,MAPPED_AUTO_LEGACY,0.96
SEN SOY Черный перец 120 г,sen soy черный перец 120 г,sen soy черный перец,FOOD,PRODUCT,Бакалея,1,1,KAIDA-P0615,Перец чёрный,MAPPED_AUTO_LEGACY,0.93
SEVENS вода питьевая газированная 500 мл,sevens вода питьевая газированная 500 мл,sevens вода питьевая газированная,FOOD,READY_DISH,Безалкогольные напитки,1,1,KAIDA-P0711,Вода питьевая,MAPPED_AUTO_LEGACY,0.96
SEVENS Вода питьевая негазированная 1 л,sevens вода питьевая негазированная 1 л,sevens вода питьевая негазированная,FOOD,READY_DISH,Безалкогольные напитки,1,1,KAIDA-P0711,Вода питьевая,MAPPED_AUTO_LEGACY,0.96
SUNNY GOLD Масло подсолнечное 5 л,sunny gold масло подсолнечное 5 л,sunny gold масло подсолнечное,FOOD,PRODUCT,Бакалея,1,1,KAIDA-P0643,Масло подсолнечное,MAPPED_AUTO_LEGACY,0.96
TASSAY Вода газированная 1 л,tassay вода газированная 1 л,tassay вода газированная,FOOD,READY_DISH,Безалкогольные напитки,1,1,KAIDA-P0713,Вода газированная,MAPPED_AUTO_LEGACY,0.96
"TASSAY Вода газированная 1,5 л",tassay вода газированная 1 5 л,tassay вода газированная,FOOD,READY_DISH,Безалкогольные напитки,1,1,KAIDA-P0713,Вода газированная,MAPPED_AUTO_LEGACY,0.96
TASSAY Вода газированная 500 мл,tassay вода газированная 500 мл,tassay вода газированная,FOOD,READY_DISH,Безалкогольные напитки,1,1,KAIDA-P0713,Вода газированная,MAPPED_AUTO_LEGACY,0.96
TASSAY Вода газированная c/б 500 мл,tassay вода газированная c б 500 мл,tassay вода газированная c б,FOOD,READY_DISH,Безалкогольные напитки,1,1,KAIDA-P0713,Вода газированная,MAPPED_AUTO_LEGACY,0.96
TASSAY Вода газированная с/б 250 мл,tassay вода газированная с б 250 мл,tassay вода газированная с б,FOOD,READY_DISH,Безалкогольные напитки,1,1,KAIDA-P0713,Вода газированная,MAPPED_AUTO_LEGACY,0.96
TASSAY вода питьевая негазированная лимон 1 л,tassay вода питьевая негазированная лимон 1 л,tassay вода питьевая негазированная лимон,FOOD,READY_DISH,Безалкогольные напитки,1,1,KAIDA-P0711,Вода питьевая,MAPPED_AUTO_LEGACY,0.96
TASSAY Вода питьевая негазированная лимон 500 мл,tassay вода питьевая негазированная лимон 500 мл,tassay вода питьевая негазированная лимон,FOOD,READY_DISH,Безалкогольные напитки,1,1,KAIDA-P0711,Вода питьевая,MAPPED_AUTO_LEGACY,0.96
TASSAY вода питьевая негазированная малина 1 л,tassay вода питьевая негазированная малина 1 л,tassay вода питьевая негазированная малина,FOOD,READY_DISH,Безалкогольные напитки,1,1,KAIDA-P0711,Вода питьевая,MAPPED_AUTO_LEGACY,0.96
TASSAY вода питьевая негазированная пэт 1 л,tassay вода питьевая негазированная пэт 1 л,tassay вода питьевая негазированная пэт,FOOD,READY_DISH,Безалкогольные напитки,1,1,KAIDA-P0711,Вода питьевая,MAPPED_AUTO_LEGACY,0.96
TESS Чай зеленый 2 г*100 шт,tess чай зеленый 2 г 100 шт,tess чай зеленый,FOOD,READY_DISH,Горячие напитки,1,1,KAIDA-P0725,Чай зелёный,MAPPED_AUTO_LEGACY,0.96
TESS Чай зеленый лайм 100 г,tess чай зеленый лайм 100 г,tess чай зеленый лайм,FOOD,READY_DISH,Горячие напитки,1,1,KAIDA-P0725,Чай зелёный,MAPPED_AUTO_LEGACY,0.96
TESS Чай черный 2 г*100 шт,tess чай черный 2 г 100 шт,tess чай черный,FOOD,READY_DISH,Горячие напитки,1,1,KAIDA-P0724,Чай чёрный,MAPPED_AUTO_LEGACY,0.96
TESS Чай черный байховый с шиповником и яблоком 200 г,tess чай черный байховый с шиповником и яблоком 200 г,tess чай черный байховый с шиповником и яблоком,FOOD,READY_DISH,Горячие напитки,1,1,KAIDA-P0724,Чай чёрный,MAPPED_AUTO_LEGACY,0.96
TURAN вода минеральная газированная 1 л,turan вода минеральная газированная 1 л,turan вода минеральная газированная,FOOD,READY_DISH,Безалкогольные напитки,1,1,KAIDA-P0712,Вода минеральная,MAPPED_AUTO_LEGACY,0.96
"TURAN вода минеральная газированная 1,5 л",turan вода минеральная газированная 1 5 л,turan вода минеральная газированная,FOOD,READY_DISH,Безалкогольные напитки,1,1,KAIDA-P0712,Вода минеральная,MAPPED_AUTO_LEGACY,0.96
TURAN вода минеральная негазированная 1 л,turan вода минеральная негазированная 1 л,turan вода минеральная негазированная,FOOD,READY_DISH,Безалкогольные напитки,1,1,KAIDA-P0712,Вода минеральная,MAPPED_AUTO_LEGACY,0.96
TURAN вода минеральная негазированная 250 мл,turan вода минеральная негазированная 250 мл,turan вода минеральная негазированная,FOOD,READY_DISH,Безалкогольные напитки,1,1,KAIDA-P0712,Вода минеральная,MAPPED_AUTO_LEGACY,0.96
TURAN вода питьевая негазированная 5 л,turan вода питьевая негазированная 5 л,turan вода питьевая негазированная,FOOD,READY_DISH,Безалкогольные напитки,1,1,KAIDA-P0711,Вода питьевая,MAPPED_AUTO_LEGACY,0.96
VITALNAN Хлеб ржаной 300 г,vitalnan хлеб ржаной 300 г,vitalnan хлеб ржаной,FOOD,PRODUCT,Хлебобулочные изделия,1,1,KAIDA-P0680,Хлеб ржаной,MAPPED_AUTO_LEGACY,0.96
YAKAMOZ TURSU Перец острый соленый 370 мл,yakamoz tursu перец острый соленый 370 мл,yakamoz tursu перец острый соленый,FOOD,PRODUCT,Консервы,1,1,KAIDA-P0374,Перец острый,MAPPED_AUTO_LEGACY,0.96
Агуша Сок яблочный осветленный 200 мл,агуша сок яблочный осветленный 200 мл,агуша сок яблочный осветленный,FOOD,PRODUCT,Детское питание,1,1,KAIDA-P0714,Сок яблочный,MAPPED_AUTO_LEGACY,0.96
Агуша Сок яблочный с мякотью 200 мл,агуша сок яблочный с мякотью 200 мл,агуша сок яблочный с мякотью,FOOD,PRODUCT,Детское питание,1,1,KAIDA-P0714,Сок яблочный,MAPPED_AUTO_LEGACY,0.96
АЙДОНИ Гречневая крупа 3 кг,айдони гречневая крупа 3 кг,айдони гречневая крупа,FOOD,PRODUCT,Бакалея,1,1,KAIDA-P0513,Гречка,MAPPED_AUTO_LEGACY,0.93
АЙДОНИ Гречневая крупа 5 кг,айдони гречневая крупа 5 кг,айдони гречневая крупа,FOOD,PRODUCT,Бакалея,1,1,KAIDA-P0513,Гречка,MAPPED_AUTO_LEGACY,0.93
АЙДОНИ Гречневая крупа 800 г,айдони гречневая крупа 800 г,айдони гречневая крупа,FOOD,PRODUCT,Бакалея,1,1,KAIDA-P0513,Гречка,MAPPED_AUTO_LEGACY,0.93
"АЙДОНИ Перловая крупа 0,8 кг",айдони перловая крупа 0 8 кг,айдони перловая крупа,FOOD,PRODUCT,Бакалея,1,1,KAIDA-P0518,Перловка,MAPPED_AUTO_LEGACY,0.93
Айран,айран,айран,FOOD,PRODUCT,Молочные продукты,1,1,KAIDA-P0283,Айран,MAPPED_AUTO,0.99
АКТИВИА Йогурт питьевой злаки 260 г,активиа йогурт питьевой злаки 260 г,активиа йогурт питьевой злаки,FOOD,PRODUCT,Молочная продукция,1,1,KAIDA-P0281,Йогурт питьевой,MAPPED_AUTO_LEGACY,0.96
АКТИВИА Йогурт питьевой клубника-земляника 260 г,активиа йогурт питьевой клубника земляника 260 г,активиа йогурт питьевой клубника земляника,FOOD,PRODUCT,Молочная продукция,1,1,KAIDA-P0281,Йогурт питьевой,MAPPED_AUTO_LEGACY,0.96
АКТИВИА Йогурт питьевой манго-маракуйя 260 мл,активиа йогурт питьевой манго маракуйя 260 мл,активиа йогурт питьевой манго маракуйя,FOOD,PRODUCT,Молочная продукция,1,1,KAIDA-P0281,Йогурт питьевой,MAPPED_AUTO_LEGACY,0.96
АКТИВИА Йогурт питьевой персик 260 мл,активиа йогурт питьевой персик 260 мл,активиа йогурт питьевой персик,FOOD,PRODUCT,Молочная продукция,1,1,KAIDA-P0281,Йогурт питьевой,MAPPED_AUTO_LEGACY,0.96
АКТИВИА Йогурт питьевой чернослив 260 г,активиа йогурт питьевой чернослив 260 г,активиа йогурт питьевой чернослив,FOOD,PRODUCT,Молочная продукция,1,1,KAIDA-P0281,Йогурт питьевой,MAPPED_AUTO_LEGACY,0.96
"АЛЕКСЕЕВСКОЕ Сгущенное молоко 8,5% 370 г",алексеевское сгущенное молоко 8 5 370 г,алексеевское сгущенное молоко,FOOD,PRODUCT,Молочная продукция,1,1,KAIDA-P0294,Сгущённое молоко,MAPPED_AUTO_LEGACY,0.96
Алкализованный какао порошок Extra Brute 1 кг. Cacao Barry,алкализованный какао порошок extra brute 1 кг cacao barry,алкализованный какао порошок extra brute cacao barry,FOOD,PRODUCT,Какао порошок,1,1,KAIDA-P0738,Какао-порошок,MAPPED_RULE,0.96
АЛТЫН САПА Тесто слоеное 1 кг,алтын сапа тесто слоеное 1 кг,алтын сапа тесто слоеное,FOOD,PRODUCT,Глубокая заморозка,1,1,KAIDA-P0556,Тесто слоёное,MAPPED_AUTO_LEGACY,0.96
АЛТЫН САПА Тесто слоеное 500 г,алтын сапа тесто слоеное 500 г,алтын сапа тесто слоеное,FOOD,PRODUCT,Глубокая заморозка,1,1,KAIDA-P0556,Тесто слоёное,MAPPED_AUTO_LEGACY,0.96
"Ароматизатор ""Сгущенное молоко"" 100гр",ароматизатор сгущенное молоко 100гр,ароматизатор сгущенное молоко,FOOD,PRODUCT,Пищевые фасованные ароматизаторы,1,1,KAIDA-P0294,Сгущённое молоко,MAPPED_AUTO_LEGACY,0.96
"Ароматизатор ""Топленое молоко"" 100гр",ароматизатор топленое молоко 100гр,ароматизатор топленое молоко,FOOD,PRODUCT,Пищевые фасованные ароматизаторы,1,1,KAIDA-P0270,Молоко топлёное,MAPPED_AUTO_LEGACY,0.93
АСЕМ-АЙ вода минеральная газированная 1 л,асем ай вода минеральная газированная 1 л,асем ай вода минеральная газированная,FOOD,READY_DISH,Безалкогольные напитки,1,1,KAIDA-P0712,Вода минеральная,MAPPED_AUTO_LEGACY,0.96
АСЕМ-АЙ Вода минеральная газированная 500 мл,асем ай вода минеральная газированная 500 мл,асем ай вода минеральная газированная,FOOD,READY_DISH,Безалкогольные напитки,1,1,KAIDA-P0712,Вода минеральная,MAPPED_AUTO_LEGACY,0.96
АСЕМ-АЙ вода минеральная негазированная 1 л,асем ай вода минеральная негазированная 1 л,асем ай вода минеральная негазированная,FOOD,READY_DISH,Безалкогольные напитки,1,1,KAIDA-P0712,Вода минеральная,MAPPED_AUTO_LEGACY,0.96
АСЕМ-АЙ Вода минеральная негазированная 500 мл,асем ай вода минеральная негазированная 500 мл,асем ай вода минеральная негазированная,FOOD,READY_DISH,Безалкогольные напитки,1,1,KAIDA-P0712,Вода минеральная,MAPPED_AUTO_LEGACY,0.96
АЯМ Хлеб цельнозерновой 150 г,аям хлеб цельнозерновой 150 г,аям хлеб цельнозерновой,FOOD,PRODUCT,Сладости,1,1,KAIDA-P0681,Хлеб цельнозерновой,MAPPED_AUTO_LEGACY,0.96
Банан,банан,банан,FOOD,PRODUCT,СМУЗИ,1,1,KAIDA-P0460,Банан,MAPPED_AUTO,0.99
Баранья голова,баранья голова,баранья голова,FOOD,PRODUCT,Қой еті,1,1,KAIDA-P0131,Баранья голова,MAPPED_AUTO,0.99
Батат (Сладкий картофель) фри,батат сладкий картофель фри,батат сладкий картофель фри,FOOD,READY_DISH,Закуски,1,1,KAIDA-P0346,Батат,MAPPED_AUTO_LEGACY,0.93
Бедро индейки,бедро индейки,бедро индейки,FOOD,PRODUCT,мясо индейки,1,1,KAIDA-P0103,Бедро индейки,MAPPED_AUTO,0.99
Белые грибы резанные ARDO,белые грибы резанные ardo,белые грибы резанные ardo,FOOD,PRODUCT,Овощи,1,1,KAIDA-P0420,Белые грибы,MAPPED_AUTO_LEGACY,0.96
Брюссельская капуста ARDO,брюссельская капуста ardo,брюссельская капуста ardo,FOOD,PRODUCT,Овощи,1,1,KAIDA-P0392,Брюссельская капуста,MAPPED_AUTO_LEGACY,0.96
Буррата,буррата,буррата,FOOD,PRODUCT,Салаты:,1,1,KAIDA-P0308,Буррата,MAPPED_AUTO,0.99
Вареное сгущенное молоко Люкс 08-10 коробка 20 кг,вареное сгущенное молоко люкс 08 10 коробка 20 кг,вареное сгущенное молоко люкс 08 10 коробка,FOOD,PRODUCT,Молоко сгущенное белое и вареное,1,1,KAIDA-P0294,Сгущённое молоко,MAPPED_AUTO_LEGACY,0.96
Вареное сгущенное молоко Премиум 11% Омск коробка 20 кг,вареное сгущенное молоко премиум 11 омск коробка 20 кг,вареное сгущенное молоко премиум омск коробка,FOOD,PRODUCT,Молоко сгущенное белое и вареное,1,1,KAIDA-P0294,Сгущённое молоко,MAPPED_AUTO_LEGACY,0.96
"Варенье клубничное 0,5",варенье клубничное 0 5,варенье клубничное 0 5,FOOD,PRODUCT,Домашние заготовки,1,1,KAIDA-P0704,Варенье клубничное,MAPPED_AUTO_LEGACY,0.96
Варенье клубничное 1кг,варенье клубничное 1кг,варенье клубничное,FOOD,PRODUCT,Домашние заготовки,1,1,KAIDA-P0704,Варенье клубничное,MAPPED_AUTO,0.93
Виноград белый киш-миш кг,виноград белый киш миш кг,виноград белый киш миш кг,FOOD,PRODUCT,Фрукты,1,1,KAIDA-P0483,Виноград белый,MAPPED_AUTO_LEGACY,0.96
Виноград красный кг,виноград красный кг,виноград красный кг,FOOD,PRODUCT,Фрукты,1,1,KAIDA-P0485,Виноград красный,MAPPED_AUTO_LEGACY,0.96
Виноград черный кг,виноград черный кг,виноград черный кг,FOOD,PRODUCT,Фрукты,1,1,KAIDA-P0484,Виноград чёрный,MAPPED_AUTO_LEGACY,0.96
ВКУСНЫЙ МИГ Крахмал картофельный 1 кг,вкусный миг крахмал картофельный 1 кг,вкусный миг крахмал картофельный,FOOD,PRODUCT,Бакалея,1,1,KAIDA-P0541,Крахмал картофельный,MAPPED_AUTO_LEGACY,0.96
ВКУСНЫЙ МИГ Крахмал картофельный 200 г,вкусный миг крахмал картофельный 200 г,вкусный миг крахмал картофельный,FOOD,PRODUCT,Бакалея,1,1,KAIDA-P0541,Крахмал картофельный,MAPPED_AUTO_LEGACY,0.96
ВКУСНЫЙ МИГ Мак пищевой 1 кг,вкусный миг мак пищевой 1 кг,вкусный миг мак пищевой,FOOD,PRODUCT,Бакалея,1,1,KAIDA-P0593,Мак пищевой,MAPPED_AUTO_LEGACY,0.96
ВКУСНЫЙ МИГ Перец черный молотый 1 кг,вкусный миг перец черный молотый 1 кг,вкусный миг перец черный молотый,FOOD,PRODUCT,Бакалея,1,1,KAIDA-P0615,Перец чёрный,MAPPED_AUTO_LEGACY,0.96
ВКУСНЫЙ МИГ Перец черный молотый 100 г,вкусный миг перец черный молотый 100 г,вкусный миг перец черный молотый,FOOD,PRODUCT,Бакалея,1,1,KAIDA-P0615,Перец чёрный,MAPPED_AUTO_LEGACY,0.96
Вода газированная Tassay — 250 мл,вода газированная tassay 250 мл,вода газированная tassay,FOOD,READY_DISH,Освежающие напитки,1,1,KAIDA-P0713,Вода газированная,MAPPED_AUTO_LEGACY,0.96
ГАРНЕЦ Мука гречневая 500 г,гарнец мука гречневая 500 г,гарнец мука гречневая,FOOD,PRODUCT,Бакалея,1,1,KAIDA-P0537,Мука гречневая,MAPPED_AUTO_LEGACY,0.96
ГАРНЕЦ Мука кукурузная 500 г,гарнец мука кукурузная 500 г,гарнец мука кукурузная,FOOD,PRODUCT,Бакалея,1,1,KAIDA-P0535,Мука кукурузная,MAPPED_AUTO_LEGACY,0.96
ГАРНЕЦ Мука ржаная 500 г,гарнец мука ржаная 500 г,гарнец мука ржаная,FOOD,PRODUCT,Бакалея,1,1,KAIDA-P0534,Мука ржаная,MAPPED_AUTO_LEGACY,0.96
ГАРНЕЦ Мука рисовая 500 г,гарнец мука рисовая 500 г,гарнец мука рисовая,FOOD,PRODUCT,Бакалея,1,1,KAIDA-P0536,Мука рисовая,MAPPED_AUTO_LEGACY,0.96
ГАРНЕЦ Мука рисовая цельнозерновая 500 г,гарнец мука рисовая цельнозерновая 500 г,гарнец мука рисовая цельнозерновая,FOOD,PRODUCT,Бакалея,1,1,KAIDA-P0536,Мука рисовая,MAPPED_AUTO_LEGACY,0.96
Говяжий антрекот,говяжий антрекот,говяжий антрекот,FOOD,PRODUCT,ГОВЯДИНА,1,1,KAIDA-P0016,Говяжий антрекот,MAPPED_AUTO,0.99
ГОВЯЖИЙ ФАРШ,говяжий фарш,говяжий фарш,FOOD,PRODUCT,фарш,1,1,KAIDA-P0024,Говяжий фарш,MAPPED_AUTO,0.99
Говяжье сердце,говяжье сердце,говяжье сердце,FOOD,PRODUCT,ГОВЯДИНА,1,1,KAIDA-P0116,Говяжье сердце,MAPPED_AUTO,0.99
Говяжьи ребра,говяжьи ребра,говяжьи ребра,FOOD,PRODUCT,ГОВЯДИНА,1,1,KAIDA-P0009,Говяжьи рёбра,MAPPED_AUTO,0.99
Говяжья вырезка,говяжья вырезка,говяжья вырезка,FOOD,PRODUCT,ГОВЯДИНА,1,1,KAIDA-P0003,Говяжья вырезка,MAPPED_AUTO,0.99
Говяжья грудинка,говяжья грудинка,говяжья грудинка,FOOD,PRODUCT,ГОВЯДИНА,1,1,KAIDA-P0008,Говяжья грудинка,MAPPED_AUTO,0.99
Говяжья мякоть без жира,говяжья мякоть без жира,говяжья мякоть без жира,FOOD,PRODUCT,ГОВЯДИНА,1,1,KAIDA-P0005,Говяжья мякоть,MAPPED_AUTO_LEGACY,0.96
Говяжья мякоть с жиром,говяжья мякоть с жиром,говяжья мякоть с жиром,FOOD,PRODUCT,ГОВЯДИНА,1,1,KAIDA-P0005,Говяжья мякоть,MAPPED_AUTO_LEGACY,0.96
Горбуша,горбуша,горбуша,FOOD,PRODUCT,Консервы,1,1,KAIDA-P0175,Горбуша,MAPPED_AUTO,0.99
Грецкий орех,грецкий орех,грецкий орех,FOOD,PRODUCT,Орехи и сухофрукты,1,1,KAIDA-P0575,Грецкий орех,MAPPED_AUTO,0.99
Дыня колхозница кг,дыня колхозница кг,дыня колхозница кг,FOOD,PRODUCT,Фрукты,1,1,KAIDA-P0482,Дыня колхозница,MAPPED_AUTO_LEGACY,0.96
Дыня торпеда кг,дыня торпеда кг,дыня торпеда кг,FOOD,PRODUCT,Фрукты,1,1,KAIDA-P0481,Дыня торпеда,MAPPED_AUTO_LEGACY,0.96
"ДЯДЯ ВАНЯ Огурцы маринованные 1,8 л",дядя ваня огурцы маринованные 1 8 л,дядя ваня огурцы маринованные,FOOD,PRODUCT,Консервы,1,1,KAIDA-P0760,Огурцы маринованные,MAPPED_AUTO_LEGACY,0.96
ДЯДЯ ВАНЯ Огурцы маринованные 350 мл,дядя ваня огурцы маринованные 350 мл,дядя ваня огурцы маринованные,FOOD,PRODUCT,Консервы,1,1,KAIDA-P0760,Огурцы маринованные,MAPPED_AUTO_LEGACY,0.96
ДЯДЯ ВАНЯ Огурцы маринованные 680 г,дядя ваня огурцы маринованные 680 г,дядя ваня огурцы маринованные,FOOD,PRODUCT,Консервы,1,1,KAIDA-P0760,Огурцы маринованные,MAPPED_AUTO_LEGACY,0.96
ДӘМДІ ЕТ Бедро индейки замороженное в/у 1 кг,дәмді ет бедро индейки замороженное в у 1 кг,дәмді ет бедро индейки замороженное в у,FOOD,PRODUCT,Замороженная птица,1,1,KAIDA-P0103,Бедро индейки,MAPPED_AUTO_LEGACY,0.96
ДӘМДІ ЕТ Голень индейки медальон замороженная 1 кг,дәмді ет голень индейки медальон замороженная 1 кг,дәмді ет голень индейки медальон замороженная,FOOD,PRODUCT,Замороженная птица,1,1,KAIDA-P0104,Голень индейки,MAPPED_AUTO_LEGACY,0.96
ДӘМДІ ЕТ Крыло индейки замороженное пэт 1 кг,дәмді ет крыло индейки замороженное пэт 1 кг,дәмді ет крыло индейки замороженное пэт,FOOD,PRODUCT,Замороженная птица,1,1,KAIDA-P0105,Крыло индейки,MAPPED_AUTO_LEGACY,0.96
Ежевика,ежевика,ежевика,FOOD,PRODUCT,Ягоды,1,1,KAIDA-P0490,Ежевика,MAPPED_AUTO,0.99
"ЕССЕНТУКИ Вода газированная №17 0,45 л",ессентуки вода газированная No17 0 45 л,ессентуки вода газированная 17,FOOD,READY_DISH,Безалкогольные напитки,1,1,KAIDA-P0713,Вода газированная,MAPPED_AUTO_LEGACY,0.96
"ЕССЕНТУКИ Вода газированная №4 0,5 л",ессентуки вода газированная No4 0 5 л,ессентуки вода газированная 4,FOOD,READY_DISH,Безалкогольные напитки,1,1,KAIDA-P0713,Вода газированная,MAPPED_AUTO_LEGACY,0.96
Жал,жал,жал,FOOD,PRODUCT,Жылқы еті,1,1,KAIDA-P0061,Жал,MAPPED_AUTO,0.99
ЖОКЕЙ Кофе молотый italiano 250 г,жокей кофе молотый italiano 250 г,жокей кофе молотый italiano,FOOD,READY_DISH,Горячие напитки,1,1,KAIDA-P0734,Кофе молотый,MAPPED_AUTO_LEGACY,0.96
ЖОКЕЙ Кофе молотый по-восточному 250 г,жокей кофе молотый по восточному 250 г,жокей кофе молотый по восточному,FOOD,READY_DISH,Горячие напитки,1,1,KAIDA-P0734,Кофе молотый,MAPPED_AUTO_LEGACY,0.96
ЖОКЕЙ Кофе молотый традиционный 250 г,жокей кофе молотый традиционный 250 г,жокей кофе молотый традиционный,FOOD,READY_DISH,Горячие напитки,1,1,KAIDA-P0734,Кофе молотый,MAPPED_AUTO_LEGACY,0.96
ЖОКЕЙ Кофе растворимый 95 г,жокей кофе растворимый 95 г,жокей кофе растворимый,FOOD,READY_DISH,Горячие напитки,1,1,KAIDA-P0735,Кофе растворимый,MAPPED_AUTO_LEGACY,0.96
ЖОКЕЙ Кофе растворимый империал 150 г,жокей кофе растворимый империал 150 г,жокей кофе растворимый империал,FOOD,READY_DISH,Горячие напитки,1,1,KAIDA-P0735,Кофе растворимый,MAPPED_AUTO_LEGACY,0.96
Зеленый чай (400 мл),зеленый чай 400 мл,зеленый чай,FOOD,READY_DISH,Классические чаи,1,1,KAIDA-P0838,Чай зелёный (напиток),MAPPED_RULE,0.95
Зеленый чай (800 мл),зеленый чай 800 мл,зеленый чай,FOOD,READY_DISH,Классические чаи,1,1,KAIDA-P0838,Чай зелёный (напиток),MAPPED_RULE,0.95
Зеленый чай 0.6L,зеленый чай 0 6l,зеленый чай,FOOD,PRODUCT,Остальное,1,1,KAIDA-P0725,Чай зелёный,MAPPED_AUTO,0.9
Зеленый чай 0.8L,зеленый чай 0 8l,зеленый чай,FOOD,PRODUCT,Остальное,1,1,KAIDA-P0725,Чай зелёный,MAPPED_AUTO,0.9
Зеленый чай 1L,зеленый чай 1l,зеленый чай,FOOD,PRODUCT,Остальное,1,1,KAIDA-P0725,Чай зелёный,MAPPED_AUTO,0.9
Зеленый чай 600мл,зеленый чай 600мл,зеленый чай,FOOD,READY_DISH,Авторские чаи,1,1,KAIDA-P0838,Чай зелёный (напиток),MAPPED_RULE,0.95
Золотая икра осетра альбиноса 100гр (лимитированная коллекция),золотая икра осетра альбиноса 100гр лимитированная коллекция,золотая икра осетра альбиноса лимитированная коллекция,FOOD,PRODUCT,Черная икра,1,1,KAIDA-P0257,Икра осетра,MAPPED_RULE,0.97
Золотая икра осетра альбиноса 50гр (лимитированная коллекция),золотая икра осетра альбиноса 50гр лимитированная коллекция,золотая икра осетра альбиноса лимитированная коллекция,FOOD,PRODUCT,Черная икра,1,1,KAIDA-P0257,Икра осетра,MAPPED_RULE,0.97
Икра Горбуши,икра горбуши,икра горбуши,FOOD,PRODUCT,Икра,1,1,KAIDA-P0253,Икра горбуши,MAPPED_RULE,0.97
"Икра Горбуши ""Красное золото"" Лососевая Икра, в стеклянной банке, 300 гр.",икра горбуши красное золото лососевая икра в стеклянной банке 300 гр,икра горбуши красное золото лососевая икра в стеклянной банке,FOOD,PRODUCT,Икра красная,1,1,KAIDA-P0253,Икра горбуши,MAPPED_RULE,0.97
"Икра Горбуши ""Красное золото"" Лососевая Икра, в стеклянной банке, 500 гр.",икра горбуши красное золото лососевая икра в стеклянной банке 500 гр,икра горбуши красное золото лососевая икра в стеклянной банке,FOOD,PRODUCT,Икра красная,1,1,KAIDA-P0253,Икра горбуши,MAPPED_RULE,0.97
Икра Горбуши (2025) 500гр,икра горбуши 2025 500гр,икра горбуши 2025,FOOD,PRODUCT,Икра,1,1,KAIDA-P0253,Икра горбуши,MAPPED_RULE,0.97
Икра Горбуши 1кг,икра горбуши 1кг,икра горбуши,FOOD,PRODUCT,Икра,1,1,KAIDA-P0253,Икра горбуши,MAPPED_RULE,0.97
Икра Горбуши 2025г (1кг),икра горбуши 2025г 1кг,икра горбуши,FOOD,PRODUCT,Икра,1,1,KAIDA-P0253,Икра горбуши,MAPPED_RULE,0.97
Икра Горбуши 2025г 250гр,икра горбуши 2025г 250гр,икра горбуши,FOOD,PRODUCT,Икра,1,1,KAIDA-P0253,Икра горбуши,MAPPED_RULE,0.97
Икра Кеты 250гр,икра кеты 250гр,икра кеты,FOOD,PRODUCT,Икра,1,1,KAIDA-P0254,Икра кеты,MAPPED_RULE,0.97
Икра Кеты 500гр,икра кеты 500гр,икра кеты,FOOD,PRODUCT,Икра,1,1,KAIDA-P0254,Икра кеты,MAPPED_RULE,0.97
Икра лососевая,икра лососевая,икра лососевая,FOOD,PRODUCT,Суши,1,1,KAIDA-P0252,Красная икра,MAPPED_RULE,0.94
Икра Лососевая зернистая ГОСТовская 800г,икра лососевая зернистая гостовская 800г,икра лососевая зернистая гостовская,FOOD,PRODUCT,Икра,1,1,KAIDA-P0252,Красная икра,MAPPED_RULE,0.94
"Икра лососевая зернистая КЕТА, упаковка 250 гр, Россия Камчатка",икра лососевая зернистая кета упаковка 250 гр россия камчатка,икра лососевая зернистая кета упаковка россия камчатка,FOOD,PRODUCT,Икра красная,1,1,KAIDA-P0254,Икра кеты,MAPPED_RULE,0.97
Икра мойвы чёрная Масаго маки+ 500гр,икра мойвы черная масаго маки 500гр,икра мойвы черная масаго маки,FOOD,PRODUCT,Икра,1,1,KAIDA-P0256,Чёрная икра,MAPPED_RULE,0.94
Икра Нерки 1кг,икра нерки 1кг,икра нерки,FOOD,PRODUCT,Икра,1,1,KAIDA-P0255,Икра нерки,MAPPED_RULE,0.97
Икра Нерки 2025г 1кг,икра нерки 2025г 1кг,икра нерки,FOOD,PRODUCT,Икра,1,1,KAIDA-P0255,Икра нерки,MAPPED_RULE,0.97
Икра Нерки 2025г 250гр,икра нерки 2025г 250гр,икра нерки,FOOD,PRODUCT,Икра,1,1,KAIDA-P0255,Икра нерки,MAPPED_RULE,0.97
Икра Нерки 2025г 500гр,икра нерки 2025г 500гр,икра нерки,FOOD,PRODUCT,Икра,1,1,KAIDA-P0255,Икра нерки,MAPPED_RULE,0.97
Икра осетровая Exclusive 100г,икра осетровая exclusive 100г,икра осетровая exclusive,FOOD,PRODUCT,Черная икра,1,1,KAIDA-P0257,Икра осетра,MAPPED_RULE,0.97
Икра осетровая Exclusive 250г,икра осетровая exclusive 250г,икра осетровая exclusive,FOOD,PRODUCT,Черная икра,1,1,KAIDA-P0257,Икра осетра,MAPPED_RULE,0.97
Икра осетровая Exclusive 50г,икра осетровая exclusive 50г,икра осетровая exclusive,FOOD,PRODUCT,Черная икра,1,1,KAIDA-P0257,Икра осетра,MAPPED_RULE,0.97
Икра Сельди 120г,икра сельди 120г,икра сельди,FOOD,PRODUCT,Икра,1,1,KAIDA-P0259,Икра сельди,MAPPED_AUTO,0.93
Икра Сельди в масле,икра сельди в масле,икра сельди в масле,FOOD,PRODUCT,РЫБА КОПЧЕНАЯ,1,1,KAIDA-P0259,Икра сельди,MAPPED_AUTO_LEGACY,0.96
Икра Щуки 112 гр,икра щуки 112 гр,икра щуки,FOOD,PRODUCT,Красная икра,1,1,KAIDA-P0258,Икра щуки,MAPPED_AUTO,0.93
Имбирь молотый 100гр,имбирь молотый 100гр,имбирь молотый,FOOD,PRODUCT,фасованное сырье,1,1,KAIDA-P0625,Имбирь молотый,MAPPED_AUTO,0.93
Имбирь молотый Anfal 1кг,имбирь молотый anfal 1кг,имбирь молотый anfal,FOOD,PRODUCT,фасованное сырье,1,1,KAIDA-P0625,Имбирь молотый,MAPPED_AUTO_LEGACY,0.96
"Иранский сливочный сыр 1,5кг",иранский сливочный сыр 1 5кг,иранский сливочный сыр,FOOD,PRODUCT,Сливочные сыры,1,1,KAIDA-P0332,Крем-сыр,MAPPED_AUTO_LEGACY,0.93
Камбала,камбала,камбала,FOOD,PRODUCT,Свежемороженная рыба,1,1,KAIDA-P0193,Камбала,MAPPED_AUTO,0.99
Капуста квашеная с морковью,капуста квашеная с морковью,капуста квашеная с морковью,FOOD,PRODUCT,Домашние заготовки,1,1,KAIDA-P0763,Капуста квашеная,MAPPED_AUTO_LEGACY,0.96
Карта,карта,карта,FOOD,PRODUCT,Жылқы еті,1,1,KAIDA-P0060,Карта,MAPPED_AUTO,0.99
Кижуч,кижуч,кижуч,FOOD,PRODUCT,Солено-копченая рыба,1,1,KAIDA-P0178,Кижуч,MAPPED_AUTO,0.99
Кимчи,кимчи,кимчи,FOOD,PRODUCT,Салаты,1,1,KAIDA-P0764,Кимчи,MAPPED_AUTO,0.99
Клубника,клубника,клубника,FOOD,PRODUCT,Ice Tea,1,1,KAIDA-P0487,Клубника,MAPPED_AUTO,0.99
Кокосовая стружка FINE 45% 300гр,кокосовая стружка fine 45 300гр,кокосовая стружка fine,FOOD,PRODUCT,фасованное сырье,1,1,KAIDA-P0585,Кокосовая стружка,MAPPED_AUTO_LEGACY,0.96
"Кокосовая стружка FINE 65%, 500гр",кокосовая стружка fine 65 500гр,кокосовая стружка fine,FOOD,PRODUCT,фасованное сырье,1,1,KAIDA-P0585,Кокосовая стружка,MAPPED_AUTO_LEGACY,0.96
Кокосовая стружка FINE 65%-300гр.,кокосовая стружка fine 65 300гр,кокосовая стружка fine,FOOD,PRODUCT,фасованное сырье,1,1,KAIDA-P0585,Кокосовая стружка,MAPPED_AUTO_LEGACY,0.96
Кокосовая стружка Medium,кокосовая стружка medium,кокосовая стружка medium,FOOD,PRODUCT,"Кунжут,Кокосовая стружка",1,1,KAIDA-P0585,Кокосовая стружка,MAPPED_AUTO_LEGACY,0.96
Кокосовая стружка MEDIUM в/с 300гр,кокосовая стружка medium в с 300гр,кокосовая стружка medium в с,FOOD,PRODUCT,фасованное сырье,1,1,KAIDA-P0585,Кокосовая стружка,MAPPED_AUTO_LEGACY,0.96
Кокосовая стружка MEDIUM в/с 500гр,кокосовая стружка medium в с 500гр,кокосовая стружка medium в с,FOOD,PRODUCT,фасованное сырье,1,1,KAIDA-P0585,Кокосовая стружка,MAPPED_AUTO_LEGACY,0.96
Кокосовая стружка Файн Индонезия/Малайзия,кокосовая стружка файн индонезия малайзия,кокосовая стружка файн индонезия малайзия,FOOD,PRODUCT,"Кунжут,Кокосовая стружка",1,1,KAIDA-P0585,Кокосовая стружка,MAPPED_AUTO_LEGACY,0.96
КОРОЛЕВСКИЕ КРЕВЕТКИ,королевские креветки,королевские креветки,FOOD,PRODUCT,Закуски,1,1,KAIDA-P0219,Креветка королевская,MAPPED_RULE,0.97
Королевские креветки 16/20,королевские креветки 16 20,королевские креветки,FOOD,PRODUCT,Морепродукты,1,1,KAIDA-P0219,Креветка королевская,MAPPED_RULE,0.97
Королевские креветки 26/35,королевские креветки 26 35,королевские креветки,FOOD,PRODUCT,Морепродукты,1,1,KAIDA-P0219,Креветка королевская,MAPPED_RULE,0.97
Королевские креветки 30/40,королевские креветки 30 40,королевские креветки,FOOD,PRODUCT,Морепродукты,1,1,KAIDA-P0219,Креветка королевская,MAPPED_RULE,0.97
Королевские креветки 31/40 VICI,королевские креветки 31 40 vici,королевские креветки vici,FOOD,PRODUCT,Морепродукты,1,1,KAIDA-P0219,Креветка королевская,MAPPED_RULE,0.97
Королевские креветки 40/50 VICI,королевские креветки 40 50 vici,королевские креветки vici,FOOD,PRODUCT,Морепродукты,1,1,KAIDA-P0219,Креветка королевская,MAPPED_RULE,0.97
Королевские креветки 60/70 в упаковке 1кг,королевские креветки 60 70 в упаковке 1кг,королевские креветки в упаковке,FOOD,PRODUCT,Морепродукты,1,1,KAIDA-P0219,Креветка королевская,MAPPED_RULE,0.97
Королевские креветки в чесночном соусе,королевские креветки в чесночном соусе,королевские креветки в чесночном соусе,FOOD,PRODUCT,Морепродукты,1,1,KAIDA-P0219,Креветка королевская,MAPPED_RULE,0.97
КОРОЛЕВСКИЕ КРЕВЕТКИ ЧИПОТЛЕ В ТЕМПУРЕ,королевские креветки чипотле в темпуре,королевские креветки чипотле в темпуре,FOOD,PRODUCT,Закуски,1,1,KAIDA-P0219,Креветка королевская,MAPPED_RULE,0.97
Краб-стригун,краб стригун,краб стригун,FOOD,PRODUCT,Свежемороженая продукция,1,1,KAIDA-P0224,Краб-стригун,MAPPED_AUTO,0.99
"Краситель жидкий ""Лавровый лист"" 100гр, Топ Декор",краситель жидкий лавровый лист 100гр топ декор,краситель жидкий лавровый лист топ декор,FOOD,PRODUCT,жидкие красители,1,1,KAIDA-P0635,Лавровый лист,MAPPED_AUTO_LEGACY,0.96
Красная икра (икра форели),красная икра икра форели,красная икра икра форели,FOOD,PRODUCT,Икра,1,1,KAIDA-P0252,Красная икра,MAPPED_RULE,0.94
Красная икра (кеты кеты),красная икра кеты кеты,красная икра кеты кеты,FOOD,PRODUCT,Икра,1,1,KAIDA-P0254,Икра кеты,MAPPED_RULE,0.97
Красная икра горбуши 120 гр Red Caviar,красная икра горбуши 120 гр red caviar,красная икра горбуши red caviar,FOOD,PRODUCT,Красная икра,1,1,KAIDA-P0253,Икра горбуши,MAPPED_RULE,0.97
Красная икра горбуши 120 гр Дальневосточная икра,красная икра горбуши 120 гр дальневосточная икра,красная икра горбуши дальневосточная икра,FOOD,PRODUCT,Красная икра,1,1,KAIDA-P0253,Икра горбуши,MAPPED_RULE,0.97
Красная икра горбуши 220 гр Red Caviar,красная икра горбуши 220 гр red caviar,красная икра горбуши red caviar,FOOD,PRODUCT,Красная икра,1,1,KAIDA-P0253,Икра горбуши,MAPPED_RULE,0.97
Красная икра горбуши 250 гр Дальневосточная икра,красная икра горбуши 250 гр дальневосточная икра,красная икра горбуши дальневосточная икра,FOOD,PRODUCT,Красная икра,1,1,KAIDA-P0253,Икра горбуши,MAPPED_RULE,0.97
Красная икра горбуши 500 гр Red Caviar,красная икра горбуши 500 гр red caviar,красная икра горбуши red caviar,FOOD,PRODUCT,Красная икра,1,1,KAIDA-P0253,Икра горбуши,MAPPED_RULE,0.97
Красная икра кеты 120 гр Red Caviar,красная икра кеты 120 гр red caviar,красная икра кеты red caviar,FOOD,PRODUCT,Красная икра,1,1,KAIDA-P0254,Икра кеты,MAPPED_RULE,0.97
Красная икра кеты 120 гр Дальневосточная икра,красная икра кеты 120 гр дальневосточная икра,красная икра кеты дальневосточная икра,FOOD,PRODUCT,Красная икра,1,1,KAIDA-P0254,Икра кеты,MAPPED_RULE,0.97
Красная икра кеты 220 гр Red Caviar,красная икра кеты 220 гр red caviar,красная икра кеты red caviar,FOOD,PRODUCT,Красная икра,1,1,KAIDA-P0254,Икра кеты,MAPPED_RULE,0.97
Красная икра кеты 250 гр Дальневосточная икра,красная икра кеты 250 гр дальневосточная икра,красная икра кеты дальневосточная икра,FOOD,PRODUCT,Красная икра,1,1,KAIDA-P0254,Икра кеты,MAPPED_RULE,0.97
Красная икра кеты 500 гр Red Caviar,красная икра кеты 500 гр red caviar,красная икра кеты red caviar,FOOD,PRODUCT,Красная икра,1,1,KAIDA-P0254,Икра кеты,MAPPED_RULE,0.97
Красная икра форели 120 гр Армения,красная икра форели 120 гр армения,красная икра форели армения,FOOD,PRODUCT,Красная икра,1,1,KAIDA-P0252,Красная икра,MAPPED_RULE,0.94
Красная икра форели 250 гр Армения,красная икра форели 250 гр армения,красная икра форели армения,FOOD,PRODUCT,Красная икра,1,1,KAIDA-P0252,Красная икра,MAPPED_RULE,0.94
Крахмал картофельный,крахмал картофельный,крахмал картофельный,FOOD,PRODUCT,"Крахмал кукурузный и картофельный,Мак пищевой,Корица,Лук жареный",1,1,KAIDA-P0541,Крахмал картофельный,MAPPED_AUTO,0.99
"Крахмал картофельный 500гр, Белоруссия",крахмал картофельный 500гр белоруссия,крахмал картофельный белоруссия,FOOD,PRODUCT,фасованное сырье,1,1,KAIDA-P0541,Крахмал картофельный,MAPPED_AUTO_LEGACY,0.96
"Крахмал картофельный 500гр, Польша",крахмал картофельный 500гр польша,крахмал картофельный польша,FOOD,PRODUCT,фасованное сырье,1,1,KAIDA-P0541,Крахмал картофельный,MAPPED_AUTO_LEGACY,0.96
Крахмал кукурузный,крахмал кукурузный,крахмал кукурузный,FOOD,PRODUCT,"Крахмал кукурузный и картофельный,Мак пищевой,Корица,Лук жареный",1,1,KAIDA-P0542,Крахмал кукурузный,MAPPED_AUTO,0.99
Крахмал кукурузный 500гр,крахмал кукурузный 500гр,крахмал кукурузный,FOOD,PRODUCT,фасованное сырье,1,1,KAIDA-P0542,Крахмал кукурузный,MAPPED_AUTO,0.93
Крыло индейки,крыло индейки,крыло индейки,FOOD,PRODUCT,мясо индейки,1,1,KAIDA-P0105,Крыло индейки,MAPPED_AUTO,0.99
Кукуруза свежая,кукуруза свежая,кукуруза свежая,FOOD,PRODUCT,Овощи,1,1,KAIDA-P0382,Кукуруза свежая,MAPPED_AUTO,0.99
Кунжут,кунжут,кунжут,FOOD,PRODUCT,"Кунжут,Кокосовая стружка",1,1,KAIDA-P0588,Кунжут белый,MAPPED_AUTO,0.97
Кунжут белый очищ.Узбекистан 100гр.,кунжут белый очищ узбекистан 100гр,кунжут белый очищ узбекистан,FOOD,PRODUCT,фасованное сырье,1,1,KAIDA-P0588,Кунжут белый,MAPPED_AUTO_LEGACY,0.96
"Кунжут белый очищенный премиум 100гр, Индия",кунжут белый очищенный премиум 100гр индия,кунжут белый очищенный премиум индия,FOOD,PRODUCT,фасованное сырье,1,1,KAIDA-P0588,Кунжут белый,MAPPED_AUTO_LEGACY,0.96
Курдюк,курдюк,курдюк,FOOD,PRODUCT,Қой еті,1,1,KAIDA-P0046,Курдюк,MAPPED_AUTO,0.99
Куриная голень,куриная голень,куриная голень,FOOD,PRODUCT,Холодные закуски,1,1,KAIDA-P0092,Куриная голень,MAPPED_AUTO,0.99
Куриная грудка,куриная грудка,куриная грудка,FOOD,PRODUCT,Горячие блюда,1,1,KAIDA-P0090,Куриная грудка,MAPPED_AUTO,0.99
Куриная грудка - 1 кг,куриная грудка 1 кг,куриная грудка,FOOD,PRODUCT,Птичий Ряд,1,1,KAIDA-P0090,Куриная грудка,MAPPED_AUTO,0.93
Куриная грудка в сливочном соусе,куриная грудка в сливочном соусе,куриная грудка в сливочном соусе,FOOD,PRODUCT,Курица,1,1,KAIDA-P0090,Куриная грудка,MAPPED_AUTO_LEGACY,0.96
Куриная грудка в соевой заправке,куриная грудка в соевой заправке,куриная грудка в соевой заправке,FOOD,READY_DISH,Салаты,1,1,KAIDA-P0090,Куриная грудка,MAPPED_AUTO_LEGACY,0.96
Куриное филе с моцареллой,куриное филе с моцареллой,куриное филе с моцареллой,FOOD,READY_DISH,Горячее,1,1,KAIDA-P0089,Куриное филе,MAPPED_AUTO_LEGACY,0.96
Куриное филе фаршированное с сыром моцарелла и шпинатом,куриное филе фаршированное с сыром моцарелла и шпинатом,куриное филе фаршированное с сыром моцарелла и шпинатом,FOOD,READY_DISH,Европейская кухня,1,1,KAIDA-P0089,Куриное филе,MAPPED_AUTO_LEGACY,0.96
Куриные крылышки,куриные крылышки,куриные крылышки,FOOD,PRODUCT,Холодные закуски,1,1,KAIDA-P0093,Куриное крыло,MAPPED_AUTO,0.97
"Куркума молотая 100гр, Индия",куркума молотая 100гр индия,куркума молотая индия,FOOD,PRODUCT,фасованное сырье,1,1,KAIDA-P0624,Куркума молотая,MAPPED_AUTO_LEGACY,0.96
Курт,курт,курт,FOOD,PRODUCT,Молочные продукты,1,1,KAIDA-P0333,Курт,MAPPED_AUTO,0.99
Кымыз,кымыз,кымыз,FOOD,PRODUCT,Молочные продукты,1,1,KAIDA-P0285,Кумыс,MAPPED_AUTO,0.97
Лапша рисовая 5 мм Aroy D Тайланд 454гр.,лапша рисовая 5 мм aroy d тайланд 454гр,лапша рисовая 5 мм aroy d тайланд,FOOD,PRODUCT,Популярный Товар,1,1,KAIDA-P0550,Лапша рисовая,MAPPED_AUTO_LEGACY,0.96
Лапша Яичная SeaFood 300 гр,лапша яичная seafood 300 гр,лапша яичная seafood,FOOD,PRODUCT,Мучные изделия,1,1,KAIDA-P0549,Лапша яичная,MAPPED_AUTO_LEGACY,0.96
"Лен семена 100гр, Польша",лен семена 100гр польша,лен семена польша,FOOD,PRODUCT,фасованное сырье,1,1,KAIDA-P0590,Семена льна,MAPPED_AUTO_LEGACY,0.93
"Лен семена 1кг, Польша",лен семена 1кг польша,лен семена польша,FOOD,PRODUCT,фасованное сырье,1,1,KAIDA-P0590,Семена льна,MAPPED_AUTO_LEGACY,0.93
Личи,личи,личи,FOOD,PRODUCT,Лимонад,1,1,KAIDA-P0468,Личи,MAPPED_AUTO,0.99
Лобстер,лобстер,лобстер,FOOD,PRODUCT,Крабы,1,1,KAIDA-P0225,Лобстер,MAPPED_AUTO,0.99
Лук белый 1 кг,лук белый 1 кг,лук белый,FOOD,PRODUCT,Овощи,1,1,KAIDA-P0361,Лук белый,MAPPED_AUTO,0.93
Лук красный 1 кг,лук красный 1 кг,лук красный,FOOD,PRODUCT,Овощи,1,1,KAIDA-P0360,Лук красный,MAPPED_AUTO,0.93
Лук репчатый (сетка) 1 кг,лук репчатый сетка 1 кг,лук репчатый сетка,FOOD,PRODUCT,Овощи,1,1,KAIDA-P0359,Лук репчатый,MAPPED_AUTO_LEGACY,0.96
Лук репчатый 1 кг,лук репчатый 1 кг,лук репчатый,FOOD,PRODUCT,Овощи,1,1,KAIDA-P0359,Лук репчатый,MAPPED_AUTO,0.93
Мак пищевой,мак пищевой,мак пищевой,FOOD,PRODUCT,"Крахмал кукурузный и картофельный,Мак пищевой,Корица,Лук жареный",1,1,KAIDA-P0593,Мак пищевой,MAPPED_AUTO,0.99
МАКАРОННЫЕ ИЗДЕЛИЯ SPAGHETTI ALLA CHITARRA 250ГР,макаронные изделия spaghetti alla chitarra 250гр,макаронные изделия spaghetti alla chitarra,FOOD,PRODUCT,Акции,1,1,KAIDA-P0543,Макароны,MAPPED_AUTO_LEGACY,0.93
"Масло Гхи 0,5 кг",масло гхи 0 5 кг,масло гхи,FOOD,PRODUCT,ЭКО продукты собственное производство,1,1,KAIDA-P0293,Масло топлёное,MAPPED_AUTO,0.9
МАСЛО ГХИ BIOGOROD 720ГР,масло гхи biogorod 720гр,масло гхи biogorod,FOOD,PRODUCT,Здоровое питание,1,1,KAIDA-P0293,Масло топлёное,MAPPED_AUTO_LEGACY,0.93
Масло ГХИ грецкий орех Organic Market 250мл,масло гхи грецкий орех organic market 250мл,масло гхи грецкий орех organic market,FOOD,PRODUCT,Масло ГХИ,1,1,KAIDA-P0575,Грецкий орех,MAPPED_AUTO_LEGACY,0.96
Масло ГХИ грецкий орех Organic Market 450мл,масло гхи грецкий орех organic market 450мл,масло гхи грецкий орех organic market,FOOD,PRODUCT,Масло ГХИ,1,1,KAIDA-P0575,Грецкий орех,MAPPED_AUTO_LEGACY,0.96
Масло ГХИ классический Organic Market 1л,масло гхи классический organic market 1л,масло гхи классический organic market,FOOD,PRODUCT,Масло ГХИ,1,1,KAIDA-P0293,Масло топлёное,MAPPED_AUTO_LEGACY,0.93
Масло ГХИ классический Organic Market 250мл,масло гхи классический organic market 250мл,масло гхи классический organic market,FOOD,PRODUCT,Масло ГХИ,1,1,KAIDA-P0293,Масло топлёное,MAPPED_AUTO_LEGACY,0.93
Масло ГХИ классический Organic Market 500мл,масло гхи классический organic market 500мл,масло гхи классический organic market,FOOD,PRODUCT,Масло ГХИ,1,1,KAIDA-P0293,Масло топлёное,MAPPED_AUTO_LEGACY,0.93
Масло ГХИ с мёдом Organic Market 250мл,масло гхи с медом organic market 250мл,масло гхи с медом organic market,FOOD,PRODUCT,Масло ГХИ,1,1,KAIDA-P0293,Масло топлёное,MAPPED_AUTO_LEGACY,0.93
Масло ГХИ с мёдом Organic Market 450мл,масло гхи с медом organic market 450мл,масло гхи с медом organic market,FOOD,PRODUCT,Масло ГХИ,1,1,KAIDA-P0293,Масло топлёное,MAPPED_AUTO_LEGACY,0.93
Масло ГХИ чеснок Organic Market 250мл,масло гхи чеснок organic market 250мл,масло гхи чеснок organic market,FOOD,PRODUCT,Масло ГХИ,1,1,KAIDA-P0293,Масло топлёное,MAPPED_AUTO_LEGACY,0.93
Масло ГХИ шоколадное Organic Market 250мл,масло гхи шоколадное organic market 250мл,масло гхи шоколадное organic market,FOOD,PRODUCT,Масло ГХИ,1,1,KAIDA-P0293,Масло топлёное,MAPPED_AUTO_LEGACY,0.93
Масло ГХИ шоколадное Organic Market 450мл,масло гхи шоколадное organic market 450мл,масло гхи шоколадное organic market,FOOD,PRODUCT,Масло ГХИ,1,1,KAIDA-P0293,Масло топлёное,MAPPED_AUTO_LEGACY,0.93
Масло ГХИ шоколадное без сахара Organic Market 250мл,масло гхи шоколадное без сахара organic market 250мл,масло гхи шоколадное без сахара organic market,FOOD,PRODUCT,Масло ГХИ,1,1,KAIDA-P0293,Масло топлёное,MAPPED_AUTO_LEGACY,0.93
Масло ГХИ шоколадное без сахара Organic Market 450мл,масло гхи шоколадное без сахара organic market 450мл,масло гхи шоколадное без сахара organic market,FOOD,PRODUCT,Масло ГХИ,1,1,KAIDA-P0293,Масло топлёное,MAPPED_AUTO_LEGACY,0.93
Масло ГХИ шоколадное с арахисом Organic Market 250мл,масло гхи шоколадное с арахисом organic market 250мл,масло гхи шоколадное с арахисом organic market,FOOD,PRODUCT,Масло ГХИ,1,1,KAIDA-P0293,Масло топлёное,MAPPED_AUTO_LEGACY,0.93
Масло ГХИ шоколадное с арахисом Organic Market 450мл,масло гхи шоколадное с арахисом organic market 450мл,масло гхи шоколадное с арахисом organic market,FOOD,PRODUCT,Масло ГХИ,1,1,KAIDA-P0293,Масло топлёное,MAPPED_AUTO_LEGACY,0.93
Масло кунжутное 1.8 л,масло кунжутное 1 8 л,масло кунжутное,FOOD,PRODUCT,Бакалея,1,1,KAIDA-P0650,Масло кунжутное,MAPPED_AUTO,0.93
Масло оливковое 1 л,масло оливковое 1 л,масло оливковое,FOOD,PRODUCT,Остальное,1,1,KAIDA-P0645,Масло оливковое,MAPPED_AUTO,0.93
Масло оливковое Extra Virgin,масло оливковое extra virgin,масло оливковое extra virgin,FOOD,PRODUCT,Оливковое,1,1,KAIDA-P0646,Масло оливковое extra virgin,MAPPED_AUTO,0.99
Масло оливковое Extra Virgin 5л.,масло оливковое extra virgin 5л,масло оливковое extra virgin,FOOD,PRODUCT,All,1,1,KAIDA-P0646,Масло оливковое extra virgin,MAPPED_AUTO,0.93
Масло оливковое Pomace,масло оливковое pomace,масло оливковое pomace,FOOD,PRODUCT,Оливковое,1,1,KAIDA-P0645,Масло оливковое,MAPPED_AUTO_LEGACY,0.96
Масло оливковое Pomace 5л,масло оливковое pomace 5л,масло оливковое pomace,FOOD,PRODUCT,Оливковое,1,1,KAIDA-P0645,Масло оливковое,MAPPED_AUTO_LEGACY,0.96
Масло оливковое нерафинированное 5 л Extra Virgin,масло оливковое нерафинированное 5 л extra virgin,масло оливковое нерафинированное extra virgin,FOOD,PRODUCT,Оливковое,1,1,KAIDA-P0645,Масло оливковое,MAPPED_AUTO_LEGACY,0.96
Масло оливковое рафинированное 5л Pomaca La Espanola,масло оливковое рафинированное 5л pomaca la espanola,масло оливковое рафинированное pomaca la espanola,FOOD,PRODUCT,Оливковое,1,1,KAIDA-P0645,Масло оливковое,MAPPED_AUTO_LEGACY,0.96
Масло сливочное Organic Market 1кг,масло сливочное organic market 1кг,масло сливочное organic market,FOOD,PRODUCT,Масло сливочное,1,1,KAIDA-P0292,Масло сливочное,MAPPED_AUTO_LEGACY,0.96
Масло сливочное Organic Market 500гр,масло сливочное organic market 500гр,масло сливочное organic market,FOOD,PRODUCT,Масло сливочное,1,1,KAIDA-P0292,Масло сливочное,MAPPED_AUTO_LEGACY,0.96
Масло сливочное с солью Organic Market 1кг,масло сливочное с солью organic market 1кг,масло сливочное с солью organic market,FOOD,PRODUCT,Масло сливочное,1,1,KAIDA-P0292,Масло сливочное,MAPPED_AUTO_LEGACY,0.96
Масло сливочное с солью Organic Market 500гр,масло сливочное с солью organic market 500гр,масло сливочное с солью organic market,FOOD,PRODUCT,Масло сливочное,1,1,KAIDA-P0292,Масло сливочное,MAPPED_AUTO_LEGACY,0.96
Мойва,мойва,мойва,FOOD,PRODUCT,Свежемороженная рыба,1,1,KAIDA-P0205,Мойва,MAPPED_AUTO,0.99
МОЛОЧНАЯ РЕЧКА Сливки для взбивания 33% 1 л,молочная речка сливки для взбивания 33 1 л,молочная речка сливки для взбивания,FOOD,PRODUCT,Молочная продукция,1,1,KAIDA-P0274,Сливки для взбивания,MAPPED_AUTO_LEGACY,0.96
Молочный коктейль 2% Чудо клубничный 200г,молочный коктейль 2 чудо клубничный 200г,молочный коктейль чудо клубничный,FOOD,PRODUCT,Молочная продукция,1,1,KAIDA-P0297,Молочный коктейль,MAPPED_AUTO_LEGACY,0.96
Молочный коктейль 3% Чудо шоколадный 200г,молочный коктейль 3 чудо шоколадный 200г,молочный коктейль чудо шоколадный,FOOD,PRODUCT,Молочная продукция,1,1,KAIDA-P0297,Молочный коктейль,MAPPED_AUTO_LEGACY,0.96
Молочный коктейль Ванильный,молочный коктейль ванильный,молочный коктейль ванильный,FOOD,PRODUCT,Молочные коктейли,1,1,KAIDA-P0297,Молочный коктейль,MAPPED_AUTO_LEGACY,0.96
Молочный коктейль Печенье,молочный коктейль печенье,молочный коктейль печенье,FOOD,PRODUCT,Молочные коктейли,1,1,KAIDA-P0297,Молочный коктейль,MAPPED_AUTO_LEGACY,0.96
Молочный коктейль Шоколадный,молочный коктейль шоколадный,молочный коктейль шоколадный,FOOD,PRODUCT,Молочные коктейли,1,1,KAIDA-P0297,Молочный коктейль,MAPPED_AUTO_LEGACY,0.96
Морская капуста мокрая,морская капуста мокрая,морская капуста мокрая,FOOD,PRODUCT,Морская капуста,1,1,KAIDA-P0240,Морская капуста,MAPPED_AUTO_LEGACY,0.96
Морская капуста сухая,морская капуста сухая,морская капуста сухая,FOOD,PRODUCT,Морская капуста,1,1,KAIDA-P0240,Морская капуста,MAPPED_AUTO_LEGACY,0.96
Морской гребешок 10/20 1 кг средний 7%,морской гребешок 10 20 1 кг средний 7,морской гребешок средний,FOOD,PRODUCT,Морепродукты,1,1,KAIDA-P0230,Морской гребешок,MAPPED_AUTO_LEGACY,0.96
Морской коктейль (глазурь не более 5%),морской коктейль глазурь не более 5,морской коктейль глазурь не более,FOOD,PRODUCT,Морепродукты,1,1,KAIDA-P0237,Морской коктейль,MAPPED_AUTO_LEGACY,0.96
Морской Коктейль 20%,морской коктейль 20,морской коктейль,FOOD,PRODUCT,Морепродукты,1,1,KAIDA-P0237,Морской коктейль,MAPPED_AUTO,0.93
Морской коктейль by Amiko,морской коктейль by amiko,морской коктейль by amiko,FOOD,PRODUCT,Морепродукты,1,1,KAIDA-P0237,Морской коктейль,MAPPED_AUTO_LEGACY,0.96
Морской окунь,морской окунь,морской окунь,FOOD,PRODUCT,Рыба,1,1,KAIDA-P0194,Морской окунь,MAPPED_AUTO,0.99
Морской окунь (Гренландия),морской окунь гренландия,морской окунь гренландия,FOOD,PRODUCT,Рыба,1,1,KAIDA-P0194,Морской окунь,MAPPED_AUTO_LEGACY,0.96
Морской окунь горячего копчения 100гр,морской окунь горячего копчения 100гр,морской окунь горячего копчения,FOOD,PRODUCT,РЫБА КОПЧЕНАЯ,1,1,KAIDA-P0194,Морской окунь,MAPPED_AUTO_LEGACY,0.96
Мука миндальная в/с 200гр,мука миндальная в с 200гр,мука миндальная в с,FOOD,PRODUCT,фасованное сырье,1,1,KAIDA-P0540,Мука миндальная,MAPPED_AUTO_LEGACY,0.96
Мука рисовая AROY-D Тайланд 2000 гр,мука рисовая aroy d тайланд 2000 гр,мука рисовая aroy d тайланд,FOOD,PRODUCT,Мучные изделия,1,1,KAIDA-P0536,Мука рисовая,MAPPED_AUTO_LEGACY,0.96
"Мука рисовая клейкая 2кг, A-ROY",мука рисовая клейкая 2кг a roy,мука рисовая клейкая a roy,FOOD,PRODUCT,кондитерское сырьё,1,1,KAIDA-P0536,Мука рисовая,MAPPED_AUTO_LEGACY,0.96
"Мука рисовая клейкая 400гр, A-ROY",мука рисовая клейкая 400гр a roy,мука рисовая клейкая a roy,FOOD,PRODUCT,кондитерское сырьё,1,1,KAIDA-P0536,Мука рисовая,MAPPED_AUTO_LEGACY,0.96
"Мука рисовая клейкая 400гр,TAI HUANG",мука рисовая клейкая 400гр tai huang,мука рисовая клейкая tai huang,FOOD,PRODUCT,кондитерское сырьё,1,1,KAIDA-P0536,Мука рисовая,MAPPED_AUTO_LEGACY,0.96
"Мука рисовая клейкая 500гр, Россия",мука рисовая клейкая 500гр россия,мука рисовая клейкая россия,FOOD,PRODUCT,фасованное сырье,1,1,KAIDA-P0536,Мука рисовая,MAPPED_AUTO_LEGACY,0.96
"Мускатный орех 100гр, Индонезия",мускатный орех 100гр индонезия,мускатный орех индонезия,FOOD,PRODUCT,фасованное сырье,1,1,KAIDA-P0629,Мускатный орех,MAPPED_AUTO_LEGACY,0.96
Нерка,нерка,нерка,FOOD,PRODUCT,Солено-копченая рыба,1,1,KAIDA-P0177,Нерка,MAPPED_AUTO,0.99
Облепиха,облепиха,облепиха,FOOD,PRODUCT,Ягоды,1,1,KAIDA-P0497,Облепиха,MAPPED_AUTO,0.99
Острые куриные крылышки,острые куриные крылышки,острые куриные крылышки,FOOD,READY_DISH,Закуски,1,1,KAIDA-P0093,Куриное крыло,MAPPED_AUTO_LEGACY,0.93
"Охлаждённая радужная форель крупного размера (2,5-3,3 кг)",охлажденная радужная форель крупного размера 2 5 3 3 кг,охлажденная радужная форель крупного размера,FOOD,PRODUCT,Охлаждённая рыба,1,1,KAIDA-P0163,Форель радужная,MAPPED_AUTO_LEGACY,0.93
Перец черный горошек 100гр.,перец черный горошек 100гр,перец черный горошек,FOOD,PRODUCT,фасованное сырье,1,1,KAIDA-P0615,Перец чёрный,MAPPED_AUTO_LEGACY,0.96
Перец Черный горошек-200гр,перец черный горошек 200гр,перец черный горошек,FOOD,PRODUCT,фасованное сырье,1,1,KAIDA-P0615,Перец чёрный,MAPPED_AUTO_LEGACY,0.96
Перец черный молотый 100гр,перец черный молотый 100гр,перец черный молотый,FOOD,PRODUCT,фасованное сырье,1,1,KAIDA-P0615,Перец чёрный,MAPPED_AUTO_LEGACY,0.96
Перец черный молотый 800гр,перец черный молотый 800гр,перец черный молотый,FOOD,PRODUCT,фасованное сырье,1,1,KAIDA-P0615,Перец чёрный,MAPPED_AUTO_LEGACY,0.96
Печень трески (Исландия) - 120 гр (кусочки),печень трески исландия 120 гр кусочки,печень трески исландия кусочки,FOOD,PRODUCT,Консервы,1,1,KAIDA-P0262,Печень трески,MAPPED_AUTO_LEGACY,0.96
Печень трески (Камчатка) - 230гр (кусочки),печень трески камчатка 230гр кусочки,печень трески камчатка кусочки,FOOD,PRODUCT,Консервы,1,1,KAIDA-P0262,Печень трески,MAPPED_AUTO_LEGACY,0.96
Печень трески натуральный 500 гр,печень трески натуральный 500 гр,печень трески натуральный,FOOD,PRODUCT,Деликатесы,1,1,KAIDA-P0262,Печень трески,MAPPED_AUTO_LEGACY,0.96
ПИАЛА Чай зеленый gold 2 г*25 шт,пиала чай зеленый gold 2 г 25 шт,пиала чай зеленый gold,FOOD,READY_DISH,Горячие напитки,1,1,KAIDA-P0725,Чай зелёный,MAPPED_AUTO_LEGACY,0.96
ПЛАВЫЧ Сыр плавленый гауда 250 г,плавыч сыр плавленый гауда 250 г,плавыч сыр плавленый гауда,FOOD,PRODUCT,Молочная продукция,1,1,KAIDA-P0303,Сыр плавленый,MAPPED_AUTO_LEGACY,0.96
Пломбир,пломбир,пломбир,FOOD,PRODUCT,Торт,1,1,KAIDA-P0298,Мороженое пломбир,MAPPED_AUTO,0.97
ПРИПРАВЫЧ Перец черный молотый 10 г,приправыч перец черный молотый 10 г,приправыч перец черный молотый,FOOD,PRODUCT,Бакалея,1,1,KAIDA-P0615,Перец чёрный,MAPPED_AUTO_LEGACY,0.96
ПРИПРАВЫЧ Приправа хмели сунели 15 г,приправыч приправа хмели сунели 15 г,приправыч приправа хмели сунели,FOOD,PRODUCT,Бакалея,1,1,KAIDA-P0640,Хмели-сунели,MAPPED_AUTO_LEGACY,0.96
ПРОСТОКВАШИНО Масло сливочное 82% 180 г,простоквашино масло сливочное 82 180 г,простоквашино масло сливочное,FOOD,PRODUCT,Молочная продукция,1,1,KAIDA-P0292,Масло сливочное,MAPPED_AUTO_LEGACY,0.96
Пряный соевый соус 250мл,пряный соевый соус 250мл,пряный соевый соус,FOOD,PRODUCT,Соусы,1,1,KAIDA-P0663,Соевый соус,MAPPED_AUTO_LEGACY,0.96
ПУСК Сыр плавленый 65% 140 г,пуск сыр плавленый 65 140 г,пуск сыр плавленый,FOOD,PRODUCT,Молочная продукция,1,1,KAIDA-P0303,Сыр плавленый,MAPPED_AUTO_LEGACY,0.96
РАХАТ Какао-порошок 100 г,рахат какао порошок 100 г,рахат какао порошок,FOOD,PRODUCT,Бакалея,1,1,KAIDA-P0738,Какао-порошок,MAPPED_RULE,0.96
РАХАТ Какао-порошок 500 г,рахат какао порошок 500 г,рахат какао порошок,FOOD,PRODUCT,Бакалея,1,1,KAIDA-P0738,Какао-порошок,MAPPED_RULE,0.96
Редька Дайкон 1 кг,редька дайкон 1 кг,редька дайкон,FOOD,PRODUCT,Овощи,1,1,KAIDA-P0350,Редька дайкон,MAPPED_AUTO,0.93
САНТА БРЕМОР Икра мойвы классическая №1 180 г,санта бремор икра мойвы классическая No1 180 г,санта бремор икра мойвы классическая 1,FOOD,PRODUCT,Рыбные деликатесы,1,1,KAIDA-P0260,Икра мойвы,MAPPED_AUTO_LEGACY,0.96
САНТА БРЕМОР Икра мойвы подкопченная №3 180 г,санта бремор икра мойвы подкопченная No3 180 г,санта бремор икра мойвы подкопченная 3,FOOD,PRODUCT,Рыбные деликатесы,1,1,KAIDA-P0260,Икра мойвы,MAPPED_AUTO_LEGACY,0.96
Сахар тростниковый 1кг,сахар тростниковый 1кг,сахар тростниковый,FOOD,PRODUCT,фасованное сырье,1,1,KAIDA-P0614,Сахар тростниковый,MAPPED_AUTO,0.93
Сахар тростниковый-100гр.,сахар тростниковый 100гр,сахар тростниковый,FOOD,PRODUCT,фасованное сырье,1,1,KAIDA-P0614,Сахар тростниковый,MAPPED_AUTO,0.93
Сахар тростниковый-500гр.,сахар тростниковый 500гр,сахар тростниковый,FOOD,PRODUCT,фасованное сырье,1,1,KAIDA-P0614,Сахар тростниковый,MAPPED_AUTO,0.93
"Сгущенное молоко 8,5% Олым 30 кг бочка",сгущенное молоко 8 5 олым 30 кг бочка,сгущенное молоко олым бочка,FOOD,PRODUCT,Молоко сгущенное белое и вареное,1,1,KAIDA-P0294,Сгущённое молоко,MAPPED_AUTO_LEGACY,0.96
"Сгущенное молоко Рогачевсий 8,5% ж/б Белоруссия 380гр",сгущенное молоко рогачевсий 8 5 ж б белоруссия 380гр,сгущенное молоко рогачевсий ж б белоруссия,FOOD,PRODUCT,кондитерское сырьё,1,1,KAIDA-P0294,Сгущённое молоко,MAPPED_AUTO_LEGACY,0.96
"Сгущенное молоко с сахаром.м.д.ж. 8,5% 31/37 кг бочка Омск",сгущенное молоко с сахаром м д ж 8 5 31 37 кг бочка омск,сгущенное молоко с сахаром м д ж 31 бочка омск,FOOD,PRODUCT,Молоко сгущенное белое и вареное,1,1,KAIDA-P0294,Сгущённое молоко,MAPPED_AUTO_LEGACY,0.96
Семга,семга,семга,FOOD,PRODUCT,Солено-копченая рыба,1,1,KAIDA-P0173,Атлантический лосось,MAPPED_RULE,0.98
СЕМЕНА ЛЬНА CAREFOOD 200 ГР,семена льна carefood 200 гр,семена льна carefood,FOOD,PRODUCT,Здоровое питание,1,1,KAIDA-P0590,Семена льна,MAPPED_AUTO_LEGACY,0.96
Семена чиа 100гр,семена чиа 100гр,семена чиа,FOOD,PRODUCT,фасованное сырье,1,1,KAIDA-P0591,Семена чиа,MAPPED_AUTO,0.93
Семена чиа 500гр,семена чиа 500гр,семена чиа,FOOD,PRODUCT,фасованное сырье,1,1,KAIDA-P0591,Семена чиа,MAPPED_AUTO,0.93
СЕМЕНА ЧИА CAREFOOD 200 ГР,семена чиа carefood 200 гр,семена чиа carefood,FOOD,PRODUCT,Здоровое питание,1,1,KAIDA-P0591,Семена чиа,MAPPED_AUTO_LEGACY,0.96
"Сироп ""Лесной орех"" 1л, Inco",сироп лесной орех 1л inco,сироп лесной орех inco,FOOD,PRODUCT,сиропы,1,1,KAIDA-P0577,Фундук,MAPPED_AUTO_LEGACY,0.93
"Сироп ""Лесной орех"" 1л, Skbar",сироп лесной орех 1л skbar,сироп лесной орех skbar,FOOD,PRODUCT,сиропы,1,1,KAIDA-P0577,Фундук,MAPPED_AUTO_LEGACY,0.93
"Сироп ""Лесной орех"" 1л, Sweety",сироп лесной орех 1л sweety,сироп лесной орех sweety,FOOD,PRODUCT,сиропы,1,1,KAIDA-P0577,Фундук,MAPPED_AUTO_LEGACY,0.93
Сладкий картофель фри Батат,сладкий картофель фри батат,сладкий картофель фри батат,FOOD,READY_DISH,Картофель фри,1,1,KAIDA-P0826,Картофель фри,MAPPED_RULE,0.99
"Сливки для взбивания «Соблазн» 27% жирн, (Спарта) 20 кг",сливки для взбивания соблазн 27 жирн спарта 20 кг,сливки для взбивания соблазн жирн спарта,FOOD,PRODUCT,"Сливки,крема кондитерские",1,1,KAIDA-P0274,Сливки для взбивания,MAPPED_AUTO_LEGACY,0.96
Сливки для взбивания БМК 33% 1л,сливки для взбивания бмк 33 1л,сливки для взбивания бмк,FOOD,PRODUCT,Сливки,1,1,KAIDA-P0274,Сливки для взбивания,MAPPED_AUTO_LEGACY,0.96
СЛИВОЧНОЕ МАСЛО ISIGNY БРИКЕТ СОЛЁНОЕ 80% 200ГР,сливочное масло isigny брикет соленое 80 200гр,сливочное масло isigny брикет соленое,FOOD,PRODUCT,Акции,1,1,KAIDA-P0292,Масло сливочное,MAPPED_AUTO_LEGACY,0.93
Смесь перцев 100гр,смесь перцев 100гр,смесь перцев,FOOD,PRODUCT,фасованное сырье,1,1,KAIDA-P0642,Смесь перцев,MAPPED_AUTO,0.93
Сметана,сметана,сметана,FOOD,PRODUCT,Дополнительное,1,1,KAIDA-P0275,Сметана,MAPPED_AUTO,0.99
Смородина красная,смородина красная,смородина красная,FOOD,PRODUCT,Ягоды,1,1,KAIDA-P0494,Смородина красная,MAPPED_AUTO,0.99
Смородина красная 125 г,смородина красная 125 г,смородина красная,FOOD,PRODUCT,Фрукты,1,1,KAIDA-P0494,Смородина красная,MAPPED_AUTO,0.93
Смородина черная,смородина черная,смородина черная,FOOD,PRODUCT,Ягоды,1,1,KAIDA-P0493,Смородина чёрная,MAPPED_AUTO,0.99
Смородина черная замороженная 1кг,смородина черная замороженная 1кг,смородина черная замороженная,FOOD,PRODUCT,Сухофрукты,1,1,KAIDA-P0493,Смородина чёрная,MAPPED_AUTO_LEGACY,0.96
СОЕВЫЙ СОУС СИНКАН 500 МЛ С ЧЕСНОКОМ И ПЕРЦЕМ,соевый соус синкан 500 мл с чесноком и перцем,соевый соус синкан с чесноком и перцем,FOOD,PRODUCT,Соусы,1,1,KAIDA-P0663,Соевый соус,MAPPED_AUTO_LEGACY,0.96
Соевый Соус СИНКАН Традиционный 500 мл,соевый соус синкан традиционный 500 мл,соевый соус синкан традиционный,FOOD,PRODUCT,Соусы,1,1,KAIDA-P0663,Соевый соус,MAPPED_AUTO_LEGACY,0.96
Соевый Соус Терияки с/б 300гр,соевый соус терияки с б 300гр,соевый соус терияки с б,FOOD,PRODUCT,Соусы,1,1,KAIDA-P0663,Соевый соус,MAPPED_AUTO_LEGACY,0.96
соевый соус японский 250мл,соевый соус японский 250мл,соевый соус японский,FOOD,PRODUCT,Соусы,1,1,KAIDA-P0663,Соевый соус,MAPPED_AUTO_LEGACY,0.96
Соль пищевая морская крупная Атлантика,соль пищевая морская крупная атлантика,соль пищевая морская крупная атлантика,FOOD,PRODUCT,Специи/Приправы,1,1,KAIDA-P0610,Соль пищевая,MAPPED_AUTO_LEGACY,0.96
Соль пищевая морская мелкая Атлантика,соль пищевая морская мелкая атлантика,соль пищевая морская мелкая атлантика,FOOD,PRODUCT,Специи/Приправы,1,1,KAIDA-P0610,Соль пищевая,MAPPED_AUTO_LEGACY,0.96
Спаржа,спаржа,спаржа,FOOD,PRODUCT,Гарниры,1,1,KAIDA-P0385,Спаржа,MAPPED_AUTO,0.99
Стейк Форели,стейк форели,стейк форели,FOOD,PRODUCT,Замороженная рыба,1,1,KAIDA-P0244,Стейк форели,MAPPED_AUTO,0.99
СУЛТАН Вафли сгущенное молоко 400 г,султан вафли сгущенное молоко 400 г,султан вафли сгущенное молоко,FOOD,PRODUCT,Сладости,1,1,KAIDA-P0294,Сгущённое молоко,MAPPED_AUTO_LEGACY,0.96
"Сухое молоко Frusela 26%, 3кг",сухое молоко frusela 26 3кг,сухое молоко frusela,FOOD,PRODUCT,фасованное сырье,1,1,KAIDA-P0295,Сухое молоко,MAPPED_AUTO_LEGACY,0.96
"Сухое молоко Frusela 26%, 500гр",сухое молоко frusela 26 500гр,сухое молоко frusela,FOOD,PRODUCT,фасованное сырье,1,1,KAIDA-P0295,Сухое молоко,MAPPED_AUTO_LEGACY,0.96
Сухофрукты Грецкий орех 250гр Organic Market,сухофрукты грецкий орех 250гр organic market,сухофрукты грецкий орех organic market,FOOD,PRODUCT,Сухофрукты,1,1,KAIDA-P0575,Грецкий орех,MAPPED_AUTO_LEGACY,0.96
Сухофрукты Тыквенные семечки 250гр Organic Market,сухофрукты тыквенные семечки 250гр organic market,сухофрукты тыквенные семечки organic market,FOOD,PRODUCT,Сухофрукты,1,1,KAIDA-P0587,Тыквенные семечки,MAPPED_AUTO_LEGACY,0.96
Сёмга (лосось атлантический) пласт слабосоленый SEAFOOD,семга лосось атлантический пласт слабосоленый seafood,семга лосось атлантический пласт слабосоленый seafood,FOOD,PRODUCT,Рыба,1,1,KAIDA-P0173,Атлантический лосось,MAPPED_RULE,0.98
Сёмга (лосось атлантический) пласт холодного копчения SEAFOOD,семга лосось атлантический пласт холодного копчения seafood,семга лосось атлантический пласт холодного копчения seafood,FOOD,PRODUCT,Популярный Товар,1,1,KAIDA-P0173,Атлантический лосось,MAPPED_RULE,0.98
"Тигровые креветки 8/12 без головы, Risma, вес упаковка 1 кг.",тигровые креветки 8 12 без головы risma вес упаковка 1 кг,тигровые креветки без головы risma вес упаковка,FOOD,PRODUCT,Креветки,1,1,KAIDA-P0218,Креветка тигровая,MAPPED_RULE,0.97
Тигровые креветки с чесноком и петрушкой,тигровые креветки с чесноком и петрушкой,тигровые креветки с чесноком и петрушкой,FOOD,PRODUCT,Горячее,1,1,KAIDA-P0218,Креветка тигровая,MAPPED_RULE,0.97
Топленое масло Гхи 1 л (стеклянная тара ),топленое масло гхи 1 л стеклянная тара,топленое масло гхи стеклянная тара,FOOD,PRODUCT,ЭКО продукты собственное производство,1,1,KAIDA-P0293,Масло топлёное,MAPPED_AUTO_LEGACY,0.93
Треска,треска,треска,FOOD,PRODUCT,Рыба,1,1,KAIDA-P0189,Треска,MAPPED_AUTO,0.99
Трюфель,трюфель,трюфель,FOOD,PRODUCT,Сладости от Победы (халал),1,1,KAIDA-P0431,Трюфель,MAPPED_AUTO,0.99
УВЕЛКА Рис длиннозерный шлифова пакет 80 г*5 шт,увелка рис длиннозерный шлифова пакет 80 г 5 шт,увелка рис длиннозерный шлифова пакет,FOOD,PRODUCT,Бакалея,1,1,KAIDA-P0507,Рис длиннозёрный,MAPPED_AUTO_LEGACY,0.96
УВЕЛКА Рис круглозерный шлифованый 80 г*5 шт,увелка рис круглозерный шлифованый 80 г 5 шт,увелка рис круглозерный шлифованый,FOOD,PRODUCT,Бакалея,1,1,KAIDA-P0506,Рис круглозёрный,MAPPED_AUTO_LEGACY,0.96
"Уксус винный белый ""De Nigris"" 1л",уксус винный белый de nigris 1л,уксус винный белый de nigris,FOOD,PRODUCT,All,1,1,KAIDA-P0660,Уксус винный белый,MAPPED_AUTO_LEGACY,0.96
"Уксус винный красный ""De Nigris"" 1л",уксус винный красный de nigris 1л,уксус винный красный de nigris,FOOD,PRODUCT,Популярный Товар,1,1,KAIDA-P0659,Уксус винный красный,MAPPED_AUTO_LEGACY,0.96
Уксус яблочный 0.5 л,уксус яблочный 0 5 л,уксус яблочный,FOOD,PRODUCT,ЭКО продукты собственное производство,1,1,KAIDA-P0658,Уксус яблочный,MAPPED_AUTO,0.93
Уксус яблочный 1 л,уксус яблочный 1 л,уксус яблочный,FOOD,PRODUCT,ЭКО продукты собственное производство,1,1,KAIDA-P0658,Уксус яблочный,MAPPED_AUTO,0.93
"Уксус яблочный Organic Market 0,5л",уксус яблочный organic market 0 5л,уксус яблочный organic market,FOOD,PRODUCT,Уксус,1,1,KAIDA-P0658,Уксус яблочный,MAPPED_AUTO_LEGACY,0.96
"Уксус яблочный имбирь 0,5 л",уксус яблочный имбирь 0 5 л,уксус яблочный имбирь,FOOD,PRODUCT,ЭКО продукты собственное производство,1,1,KAIDA-P0658,Уксус яблочный,MAPPED_AUTO_LEGACY,0.96
"Уксус яблочный с имбирем Organic Market 0,5л",уксус яблочный с имбирем organic market 0 5л,уксус яблочный с имбирем organic market,FOOD,PRODUCT,Уксус,1,1,KAIDA-P0658,Уксус яблочный,MAPPED_AUTO_LEGACY,0.96
"Уксус яблочный с имбирем и куркумой Organic Market 0,5л",уксус яблочный с имбирем и куркумой organic market 0 5л,уксус яблочный с имбирем и куркумой organic market,FOOD,PRODUCT,Уксус,1,1,KAIDA-P0658,Уксус яблочный,MAPPED_AUTO_LEGACY,0.96
Уксус яблочный-имбирь,уксус яблочный имбирь,уксус яблочный имбирь,FOOD,PRODUCT,ЭКО продукты собственное производство,1,1,KAIDA-P0658,Уксус яблочный,MAPPED_AUTO_LEGACY,0.96
Устричный соус-маринад к мясу «SEN SOY» 330гр,устричный соус маринад к мясу sen soy 330гр,устричный соус маринад к мясу sen soy,FOOD,PRODUCT,Соусы,1,1,KAIDA-P0665,Устричный соус,MAPPED_AUTO_LEGACY,0.96
"Фарш говяжий 0,7 кг/ шт",фарш говяжий 0 7 кг шт,фарш говяжий шт,FOOD,PRODUCT,Фарш,1,1,KAIDA-P0024,Говяжий фарш,MAPPED_AUTO_LEGACY,0.93
"Фарш говяжий домашний, 1 кг",фарш говяжий домашний 1 кг,фарш говяжий домашний,FOOD,PRODUCT,Фарш,1,1,KAIDA-P0024,Говяжий фарш,MAPPED_AUTO_LEGACY,0.93
"Филе лосося (семги) замороженное, ПРЕМИУМ 4-5 фунтов, кг",филе лосося семги замороженное премиум 4 5 фунтов кг,филе лосося семги замороженное премиум 4 5 фунтов кг,FOOD,PRODUCT,Семга,1,1,KAIDA-P0173,Атлантический лосось,MAPPED_RULE,0.98
Филе лосося на гриле,филе лосося на гриле,филе лосося на гриле,FOOD,READY_DISH,Горячее,1,1,KAIDA-P0241,Филе лосося,MAPPED_AUTO_LEGACY,0.96
"Филе лосося охлажденное 1,5-2 кг",филе лосося охлажденное 1 5 2 кг,филе лосося охлажденное,FOOD,PRODUCT,Охлажденная рыба,1,1,KAIDA-P0241,Филе лосося,MAPPED_AUTO_LEGACY,0.96
Филе Минтая (Россия) - упаковка 1 кг,филе минтая россия упаковка 1 кг,филе минтая россия упаковка,FOOD,PRODUCT,Рыба,1,1,KAIDA-P0248,Филе минтая,MAPPED_AUTO_LEGACY,0.96
Филе минтая без глазировки (1кг),филе минтая без глазировки 1кг,филе минтая без глазировки,FOOD,PRODUCT,Морепродукты,1,1,KAIDA-P0248,Филе минтая,MAPPED_AUTO_LEGACY,0.96
Филе Минтая без кожи с/м,филе минтая без кожи с м,филе минтая без кожи с м,FOOD,PRODUCT,Рыба свежемороженная,1,1,KAIDA-P0248,Филе минтая,MAPPED_AUTO_LEGACY,0.96
Филе сельди (малосольная) - упаковка 500гр,филе сельди малосольная упаковка 500гр,филе сельди малосольная упаковка,FOOD,PRODUCT,Копченая/Соленая,1,1,KAIDA-P0781,Филе сельди,MAPPED_AUTO_LEGACY,0.96
Филе Сибаса,филе сибаса,филе сибаса,FOOD,PRODUCT,Европейская кухня,1,1,KAIDA-P0787,Филе сибаса,MAPPED_AUTO,0.99
Филе Судака Алакольского мелкое,филе судака алакольского мелкое,филе судака алакольского мелкое,FOOD,PRODUCT,Рыба свежемороженная,1,1,KAIDA-P0245,Филе судака,MAPPED_RULE,0.96
Филе судака в остро-сладком соусе,филе судака в остро сладком соусе,филе судака в остро сладком соусе,FOOD,PRODUCT,Восточная кухня,1,1,KAIDA-P0245,Филе судака,MAPPED_RULE,0.96
Филе судака с соусом из домашней сметаны,филе судака с соусом из домашней сметаны,филе судака с соусом из домашней сметаны,FOOD,PRODUCT,Горячее,1,1,KAIDA-P0245,Филе судака,MAPPED_RULE,0.96
Филе Судака среднее,филе судака среднее,филе судака среднее,FOOD,PRODUCT,Рыба свежемороженная,1,1,KAIDA-P0245,Филе судака,MAPPED_RULE,0.96
Филе судака среднее 20%,филе судака среднее 20,филе судака среднее,FOOD,PRODUCT,Морепродукты,1,1,KAIDA-P0245,Филе судака,MAPPED_RULE,0.96
"Филе судака среднее свежемороженое, вес упаковка 1-1,2 кг",филе судака среднее свежемороженое вес упаковка 1 1 2 кг,филе судака среднее свежемороженое вес упаковка,FOOD,PRODUCT,Замороженная рыба,1,1,KAIDA-P0245,Филе судака,MAPPED_RULE,0.96
Филе Тилапии - упаковка 1 кг,филе тилапии упаковка 1 кг,филе тилапии упаковка,FOOD,PRODUCT,Рыба,1,1,KAIDA-P0247,Филе тилапии,MAPPED_AUTO_LEGACY,0.96
Филе Тунца (крупные) 0.5,филе тунца крупные 0 5,филе тунца крупные 0 5,FOOD,PRODUCT,Рыба свежемороженная,1,1,KAIDA-P0250,Филе тунца,MAPPED_AUTO_LEGACY,0.96
"Филе форели малосоленое, вес упаковка 300-400 гр.",филе форели малосоленое вес упаковка 300 400 гр,филе форели малосоленое вес упаковка,FOOD,PRODUCT,Копченая и малосоленая рыба,1,1,KAIDA-P0243,Филе форели,MAPPED_AUTO_LEGACY,0.96
Форель Радужная,форель радужная,форель радужная,FOOD,PRODUCT,Рыба свежемороженная,1,1,KAIDA-P0163,Форель радужная,MAPPED_AUTO,0.99
Форель радужная холодного копчения,форель радужная холодного копчения,форель радужная холодного копчения,FOOD,PRODUCT,"Солёная, копчёная и вяленая продукция",1,1,KAIDA-P0163,Форель радужная,MAPPED_AUTO_LEGACY,0.96
"Форель речная 300-350 свежемороженая, потрошеная, вес упаковка 1-1,2 кг",форель речная 300 350 свежемороженая потрошеная вес упаковка 1 1 2 кг,форель речная 300 350 свежемороженая потрошеная вес упаковка,FOOD,PRODUCT,Замороженная рыба,1,1,KAIDA-P0164,Форель речная,MAPPED_AUTO_LEGACY,0.96
Хрустящие куриные крылышки,хрустящие куриные крылышки,хрустящие куриные крылышки,FOOD,READY_DISH,Закуски к пиву,1,1,KAIDA-P0093,Куриное крыло,MAPPED_AUTO_LEGACY,0.93
Цветная капуста,цветная капуста,цветная капуста,FOOD,PRODUCT,Гарниры,1,1,KAIDA-P0390,Цветная капуста,MAPPED_AUTO,0.99
"Чай зеленый ""Те Гуань Инь"" (0,5л)",чай зеленый те гуань инь 0 5л,чай зеленый те гуань инь,FOOD,READY_DISH,Чаи:,1,1,KAIDA-P0838,Чай зелёный (напиток),MAPPED_RULE,0.95
"Чай зеленый ""Те Гуань Инь"" (1л)",чай зеленый те гуань инь 1л,чай зеленый те гуань инь,FOOD,READY_DISH,Чаи:,1,1,KAIDA-P0838,Чай зелёный (напиток),MAPPED_RULE,0.95
Чай зеленый (чайник),чай зеленый чайник,чай зеленый чайник,FOOD,READY_DISH,Горячие напитки,1,1,KAIDA-P0725,Чай зелёный,MAPPED_AUTO_LEGACY,0.96
Чай зеленый (чашка),чай зеленый чашка,чай зеленый чашка,FOOD,READY_DISH,Горячие напитки,1,1,KAIDA-P0725,Чай зелёный,MAPPED_AUTO_LEGACY,0.96
Чай зеленый Greenfield,чай зеленый greenfield,чай зеленый greenfield,FOOD,READY_DISH,Чайная карта,1,1,KAIDA-P0725,Чай зелёный,MAPPED_AUTO_LEGACY,0.96
Чай Зеленый Жасмин,чай зеленый жасмин,чай зеленый жасмин,FOOD,READY_DISH,Чай,1,1,KAIDA-P0725,Чай зелёный,MAPPED_AUTO_LEGACY,0.96
"Чай зеленый с жасмином (0,5л)",чай зеленый с жасмином 0 5л,чай зеленый с жасмином,FOOD,READY_DISH,Чаи:,1,1,KAIDA-P0838,Чай зелёный (напиток),MAPPED_RULE,0.95
Чай зеленый с жасмином (1л),чай зеленый с жасмином 1л,чай зеленый с жасмином,FOOD,READY_DISH,Чаи:,1,1,KAIDA-P0838,Чай зелёный (напиток),MAPPED_RULE,0.95
Чай Пуэр,чай пуэр,чай пуэр,FOOD,PRODUCT,Чай,1,1,KAIDA-P0728,Чай пуэр,MAPPED_AUTO,0.99
Чай Фруктовый,чай фруктовый,чай фруктовый,FOOD,PRODUCT,Фирменные чаи,1,1,KAIDA-P0730,Чай фруктовый,MAPPED_AUTO,0.99
"Чай черный ""Цейлонское Золото"" (0,5л)",чай черный цейлонское золото 0 5л,чай черный цейлонское золото,FOOD,READY_DISH,Чаи:,1,1,KAIDA-P0837,Чай чёрный (напиток),MAPPED_RULE,0.95
"Чай черный ""Цейлонское Золото"" (1л)",чай черный цейлонское золото 1л,чай черный цейлонское золото,FOOD,READY_DISH,Чаи:,1,1,KAIDA-P0837,Чай чёрный (напиток),MAPPED_RULE,0.95
Чай черный (чайник),чай черный чайник,чай черный чайник,FOOD,READY_DISH,Горячие напитки,1,1,KAIDA-P0724,Чай чёрный,MAPPED_AUTO_LEGACY,0.96
Чай черный (чашка),чай черный чашка,чай черный чашка,FOOD,READY_DISH,Горячие напитки,1,1,KAIDA-P0724,Чай чёрный,MAPPED_AUTO_LEGACY,0.96
Чай черный Greenfield,чай черный greenfield,чай черный greenfield,FOOD,READY_DISH,Чайная карта,1,1,KAIDA-P0724,Чай чёрный,MAPPED_AUTO_LEGACY,0.96
Черная икра Aquatir со скидкой - 20%,черная икра aquatir со скидкой 20,черная икра aquatir со скидкой,FOOD,PRODUCT,Черная икра,1,1,KAIDA-P0256,Чёрная икра,MAPPED_RULE,0.94
Черника,черника,черника,FOOD,PRODUCT,Ягоды,1,1,KAIDA-P0492,Черника,MAPPED_AUTO,0.99
Черный чай (400 мл),черный чай 400 мл,черный чай,FOOD,PRODUCT,Остальное,1,1,KAIDA-P0724,Чай чёрный,MAPPED_AUTO,0.9
Черный чай (800 мл),черный чай 800 мл,черный чай,FOOD,READY_DISH,Классические чаи,1,1,KAIDA-P0837,Чай чёрный (напиток),MAPPED_RULE,0.95
Черный чай 0.6L,черный чай 0 6l,черный чай,FOOD,PRODUCT,Остальное,1,1,KAIDA-P0724,Чай чёрный,MAPPED_AUTO,0.9
Черный чай 0.8L,черный чай 0 8l,черный чай,FOOD,PRODUCT,Остальное,1,1,KAIDA-P0724,Чай чёрный,MAPPED_AUTO,0.9
Черный чай 1L,черный чай 1l,черный чай,FOOD,PRODUCT,Остальное,1,1,KAIDA-P0724,Чай чёрный,MAPPED_AUTO,0.9
Черный чай Томирис,черный чай томирис,черный чай томирис,FOOD,READY_DISH,Чайная карта,1,1,KAIDA-P0724,Чай чёрный,MAPPED_AUTO_LEGACY,0.93
Чечил,чечил,чечил,FOOD,PRODUCT,Остальное,1,1,KAIDA-P0330,Чечил,MAPPED_AUTO,0.99
Чудо Молочный коктейль 2% 960 мл,чудо молочный коктейль 2 960 мл,чудо молочный коктейль,FOOD,PRODUCT,Молочная продукция,1,1,KAIDA-P0297,Молочный коктейль,MAPPED_AUTO_LEGACY,0.96
Чудо Молочный коктейль 2% ванильный 200г,чудо молочный коктейль 2 ванильный 200г,чудо молочный коктейль ванильный,FOOD,PRODUCT,Молочная продукция,1,1,KAIDA-P0297,Молочный коктейль,MAPPED_AUTO_LEGACY,0.96
Чудо Молочный коктейль ваниль 2% 950 мл,чудо молочный коктейль ваниль 2 950 мл,чудо молочный коктейль ваниль,FOOD,PRODUCT,Молочная продукция,1,1,KAIDA-P0297,Молочный коктейль,MAPPED_AUTO_LEGACY,0.96
"Чёрная икра (икра осетра), 100 г.",черная икра икра осетра 100 г,черная икра икра осетра,FOOD,PRODUCT,Икра,1,1,KAIDA-P0257,Икра осетра,MAPPED_RULE,0.97
Чёрная икра белуги 100гр,черная икра белуги 100гр,черная икра белуги,FOOD,PRODUCT,Черная икра,1,1,KAIDA-P0256,Чёрная икра,MAPPED_RULE,0.94
Чёрная икра белуги 250гр,черная икра белуги 250гр,черная икра белуги,FOOD,PRODUCT,Черная икра,1,1,KAIDA-P0256,Чёрная икра,MAPPED_RULE,0.94
Чёрная икра белуги 50гр,черная икра белуги 50гр,черная икра белуги,FOOD,PRODUCT,Черная икра,1,1,KAIDA-P0256,Чёрная икра,MAPPED_RULE,0.94
Чёрная икра Каспийского осетра 100гр,черная икра каспийского осетра 100гр,черная икра каспийского осетра,FOOD,PRODUCT,Черная икра,1,1,KAIDA-P0257,Икра осетра,MAPPED_RULE,0.97
Чёрная икра Каспийского осетра 200гр,черная икра каспийского осетра 200гр,черная икра каспийского осетра,FOOD,PRODUCT,Черная икра,1,1,KAIDA-P0257,Икра осетра,MAPPED_RULE,0.97
Чёрная икра Каспийского осетра 500гр,черная икра каспийского осетра 500гр,черная икра каспийского осетра,FOOD,PRODUCT,Черная икра,1,1,KAIDA-P0257,Икра осетра,MAPPED_RULE,0.97
Чёрная икра Каспийского осетра 50гр,черная икра каспийского осетра 50гр,черная икра каспийского осетра,FOOD,PRODUCT,Черная икра,1,1,KAIDA-P0257,Икра осетра,MAPPED_RULE,0.97
Чёрная икра осетровая Admiral Husso 125гр,черная икра осетровая admiral husso 125гр,черная икра осетровая admiral husso,FOOD,PRODUCT,Черная икра,1,1,KAIDA-P0257,Икра осетра,MAPPED_RULE,0.97
Чёрная икра осетровая Admiral Husso 250гр,черная икра осетровая admiral husso 250гр,черная икра осетровая admiral husso,FOOD,PRODUCT,Черная икра,1,1,KAIDA-P0257,Икра осетра,MAPPED_RULE,0.97
Чёрная икра осетровая Admiral Husso 500гр,черная икра осетровая admiral husso 500гр,черная икра осетровая admiral husso,FOOD,PRODUCT,Черная икра,1,1,KAIDA-P0257,Икра осетра,MAPPED_RULE,0.97
Чёрная икра осетровая Admiral Husso 50гр,черная икра осетровая admiral husso 50гр,черная икра осетровая admiral husso,FOOD,PRODUCT,Черная икра,1,1,KAIDA-P0257,Икра осетра,MAPPED_RULE,0.97
Чёрная икра русского осетра 100гр,черная икра русского осетра 100гр,черная икра русского осетра,FOOD,PRODUCT,Черная икра,1,1,KAIDA-P0257,Икра осетра,MAPPED_RULE,0.97
Чёрная икра русского осетра 250гр,черная икра русского осетра 250гр,черная икра русского осетра,FOOD,PRODUCT,Черная икра,1,1,KAIDA-P0257,Икра осетра,MAPPED_RULE,0.97
Чёрная икра русского осетра 500гр,черная икра русского осетра 500гр,черная икра русского осетра,FOOD,PRODUCT,Черная икра,1,1,KAIDA-P0257,Икра осетра,MAPPED_RULE,0.97
Чёрная икра русского осетра 50гр,черная икра русского осетра 50гр,черная икра русского осетра,FOOD,PRODUCT,Черная икра,1,1,KAIDA-P0257,Икра осетра,MAPPED_RULE,0.97
Чёрная икра Сибирского осетра Hakobyan 100гр,черная икра сибирского осетра hakobyan 100гр,черная икра сибирского осетра hakobyan,FOOD,PRODUCT,Черная икра,1,1,KAIDA-P0257,Икра осетра,MAPPED_RULE,0.97
Чёрная икра Сибирского осетра Hakobyan 200гр,черная икра сибирского осетра hakobyan 200гр,черная икра сибирского осетра hakobyan,FOOD,PRODUCT,Черная икра,1,1,KAIDA-P0257,Икра осетра,MAPPED_RULE,0.97
Чёрная икра Сибирского осетра Hakobyan 250гр,черная икра сибирского осетра hakobyan 250гр,черная икра сибирского осетра hakobyan,FOOD,PRODUCT,Черная икра,1,1,KAIDA-P0257,Икра осетра,MAPPED_RULE,0.97
Чёрная икра Сибирского осетра Hakobyan 50гр,черная икра сибирского осетра hakobyan 50гр,черная икра сибирского осетра hakobyan,FOOD,PRODUCT,Черная икра,1,1,KAIDA-P0257,Икра осетра,MAPPED_RULE,0.97
ШЕДЕВР Масло подсолнечное 5 л,шедевр масло подсолнечное 5 л,шедевр масло подсолнечное,FOOD,PRODUCT,Бакалея,1,1,KAIDA-P0643,Масло подсолнечное,MAPPED_AUTO_LEGACY,0.96
ШИН-ЛАЙН Мороженое пломбир шоколадный бомба145 г,шин лайн мороженое пломбир шоколадный бомба145 г,шин лайн мороженое пломбир шоколадный бомба,FOOD,PRODUCT,Глубокая заморозка,1,1,KAIDA-P0298,Мороженое пломбир,MAPPED_AUTO_LEGACY,0.96
Шоколадное масло Гхи 500гр,шоколадное масло гхи 500гр,шоколадное масло гхи,FOOD,PRODUCT,ЭКО продукты собственное производство,1,1,KAIDA-P0293,Масло топлёное,MAPPED_AUTO_LEGACY,0.93
Шпинат,шпинат,шпинат,FOOD,PRODUCT,Гарниры,1,1,KAIDA-P0407,Шпинат,MAPPED_AUTO,0.99
Шубат,шубат,шубат,FOOD,PRODUCT,Молочные продукты,1,1,KAIDA-P0286,Шубат,MAPPED_AUTO,0.99
Шұжық,шұжық,шұжық,FOOD,PRODUCT,Жылқы еті,1,1,KAIDA-P0059,Шужук из конины,MAPPED_AUTO,0.97
Эсколар,эсколар,эсколар,FOOD,PRODUCT,Солено-копченая рыба,1,1,KAIDA-P0209,Масляная рыба,MAPPED_AUTO,0.97
ЯМИШ YAMISH Яблоко голден делишес кг,ямиш yamish яблоко голден делишес кг,ямиш yamish яблоко голден делишес кг,FOOD,PRODUCT,Фрукты,1,1,KAIDA-P0434,Яблоко голден,MAPPED_AUTO_LEGACY,0.96
ЯРМАРКА Чечевица красная 700 г,ярмарка чечевица красная 700 г,ярмарка чечевица красная,FOOD,PRODUCT,Бакалея,1,1,KAIDA-P0568,Чечевица красная,MAPPED_AUTO_LEGACY,0.96
Бедро (кг),бедро кг,бедро кг,FOOD,PRODUCT,Прочие мясные продукты,21,21,KAIDA-P0091,Куриное бедро,MAPPED_RULE,0.92
Голень (кг),голень кг,голень кг,FOOD,PRODUCT,Прочие мясные продукты,21,21,KAIDA-P0092,Куриная голень,MAPPED_RULE,0.92
Грудинка (кг),грудинка кг,грудинка кг,FOOD,PRODUCT,Прочие мясные продукты,21,21,KAIDA-P0090,Куриная грудка,MAPPED_RULE,0.92
Каркас (кг),каркас кг,каркас кг,FOOD,PRODUCT,Прочие мясные продукты,21,21,KAIDA-P0797,Куриный каркас,MAPPED_RULE,0.92
Крылышки (кг),крылышки кг,крылышки кг,FOOD,PRODUCT,Прочие мясные продукты,21,21,KAIDA-P0093,Куриное крыло,MAPPED_RULE,0.92
Печень (кг),печень кг,печень кг,FOOD,PRODUCT,Прочие мясные продукты,21,21,KAIDA-P0138,Куриная печень,MAPPED_RULE,0.92
Сердце (кг),сердце кг,сердце кг,FOOD,PRODUCT,Прочие мясные продукты,21,21,KAIDA-P0847,Куриное сердце,MAPPED_RULE,0.92
Филе (кг),филе кг,филе кг,FOOD,PRODUCT,Прочие мясные продукты,21,21,KAIDA-P0089,Куриное филе,MAPPED_RULE,0.92
Самса с курицей,самса с курицей,самса с курицей,FOOD,PRODUCT,Витрина | Выпечка | Полуфабрикаты | Самса и хачапури,16,16,KAIDA-P0690,Самса,MAPPED_USER,1.0
Спагетти болоньезе,спагетти болоньезе,спагетти болоньезе,FOOD,READY_DISH,Итальянская кухня | Паста | Паста фреш | Фреш паста,14,14,KAIDA-P0830,Спагетти болоньезе,MAPPED_RULE,0.98
Греческий салат,греческий салат,греческий салат,FOOD,READY_DISH,Закуски/Салаты | КУХНЯ | Салаты,12,12,KAIDA-P0831,Греческий салат,MAPPED_RULE,0.98
Павлова,павлова,павлова,FOOD,READY_DISH,Десерты | Пирожное | Пирожные | Тәттілер,12,12,KAIDA-P0858,Павлова,MAPPED_RULE,0.97
Самса с говядиной,самса с говядиной,самса с говядиной,FOOD,PRODUCT,Витрина | Полуфабрикаты | Самса и хачапури,12,12,KAIDA-P0690,Самса,MAPPED_USER,1.0
Молочная девочка,молочная девочка,молочная девочка,FOOD,READY_DISH,Десерты | Торт | Торты | Торты по предзаказу | Целые торты,11,11,KAIDA-P0810,Торт Молочная девочка,MAPPED_RULE,0.96
Рибай стейк,рибай стейк,рибай стейк,FOOD,READY_DISH,Говядина | Горячее | Хоспер,11,5,KAIDA-P0017,Говяжий рибай,MAPPED_RULE,0.95
«Банан» торты | Торт «Банановый»,банан торты торт банановый,банан торты торт банановый,FOOD,READY_DISH,Торт,8,8,KAIDA-P0850,Торт Банановый,MAPPED_USER,1.0
«Қызыл мақпал» торты | Торт «Красный бархат»,қызыл мақпал торты торт красный бархат,қызыл мақпал торты торт красный бархат,FOOD,READY_DISH,Торт,8,8,KAIDA-P0866,Торт Красный бархат,MAPPED_RULE,0.95
«Құлпынай» торт | Торт «Клубника»,құлпынай торт торт клубника,құлпынай торт торт клубника,FOOD,READY_DISH,Торт,8,8,KAIDA-P0851,Торт Клубничный,MAPPED_USER,1.0
Алмалы круассан | Яблочный круассан,алмалы круассан яблочный круассан,алмалы круассан яблочный круассан,FOOD,READY_DISH,Выпечка | Нан өнімдері,8,8,KAIDA-P0693,Круассан,MAPPED_RULE,0.94
Картоп қосылған нан | Пирожок с картошкой,картоп қосылған нан пирожок с картошкой,картоп қосылған нан пирожок с картошкой,FOOD,PRODUCT,Выпечка | Нан өнімдері,8,8,KAIDA-P0691,Пирожок,MAPPED_USER,1.0
Картофель фри,картофель фри,картофель фри,FOOD,READY_DISH,Гарниры | Закуски | Картофель фри,8,8,KAIDA-P0826,Картофель фри,MAPPED_USER,1.0
Классикалық круассан | Классический круассан,классикалық круассан классический круассан,классикалық круассан классический круассан,FOOD,READY_DISH,Выпечка | Нан өнімдері,8,8,KAIDA-P0693,Круассан,MAPPED_RULE,0.94
Круассан-cэндвич с курицей,круассан cэндвич с курицей,круассан cэндвич с курицей,FOOD,READY_DISH,Выпечка | Нан өнімдері,8,8,KAIDA-P0816,Круассан-сэндвич,MAPPED_RULE,0.9
Манго-Маракуйя макаронсы | Макаронс Манго-Маракуйя,манго маракуйя макаронсы макаронс манго маракуйя,манго маракуйя макаронсы макаронс манго маракуйя,FOOD,READY_DISH,Пирожное | Тәттілер,8,8,KAIDA-P0812,Макаронс,MAPPED_RULE,0.92
Пирог лимонный | Лимон бәліші,пирог лимонный лимон бәліші,пирог лимонный лимон бәліші,FOOD,READY_DISH,Бәліш | Пирог,8,8,KAIDA-P0852,Лимонный пирог,MAPPED_USER,1.0
Пісте-Таңқурай макаронсы | Макаронс Фисташка-Малина,пісте таңқурай макаронсы макаронс фисташка малина,пісте таңқурай макаронсы макаронс фисташка малина,FOOD,READY_DISH,Пирожное | Тәттілер,8,8,KAIDA-P0812,Макаронс,MAPPED_RULE,0.92
Самса с мясом,самса с мясом,самса с мясом,FOOD,READY_DISH,Выпечка | Домашняя выпечка,8,8,KAIDA-P0690,Самса,MAPPED_RULE,0.95
Самса Томпақ ( мясом),самса томпақ мясом,самса томпақ мясом,FOOD,READY_DISH,Выпечка | Нан өнімдері,8,8,KAIDA-P0690,Самса,MAPPED_RULE,0.95
Самса Қызғалдақ ( с курицей),самса қызғалдақ с курицей,самса қызғалдақ с курицей,FOOD,READY_DISH,Выпечка | Нан өнімдері,8,8,KAIDA-P0690,Самса,MAPPED_RULE,0.95
Сиыр еті қосылған самса | Самса с говядиной,сиыр еті қосылған самса самса с говядиной,сиыр еті қосылған самса самса с говядиной,FOOD,READY_DISH,Выпечка | Нан өнімдері,8,8,KAIDA-P0690,Самса,MAPPED_RULE,0.95
Тауық еті қосылған самса | Самса с курицей,тауық еті қосылған самса самса с курицей,тауық еті қосылған самса самса с курицей,FOOD,READY_DISH,Выпечка | Нан өнімдері,8,8,KAIDA-P0690,Самса,MAPPED_RULE,0.95
Торт бенто қара орман | черный лес,торт бенто қара орман черный лес,торт бенто қара орман черный лес,FOOD,READY_DISH,Бенто торт,8,8,KAIDA-P0867,Торт Чёрный лес,MAPPED_RULE,0.95
Шоколадты круассан | Шоколадный круассан,шоколадты круассан шоколадный круассан,шоколадты круассан шоколадный круассан,FOOD,PRODUCT,Выпечка | Нан өнімдері,8,8,KAIDA-P0693,Круассан,MAPPED_USER,1.0
Шпинат пен брынза қосылған бөрек | Борек со шпинатом и брынзой,шпинат пен брынза қосылған бөрек борек со шпинатом и брынзой,шпинат пен брынза қосылған бөрек борек со шпинатом и брынзой,FOOD,READY_DISH,Выпечка | Нан өнімдері,8,8,KAIDA-P0815,Борек,MAPPED_RULE,0.94
Қою кремді круассан | Круассан с заварным кремом,қою кремді круассан круассан с заварным кремом,қою кремді круассан круассан с заварным кремом,FOOD,READY_DISH,Выпечка | Нан өнімдері,8,8,KAIDA-P0693,Круассан,MAPPED_RULE,0.94
Қырыққабат қосылған нан | Пирожок с капустой,қырыққабат қосылған нан пирожок с капустой,қырыққабат қосылған нан пирожок с капустой,FOOD,PRODUCT,Выпечка | Нан өнімдері,8,8,KAIDA-P0691,Пирожок,MAPPED_USER,1.0
Құлпынай-Милкшейк макаронсы | Макаронс Клубника-Милкшейк,құлпынай милкшейк макаронсы макаронс клубника милкшейк,құлпынай милкшейк макаронсы макаронс клубника милкшейк,FOOD,READY_DISH,Пирожное | Тәттілер,8,8,KAIDA-P0812,Макаронс,MAPPED_RULE,0.92
Құс сүті | Птичье молоко,құс сүті птичье молоко,құс сүті птичье молоко,FOOD,READY_DISH,Пирожное | Тәттілер,8,8,KAIDA-P0849,Птичье молоко,MAPPED_USER,1.0
Жидек шайы | Чай ягодный 300 мл,жидек шайы чай ягодный 300 мл,жидек шайы чай ягодный,FOOD,READY_DISH,Чаи | Шай,7,7,KAIDA-P0839,Чай ягодный (напиток),MAPPED_RULE,0.95
Жидек шайы | Чай ягодный 800 мл,жидек шайы чай ягодный 800 мл,жидек шайы чай ягодный,FOOD,READY_DISH,Чаи | Шай,7,7,KAIDA-P0839,Чай ягодный (напиток),MAPPED_RULE,0.95
Мароккан шайы | Чай марокканский 300 мл,мароккан шайы чай марокканский 300 мл,мароккан шайы чай марокканский,FOOD,READY_DISH,Чаи | Шай,7,7,KAIDA-P0840,Чай марокканский,MAPPED_RULE,0.95
Мароккан шайы | Чай марокканский 800 мл,мароккан шайы чай марокканский 800 мл,мароккан шайы чай марокканский,FOOD,READY_DISH,Чаи | Шай,7,7,KAIDA-P0840,Чай марокканский,MAPPED_RULE,0.95
Молочный улун,молочный улун,молочный улун,FOOD,PRODUCT,Листовые чаи | Чай,7,7,KAIDA-P0846,Молочный улун,MAPPED_RULE,0.99
Окрошка,окрошка,окрошка,FOOD,READY_DISH,Блюда | Супы,7,7,KAIDA-P0820,Окрошка,MAPPED_RULE,0.97
Рисовая каша,рисовая каша,рисовая каша,FOOD,READY_DISH,Завтраки | Завтраки от 11:00 до 12:30,7,7,KAIDA-P0832,Рисовая каша,MAPPED_RULE,0.98
"СЛИВКИ ПЕТРОПАВЛОВСКИЕ 10%, 500 МЛ",сливки петропавловские 10 500 мл,сливки петропавловские,FOOD,PRODUCT,молочные продукты,7,7,KAIDA-P0272,Сливки,MAPPED_USER,1.0
Ташкент шайы | Чай ташкенский 300 мл,ташкент шайы чай ташкенский 300 мл,ташкент шайы чай ташкенский,FOOD,READY_DISH,Чаи | Шай,7,7,KAIDA-P0841,Чай ташкентский,MAPPED_RULE,0.95
Ташкент шайы | Чай ташкенский 800 мл,ташкент шайы чай ташкенский 800 мл,ташкент шайы чай ташкенский,FOOD,READY_DISH,Чаи | Шай,7,7,KAIDA-P0841,Чай ташкентский,MAPPED_RULE,0.95
Пирожок с картошкой,пирожок с картошкой,пирожок с картошкой,FOOD,READY_DISH,Витрина | Выпечка,6,6,KAIDA-P0691,Пирожок,MAPPED_RULE,0.95
Самса с сыром,самса с сыром,самса с сыром,FOOD,PRODUCT,Выпечка | Кулинария | Самса и хачапури,6,6,KAIDA-P0690,Самса,MAPPED_USER,1.0
Красный бархат,красный бархат,красный бархат,FOOD,READY_DISH,Десерты | Торты,5,5,KAIDA-P0866,Торт Красный бархат,MAPPED_RULE,0.95
Алатская самса,алатская самса,алатская самса,FOOD,READY_DISH,Домашняя выпечка,4,4,KAIDA-P0690,Самса,MAPPED_RULE,0.95
Апельсиновый фреш,апельсиновый фреш,апельсиновый фреш,FOOD,READY_DISH,Смузи и фреши | Холодные напитки,4,4,KAIDA-P0843,Фреш апельсиновый,MAPPED_RULE,0.98
Колбаски-гриль говядина,колбаски гриль говядина,колбаски гриль говядина,FOOD,PRODUCT,Говядина,4,2,KAIDA-P0789,Колбаса,MAPPED_RULE,0.82
Колбаски-гриль острые (говядина),колбаски гриль острые говядина,колбаски гриль острые говядина,FOOD,PRODUCT,Говядина,4,2,KAIDA-P0789,Колбаса,MAPPED_RULE,0.82
Круассан спайси креветками и со скремблом,круассан спайси креветками и со скремблом,круассан спайси креветками и со скремблом,FOOD,READY_DISH,Завтраки,4,4,KAIDA-P0693,Круассан,MAPPED_RULE,0.94
"Латте курт 0,3L",латте курт 0 3l,латте курт,FOOD,READY_DISH,Горячий кофе,4,3,KAIDA-P0835,Латте,MAPPED_RULE,0.97
"Латте тары 0,3L",латте тары 0 3l,латте тары,FOOD,READY_DISH,Горячий кофе,4,3,KAIDA-P0835,Латте,MAPPED_RULE,0.97
Рамен сливочный с креветками,рамен сливочный с креветками,рамен сливочный с креветками,FOOD,PRODUCT,Паназия,4,4,KAIDA-P0217,Креветка,MAPPED_RULE,0.92
Салат с запеченной семгой в соусе терияки,салат с запеченной семгой в соусе терияки,салат с запеченной семгой в соусе терияки,FOOD,PRODUCT,Салаты,4,4,KAIDA-P0173,Атлантический лосось,MAPPED_RULE,0.98
Салат с запеченной семгой и соусом терияки,салат с запеченной семгой и соусом терияки,салат с запеченной семгой и соусом терияки,FOOD,PRODUCT,Салаты,4,4,KAIDA-P0173,Атлантический лосось,MAPPED_RULE,0.98
Самса с курочкой и сыром,самса с курочкой и сыром,самса с курочкой и сыром,FOOD,READY_DISH,Домашняя выпечка,4,4,KAIDA-P0690,Самса,MAPPED_RULE,0.95
Самса с тыквой,самса с тыквой,самса с тыквой,FOOD,READY_DISH,Витрина | Выпечка,4,4,KAIDA-P0690,Самса,MAPPED_RULE,0.95
Самса с тыквой и говядиной,самса с тыквой и говядиной,самса с тыквой и говядиной,FOOD,READY_DISH,Самса и хачапури,4,4,KAIDA-P0690,Самса,MAPPED_RULE,0.95
ЧЕРНЫЙ ЛЕС,черный лес,черный лес,FOOD,READY_DISH,НА БАНКЕТЫ | ПИРОЖНЫЕ | Сезонные Наполеоны | ТОРТЫ масовочные,4,2,KAIDA-P0867,Торт Чёрный лес,MAPPED_RULE,0.95
Борек шпинат-брынза,борек шпинат брынза,борек шпинат брынза,FOOD,READY_DISH,Выпечка,3,3,KAIDA-P0815,Борек,MAPPED_RULE,0.94
Боул с киноа и креветками,боул с киноа и креветками,боул с киноа и креветками,FOOD,PRODUCT,Здоровое питание,3,3,KAIDA-P0217,Креветка,MAPPED_RULE,0.92
Восточная самса с курицей,восточная самса с курицей,восточная самса с курицей,FOOD,READY_DISH,Выпечка,3,3,KAIDA-P0690,Самса,MAPPED_RULE,0.95
Восточная самса с мясом,восточная самса с мясом,восточная самса с мясом,FOOD,READY_DISH,Выпечка,3,3,KAIDA-P0690,Самса,MAPPED_RULE,0.95
Заварной круассан,заварной круассан,заварной круассан,FOOD,READY_DISH,Пирожные,3,3,KAIDA-P0693,Круассан,MAPPED_RULE,0.94
Креветки пивные,креветки пивные,креветки пивные,FOOD,PRODUCT,Закуски к пиву | Креветки,3,2,KAIDA-P0217,Креветка,MAPPED_RULE,0.92
Круассан с курицей,круассан с курицей,круассан с курицей,FOOD,READY_DISH,Бранч Сэндвичи | Выпечка | Сендвичи,3,3,KAIDA-P0816,Круассан-сэндвич,MAPPED_RULE,0.9
Макаронс,макаронс,макаронс,FOOD,READY_DISH,Пирожные,3,3,KAIDA-P0812,Макаронс,MAPPED_RULE,0.92
"Марокканский чай 1,6L",марокканский чай 1 6l,марокканский чай,FOOD,READY_DISH,Чай,3,3,KAIDA-P0840,Чай марокканский,MAPPED_RULE,0.95
Пирожок с капустой,пирожок с капустой,пирожок с капустой,FOOD,READY_DISH,Выпечка,3,3,KAIDA-P0691,Пирожок,MAPPED_RULE,0.95
Пирожок с яйцом и луком,пирожок с яйцом и луком,пирожок с яйцом и луком,FOOD,READY_DISH,Витрина,3,3,KAIDA-P0691,Пирожок,MAPPED_RULE,0.95
Пицца с сыром страчателла,пицца с сыром страчателла,пицца с сыром страчателла,FOOD,READY_DISH,Итальянская кухня,3,3,KAIDA-P0822,Пицца,MAPPED_RULE,0.9
ПТИЧЬЕ МОЛОКО,птичье молоко,птичье молоко,FOOD,READY_DISH,Десерты | ПИРОЖНЫЕ | ТОРТЫ масовочные,3,2,KAIDA-P0849,Птичье молоко,MAPPED_RULE,0.98
Рис отварной,рис отварной,рис отварной,FOOD,PRODUCT,Гарниры | Дополнительное,3,3,KAIDA-P0828,Рис отварной,MAPPED_AUTO,0.99
Рисовая каша с клубникой и киви,рисовая каша с клубникой и киви,рисовая каша с клубникой и киви,FOOD,READY_DISH,СЛАДКИЕ ЗАВТРАКИ,3,3,KAIDA-P0832,Рисовая каша,MAPPED_RULE,0.98
Слойка с творогом,слойка с творогом,слойка с творогом,FOOD,READY_DISH,Выпечка,3,3,KAIDA-P0692,Слойка,MAPPED_RULE,0.94
Слойка с яблоком,слойка с яблоком,слойка с яблоком,FOOD,READY_DISH,Выпечка,3,3,KAIDA-P0692,Слойка,MAPPED_RULE,0.94
Спагетти с креветками в шпинатном соусе,спагетти с креветками в шпинатном соусе,спагетти с креветками в шпинатном соусе,FOOD,PRODUCT,Паста,3,3,KAIDA-P0217,Креветка,MAPPED_RULE,0.92
Сырники с кремом маскарпоне и свежими ягодами,сырники с кремом маскарпоне и свежими ягодами,сырники с кремом маскарпоне и свежими ягодами,FOOD,PRODUCT,СЛАДКИЕ ЗАВТРАКИ,3,3,KAIDA-P0825,Сырники,MAPPED_RULE,0.94
"Фруктово-манговый лимонад с мороженым 0,4L",фруктово манговый лимонад с мороженым 0 4l,фруктово манговый лимонад с мороженым,FOOD,READY_DISH,Лимонады,3,3,KAIDA-P0721,Лимонад,MAPPED_RULE,0.94
"Фруктово-ягодный лимонад с мороженым 0,4L",фруктово ягодный лимонад с мороженым 0 4l,фруктово ягодный лимонад с мороженым,FOOD,READY_DISH,Лимонады,3,3,KAIDA-P0721,Лимонад,MAPPED_RULE,0.94
Шоколадный круассан,шоколадный круассан,шоколадный круассан,FOOD,READY_DISH,Пирожные,3,3,KAIDA-P0693,Круассан,MAPPED_RULE,0.94
Банан 450мл,банан 450мл,банан,FOOD,PRODUCT,Молочные коктейли,2,2,KAIDA-P0460,Банан,MAPPED_AUTO,0.93
Вяленая семга,вяленая семга,вяленая семга,FOOD,PRODUCT,Закуски к пенному,2,2,KAIDA-P0173,Атлантический лосось,MAPPED_RULE,0.98
Гранатовый Лимонад,гранатовый лимонад,гранатовый лимонад,FOOD,READY_DISH,БЕЗАЛКОГОЛЬНЫЕ НАПИТКИ | Лимонады,2,2,KAIDA-P0721,Лимонад,MAPPED_RULE,0.94
"Икра ""Обкомовская"" лососевая, вес 140 гр .",икра обкомовская лососевая вес 140 гр,икра обкомовская лососевая вес,FOOD,PRODUCT,Икра красная,2,1,KAIDA-P0252,Красная икра,MAPPED_RULE,0.94
Какао 360мл,какао 360мл,какао,FOOD,READY_DISH,Детские напитки,2,2,KAIDA-P0844,Какао (напиток),MAPPED_RULE,0.98
Клубничный какао 360мл,клубничный какао 360мл,клубничный какао,FOOD,READY_DISH,Детские напитки,2,2,KAIDA-P0844,Какао (напиток),MAPPED_RULE,0.98
Компот 500 мл,компот 500 мл,компот,FOOD,PRODUCT,Напитки,2,2,KAIDA-P0719,Компот,MAPPED_AUTO,0.93
Креветки 16/20 1кг б/г Эконом Индия SeaFood,креветки 16 20 1кг б г эконом индия seafood,креветки б г эконом индия seafood,FOOD,PRODUCT,All | Креветки,2,1,KAIDA-P0217,Креветка,MAPPED_RULE,0.92
Креветки сырые без головы,креветки сырые без головы,креветки сырые без головы,FOOD,PRODUCT,Морепродукты,2,1,KAIDA-P0217,Креветка,MAPPED_RULE,0.92
Креветки тигровые,креветки тигровые,креветки тигровые,FOOD,PRODUCT,Морепродукты | Сашими,2,2,KAIDA-P0218,Креветка тигровая,MAPPED_RULE,0.97
Латте гранат 360мл,латте гранат 360мл,латте гранат,FOOD,READY_DISH,Фирменные напитки,2,2,KAIDA-P0835,Латте,MAPPED_RULE,0.97
Латте черника 360мл,латте черника 360мл,латте черника,FOOD,READY_DISH,Фирменные напитки,2,2,KAIDA-P0835,Латте,MAPPED_RULE,0.97
Морс 500 мл,морс 500 мл,морс,FOOD,PRODUCT,Напитки,2,2,KAIDA-P0718,Морс ягодный,MAPPED_AUTO,0.9
Пирожок Маргеланский,пирожок маргеланский,пирожок маргеланский,FOOD,READY_DISH,Заказные блюда,2,2,KAIDA-P0691,Пирожок,MAPPED_RULE,0.95
сметана /40 гр,сметана 40 гр,сметана,FOOD,PRODUCT,КУХНЯ,2,2,KAIDA-P0275,Сметана,MAPPED_AUTO,0.93
творог /100 гр,творог 100 гр,творог,FOOD,PRODUCT,КУХНЯ,2,2,KAIDA-P0277,Творог,MAPPED_AUTO,0.93
чай /500 мл,чай 500 мл,чай,FOOD,PRODUCT,БАР,2,2,KAIDA-P0724,Чай чёрный,MAPPED_AUTO,0.9
Чай Ташкентский,чай ташкентский,чай ташкентский,FOOD,PRODUCT,Авторский чай | Фирменные чаи,2,2,KAIDA-P0841,Чай ташкентский,MAPPED_AUTO,0.99
ADAL Сметана 10% 180 г,adal сметана 10 180 г,adal сметана,FOOD,PRODUCT,Молочная продукция,1,1,KAIDA-P0275,Сметана,MAPPED_USER,1.0
ADAL Сметана 10% 380 г,adal сметана 10 380 г,adal сметана,FOOD,PRODUCT,Молочная продукция,1,1,KAIDA-P0275,Сметана,MAPPED_USER,1.0
ADAL Сметана 15% 180 г,adal сметана 15 180 г,adal сметана,FOOD,PRODUCT,Молочная продукция,1,1,KAIDA-P0275,Сметана,MAPPED_USER,1.0
ADAL Сметана 15% 380 г,adal сметана 15 380 г,adal сметана,FOOD,PRODUCT,Молочная продукция,1,1,KAIDA-P0275,Сметана,MAPPED_USER,1.0
ADAL Сметана 20% 180 г,adal сметана 20 180 г,adal сметана,FOOD,PRODUCT,Молочная продукция,1,1,KAIDA-P0275,Сметана,MAPPED_USER,1.0
belVita Печенье с какао 225 г,belvita печенье с какао 225 г,belvita печенье с какао,FOOD,PRODUCT,Сладости,1,1,KAIDA-P0738,Какао-порошок,MAPPED_RULE,0.96
BENTO-BOX С КРЕВЕТКАМИ/КАРТОФЕЛЬ ФРИ,bento box с креветками картофель фри,bento box с креветками картофель фри,FOOD,READY_DISH,MINI MENU,1,1,KAIDA-P0826,Картофель фри,MAPPED_RULE,0.99
BLITZ Корм д/к кревет индейка 85 г,blitz корм д к кревет индейка 85 г,blitz корм д к кревет индейка,FOOD,PRODUCT,Корм и товары для животных,1,1,KAIDA-P0217,Креветка,MAPPED_RULE,0.92
"Caravella Ante-forno Cocoa (Каравелла Анте-форно Какао), 13 кг. Италия",caravella ante forno cocoa каравелла анте форно какао 13 кг италия,caravella ante forno cocoa каравелла анте форно какао италия,FOOD,PRODUCT,"Пасты Фисташковая, Шоколадные и  Шоколадно-ореховые",1,1,KAIDA-P0738,Какао-порошок,MAPPED_RULE,0.96
"Crea какао-масло в каллетах 100%, 10кг",crea какао масло в каллетах 100 10кг,crea какао масло в каллетах,FOOD,PRODUCT,шоколадные товары Crea,1,1,KAIDA-P0738,Какао-порошок,MAPPED_RULE,0.96
"Crea какао-масло в каллетах 100%, 500гр",crea какао масло в каллетах 100 500гр,crea какао масло в каллетах,FOOD,PRODUCT,шоколадные товары Crea,1,1,KAIDA-P0738,Какао-порошок,MAPPED_RULE,0.96
DIZZY Лимонад fest berry 1 л,dizzy лимонад fest berry 1 л,dizzy лимонад fest berry,FOOD,READY_DISH,Безалкогольные напитки,1,1,KAIDA-P0721,Лимонад,MAPPED_RULE,0.94
HOLIDAY Лимонад 1 л,holiday лимонад 1 л,holiday лимонад,FOOD,READY_DISH,Безалкогольные напитки,1,1,KAIDA-P0721,Лимонад,MAPPED_RULE,0.94
HOLIDAY Лимонад 500 мл,holiday лимонад 500 мл,holiday лимонад,FOOD,READY_DISH,Безалкогольные напитки,1,1,KAIDA-P0721,Лимонад,MAPPED_RULE,0.94
"HOLIDAY Лимонад газированный 1,5 л",holiday лимонад газированный 1 5 л,holiday лимонад газированный,FOOD,READY_DISH,Безалкогольные напитки,1,1,KAIDA-P0721,Лимонад,MAPPED_RULE,0.94
"HOLIDAY Лимонад Лучший русский 2,5 л",holiday лимонад лучший русский 2 5 л,holiday лимонад лучший русский,FOOD,READY_DISH,Безалкогольные напитки,1,1,KAIDA-P0721,Лимонад,MAPPED_RULE,0.94
HOLIDAY Лимонад Тархун 500 мл,holiday лимонад тархун 500 мл,holiday лимонад тархун,FOOD,READY_DISH,Безалкогольные напитки,1,1,KAIDA-P0722,Тархун напиток,MAPPED_RULE,0.97
LOTTE Choco Pie с какао 168 г,lotte choco pie с какао 168 г,lotte choco pie с какао,FOOD,PRODUCT,Сладости,1,1,KAIDA-P0738,Какао-порошок,MAPPED_RULE,0.96
Milka Вафля с какао 30 г,milka вафля с какао 30 г,milka вафля с какао,FOOD,PRODUCT,Сладости,1,1,KAIDA-P0738,Какао-порошок,MAPPED_RULE,0.96
Milka Паста ореховая с какао 350 г,milka паста ореховая с какао 350 г,milka паста ореховая с какао,FOOD,PRODUCT,Сладости,1,1,KAIDA-P0738,Какао-порошок,MAPPED_RULE,0.96
OREO Печенье какао ваниль 95 г,oreo печенье какао ваниль 95 г,oreo печенье какао ваниль,FOOD,PRODUCT,Сладости,1,1,KAIDA-P0738,Какао-порошок,MAPPED_RULE,0.96
OREO Печенье какао-ваниль 38 г,oreo печенье какао ваниль 38 г,oreo печенье какао ваниль,FOOD,PRODUCT,Сладости,1,1,KAIDA-P0738,Какао-порошок,MAPPED_RULE,0.96
OREO Печенье с какао и клубникой 95 г,oreo печенье с какао и клубникой 95 г,oreo печенье с какао и клубникой,FOOD,PRODUCT,Сладости,1,1,KAIDA-P0738,Какао-порошок,MAPPED_RULE,0.96
PRESIDENT Сметана 10% 400 г,president сметана 10 400 г,president сметана,FOOD,PRODUCT,Молочная продукция,1,1,KAIDA-P0275,Сметана,MAPPED_USER,1.0
PRESIDENT Сметана 15% 380 г,president сметана 15 380 г,president сметана,FOOD,PRODUCT,Молочная продукция,1,1,KAIDA-P0275,Сметана,MAPPED_USER,1.0
PRESIDENT Сметана 15% 400 г,president сметана 15 400 г,president сметана,FOOD,PRODUCT,Молочная продукция,1,1,KAIDA-P0275,Сметана,MAPPED_USER,1.0
PRESIDENT Сметана 20% 200 г,president сметана 20 200 г,president сметана,FOOD,PRODUCT,Молочная продукция,1,1,KAIDA-P0275,Сметана,MAPPED_USER,1.0
PRESIDENT Сметана 20% 400 г,president сметана 20 400 г,president сметана,FOOD,PRODUCT,Молочная продукция,1,1,KAIDA-P0275,Сметана,MAPPED_USER,1.0
RIKS Лимонад Буратино 500 мл,riks лимонад буратино 500 мл,riks лимонад буратино,FOOD,READY_DISH,Безалкогольные напитки,1,1,KAIDA-P0721,Лимонад,MAPPED_RULE,0.94
RIOBA Шоколад горький 72% какао 100 г,rioba шоколад горький 72 какао 100 г,rioba шоколад горький какао,FOOD,PRODUCT,Сладости,1,1,KAIDA-P0738,Какао-порошок,MAPPED_RULE,0.96
RIOBA Шоколад порционный горький 72% какао 800 г,rioba шоколад порционный горький 72 какао 800 г,rioba шоколад порционный горький какао,FOOD,PRODUCT,Сладости,1,1,KAIDA-P0738,Какао-порошок,MAPPED_RULE,0.96
RIOBA Шоколад порционный молочный 32% какао 800 г,rioba шоколад порционный молочный 32 какао 800 г,rioba шоколад порционный молочный какао,FOOD,PRODUCT,Сладости,1,1,KAIDA-P0738,Какао-порошок,MAPPED_RULE,0.96
RIOBA Шоколад порционный темный 51% какао 800 г,rioba шоколад порционный темный 51 какао 800 г,rioba шоколад порционный темный какао,FOOD,PRODUCT,Сладости,1,1,KAIDA-P0738,Какао-порошок,MAPPED_RULE,0.96
ROSHEN Трубочки Konafetto какао 140 г,roshen трубочки konafetto какао 140 г,roshen трубочки konafetto какао,FOOD,PRODUCT,Сладости,1,1,KAIDA-P0738,Какао-порошок,MAPPED_RULE,0.96
"Аргентинские красные креветки в панцире б/г с/м 41/50 ""Лангостино"" зам. 'VICI' 750г *5 шт/кор",аргентинские красные креветки в панцире б г с м 41 50 лангостино зам vici 750г 5 шт кор,аргентинские красные креветки в панцире б г с м лангостино зам vici кор,FOOD,PRODUCT,Морепродукты,1,1,KAIDA-P0217,Креветка,MAPPED_RULE,0.92
Аргентинские красные креветки в панцире б/г с/м 41/50 зам. 'VICI' 4000 г.,аргентинские красные креветки в панцире б г с м 41 50 зам vici 4000 г,аргентинские красные креветки в панцире б г с м зам vici,FOOD,PRODUCT,Морепродукты,1,1,KAIDA-P0217,Креветка,MAPPED_RULE,0.92
"Ассорти мини самса, чебуреки №1",ассорти мини самса чебуреки No1,ассорти мини самса чебуреки 1,FOOD,READY_DISH,Выпечка,1,1,KAIDA-P0690,Самса,MAPPED_RULE,0.95
Ассорти самса чебуреки №2,ассорти самса чебуреки No2,ассорти самса чебуреки 2,FOOD,READY_DISH,Выпечка,1,1,KAIDA-P0690,Самса,MAPPED_RULE,0.95
Базилик 50гр,базилик 50гр,базилик,FOOD,PRODUCT,фасованное сырье,1,1,KAIDA-P0397,Базилик зелёный,MAPPED_AUTO,0.9
Балқаймақ 300гр,балқаймақ 300гр,балқаймақ,FOOD,PRODUCT,Национальная Молочная продукция,1,1,KAIDA-P0335,Балкаймак,MAPPED_AUTO,0.9
Баранина - 1 кг,баранина 1 кг,баранина,FOOD,PRODUCT,Мясной Ряд,1,1,KAIDA-P0031,Баранина,MAPPED_AUTO,0.93
Барбарисовый Лимонад,барбарисовый лимонад,барбарисовый лимонад,FOOD,READY_DISH,БЕЗАЛКОГОЛЬНЫЕ НАПИТКИ,1,1,KAIDA-P0721,Лимонад,MAPPED_RULE,0.94
Баурсаки 250г,баурсаки 250г,баурсаки,FOOD,PRODUCT,Кулинария,1,1,KAIDA-P0689,Баурсак,MAPPED_AUTO,0.9
БИЖАН Ветчина говяжья 1 кг,бижан ветчина говяжья 1 кг,бижан ветчина говяжья,FOOD,PRODUCT,Переработанное мясо,1,1,KAIDA-P0788,Ветчина,MAPPED_RULE,0.92
Бланшированные креветки,бланшированные креветки,бланшированные креветки,FOOD,PRODUCT,Креветки,1,1,KAIDA-P0217,Креветка,MAPPED_RULE,0.92
Борщ Суп лапша Апашкин суп Мампар Рассольник Солянка Харчо Чечевичный суп Грибной крем-суп Тыквенный крем-суп Сырный суп Крем-суп из брокколи Окрошка от 870,борщ суп лапша апашкин суп мампар рассольник солянка харчо чечевичный суп грибной крем суп тыквенный крем суп сырный суп крем суп из брокколи окрошка от 870,борщ суп лапша апашкин суп мампар рассольник солянка харчо чечевичный суп грибной крем суп тыквенный крем суп сырный суп крем суп из брокколи окрошка от 870,FOOD,READY_DISH,Супы,1,1,KAIDA-P0818,Борщ,MAPPED_RULE,0.97
боул с креветками и авокадо,боул с креветками и авокадо,боул с креветками и авокадо,FOOD,PRODUCT,Горячие блюда,1,1,KAIDA-P0217,Креветка,MAPPED_RULE,0.92
Брокколи 1 кг,брокколи 1 кг,брокколи,FOOD,PRODUCT,Овощи,1,1,KAIDA-P0391,Брокколи,MAPPED_AUTO,0.93
Говядина - 1 кг,говядина 1 кг,говядина,FOOD,PRODUCT,Мясной Ряд,1,1,KAIDA-P0001,Говядина,MAPPED_AUTO,0.93
Голубика 125 г,голубика 125 г,голубика,FOOD,PRODUCT,Фрукты,1,1,KAIDA-P0491,Голубика,MAPPED_AUTO,0.93
Гранат 1 кг,гранат 1 кг,гранат,FOOD,PRODUCT,Фрукты,1,1,KAIDA-P0450,Гранат,MAPPED_AUTO,0.93
Греческий салат с сыром Фета,греческий салат с сыром фета,греческий салат с сыром фета,FOOD,READY_DISH,Салаты,1,1,KAIDA-P0831,Греческий салат,MAPPED_RULE,0.98
Жареные креветки,жареные креветки,жареные креветки,FOOD,PRODUCT,Морепродукты,1,1,KAIDA-P0217,Креветка,MAPPED_RULE,0.92
Зеленый салат с авокадо и креветками,зеленый салат с авокадо и креветками,зеленый салат с авокадо и креветками,FOOD,PRODUCT,Салаты,1,1,KAIDA-P0217,Креветка,MAPPED_RULE,0.92
ЗЛАТОЯР Лимонад Байкал 500 мл,златояр лимонад байкал 500 мл,златояр лимонад байкал,FOOD,READY_DISH,Безалкогольные напитки,1,1,KAIDA-P0721,Лимонад,MAPPED_RULE,0.94
ЗЛАТОЯР Лимонад Буратино 500 мл,златояр лимонад буратино 500 мл,златояр лимонад буратино,FOOD,READY_DISH,Безалкогольные напитки,1,1,KAIDA-P0721,Лимонад,MAPPED_RULE,0.94
ЗЛАТОЯР Лимонад Дюшес 500 мл,златояр лимонад дюшес 500 мл,златояр лимонад дюшес,FOOD,READY_DISH,Безалкогольные напитки,1,1,KAIDA-P0721,Лимонад,MAPPED_RULE,0.94
ЗЛАТОЯР Лимонад Тархун 500 мл,златояр лимонад тархун 500 мл,златояр лимонад тархун,FOOD,READY_DISH,Безалкогольные напитки,1,1,KAIDA-P0722,Тархун напиток,MAPPED_RULE,0.97
"Икра ""KAMCHATKA"" лососевая Кета, вес 230 гр .",икра kamchatka лососевая кета вес 230 гр,икра kamchatka лососевая кета вес,FOOD,PRODUCT,Икра красная,1,1,KAIDA-P0254,Икра кеты,MAPPED_RULE,0.97
"Икра ""Обкомовская"" лососевая, вес 200 гр .",икра обкомовская лососевая вес 200 гр,икра обкомовская лососевая вес,FOOD,PRODUCT,Икра красная,1,1,KAIDA-P0252,Красная икра,MAPPED_RULE,0.94
"Икра ""Обкомовская"" лососевая, вес 360 гр .",икра обкомовская лососевая вес 360 гр,икра обкомовская лососевая вес,FOOD,PRODUCT,Икра красная,1,1,KAIDA-P0252,Красная икра,MAPPED_RULE,0.94
"Икра ""Обкомовская"" лососевая, вес 500 гр .",икра обкомовская лососевая вес 500 гр,икра обкомовская лососевая вес,FOOD,PRODUCT,Икра красная,1,1,KAIDA-P0252,Красная икра,MAPPED_RULE,0.94
"Икра ""Обкомовская"" лососевая, вес 95 гр .",икра обкомовская лососевая вес 95 гр,икра обкомовская лососевая вес,FOOD,PRODUCT,Икра красная,1,1,KAIDA-P0252,Красная икра,MAPPED_RULE,0.94
"Икра зернистая осетра 100гр, Астраханская",икра зернистая осетра 100гр астраханская,икра зернистая осетра астраханская,FOOD,PRODUCT,Икра черная,1,1,KAIDA-P0257,Икра осетра,MAPPED_RULE,0.97
"Икра зернистая осетра железная банка 125 гр, Астраханская",икра зернистая осетра железная банка 125 гр астраханская,икра зернистая осетра железная банка астраханская,FOOD,PRODUCT,Икра черная,1,1,KAIDA-P0257,Икра осетра,MAPPED_RULE,0.97
"Икра зернистая осетровых рыб Black Gold 100 гр, Астраханская",икра зернистая осетровых рыб black gold 100 гр астраханская,икра зернистая осетровых рыб black gold астраханская,FOOD,PRODUCT,Икра черная,1,1,KAIDA-P0257,Икра осетра,MAPPED_RULE,0.97
"Икра зернистая осетровых рыб Black Gold 50 гр, Астраханская",икра зернистая осетровых рыб black gold 50 гр астраханская,икра зернистая осетровых рыб black gold астраханская,FOOD,PRODUCT,Икра черная,1,1,KAIDA-P0257,Икра осетра,MAPPED_RULE,0.97
"Икра зернистая осетровых рыб Империал 100 гр, Астраханская",икра зернистая осетровых рыб империал 100 гр астраханская,икра зернистая осетровых рыб империал астраханская,FOOD,PRODUCT,Икра черная,1,1,KAIDA-P0257,Икра осетра,MAPPED_RULE,0.97
"Икра зернистая осетровых рыб Империал 50 гр, Астраханская",икра зернистая осетровых рыб империал 50 гр астраханская,икра зернистая осетровых рыб империал астраханская,FOOD,PRODUCT,Икра черная,1,1,KAIDA-P0257,Икра осетра,MAPPED_RULE,0.97
"Икра зернистая осетровых рыб Премиум 100 гр, Астраханская",икра зернистая осетровых рыб премиум 100 гр астраханская,икра зернистая осетровых рыб премиум астраханская,FOOD,PRODUCT,Икра черная,1,1,KAIDA-P0257,Икра осетра,MAPPED_RULE,0.97
"Икра зернистая осетровых рыб Премиум 50 гр, Астраханская",икра зернистая осетровых рыб премиум 50 гр астраханская,икра зернистая осетровых рыб премиум астраханская,FOOD,PRODUCT,Икра черная,1,1,KAIDA-P0257,Икра осетра,MAPPED_RULE,0.97
Икра Кета 250гр,икра кета 250гр,икра кета,FOOD,PRODUCT,Красная Икра,1,1,KAIDA-P0254,Икра кеты,MAPPED_RULE,0.97
Икра красная Hansey Масаго,икра красная hansey масаго,икра красная hansey масаго,FOOD,PRODUCT,Популярный Товар,1,1,KAIDA-P0252,Красная икра,MAPPED_RULE,0.94
Икра черная 100гр,икра черная 100гр,икра черная,FOOD,PRODUCT,Икра,1,1,KAIDA-P0256,Чёрная икра,MAPPED_RULE,0.94
Икра Черная 50гр,икра черная 50гр,икра черная,FOOD,PRODUCT,Икра,1,1,KAIDA-P0256,Чёрная икра,MAPPED_RULE,0.94
"Икра черная Caspian Caviar осетра 100 гр, Каспийская",икра черная caspian caviar осетра 100 гр каспийская,икра черная caspian caviar осетра каспийская,FOOD,PRODUCT,Икра черная,1,1,KAIDA-P0257,Икра осетра,MAPPED_RULE,0.97
"Икра черная Caspian Caviar осетра 200 гр, Каспийская",икра черная caspian caviar осетра 200 гр каспийская,икра черная caspian caviar осетра каспийская,FOOD,PRODUCT,Икра черная,1,1,KAIDA-P0257,Икра осетра,MAPPED_RULE,0.97
"Икра черная Caspian Caviar осетра 50 гр, Каспийская",икра черная caspian caviar осетра 50 гр каспийская,икра черная caspian caviar осетра каспийская,FOOD,PRODUCT,Икра черная,1,1,KAIDA-P0257,Икра осетра,MAPPED_RULE,0.97
"Икра черная Caspian Caviar стерлядь 120 гр, Каспийская",икра черная caspian caviar стерлядь 120 гр каспийская,икра черная caspian caviar стерлядь каспийская,FOOD,PRODUCT,Икра черная,1,1,KAIDA-P0805,Икра стерляди,MAPPED_RULE,0.97
"Икра черная Caspian Caviar стерлядь 230 гр, Каспийская",икра черная caspian caviar стерлядь 230 гр каспийская,икра черная caspian caviar стерлядь каспийская,FOOD,PRODUCT,Икра черная,1,1,KAIDA-P0805,Икра стерляди,MAPPED_RULE,0.97
Казы - 1 кг,казы 1 кг,казы,FOOD,PRODUCT,Мясной Ряд,1,1,KAIDA-P0058,Казы,MAPPED_AUTO,0.93
"Какао ""Алкализе"" 500гр, Малайзия",какао алкализе 500гр малайзия,какао алкализе малайзия,FOOD,PRODUCT,фасованное сырье,1,1,KAIDA-P0738,Какао-порошок,MAPPED_RULE,0.96
"Какао ""Алкализе"" AG800 Камбоджа 500гр",какао алкализе ag800 камбоджа 500гр,какао алкализе ag800 камбоджа,FOOD,PRODUCT,фасованное сырье,1,1,KAIDA-P0738,Какао-порошок,MAPPED_RULE,0.96
"Какао 0,3",какао 0 3,какао 0 3,FOOD,READY_DISH,Горячие напитки (Чай-Какао),1,1,KAIDA-P0844,Какао (напиток),MAPPED_RULE,0.98
Какао 350 мл,какао 350 мл,какао,FOOD,READY_DISH,Кофе,1,1,KAIDA-P0844,Какао (напиток),MAPPED_RULE,0.98
"Какао 7-9%, 500гр, Китай",какао 7 9 500гр китай,какао 7 китай,FOOD,PRODUCT,фасованное сырье,1,1,KAIDA-P0738,Какао-порошок,MAPPED_RULE,0.96
Какао масло 1кг,какао масло 1кг,какао масло,FOOD,PRODUCT,какао,1,1,KAIDA-P0738,Какао-порошок,MAPPED_RULE,0.96
Какао масло Турция 100гр,какао масло турция 100гр,какао масло турция,FOOD,PRODUCT,фасованное Ovalette,1,1,KAIDA-P0738,Какао-порошок,MAPPED_RULE,0.96
"Какао-масло в каллетах 100%, 100гр, Veliche",какао масло в каллетах 100 100гр veliche,какао масло в каллетах veliche,FOOD,PRODUCT,фасованное сырье,1,1,KAIDA-P0738,Какао-порошок,MAPPED_RULE,0.96
"Какао-масло в каллетах 100%, 3кг, Veliche",какао масло в каллетах 100 3кг veliche,какао масло в каллетах veliche,FOOD,PRODUCT,Каллебаут,1,1,KAIDA-P0738,Какао-порошок,MAPPED_RULE,0.96
Капуста 1 кг,капуста 1 кг,капуста,FOOD,PRODUCT,Овощи,1,1,KAIDA-P0386,Капуста белокочанная,MAPPED_AUTO,0.9
Кардамон 100гр,кардамон 100гр,кардамон,FOOD,PRODUCT,фасованное сырье,1,1,KAIDA-P0628,Кардамон,MAPPED_AUTO,0.93
Картофель фри + кетчуп,картофель фри кетчуп,картофель фри кетчуп,FOOD,READY_DISH,Фастфуд,1,1,KAIDA-P0826,Картофель фри,MAPPED_RULE,0.99
Картофель фри с пармезаном,картофель фри с пармезаном,картофель фри с пармезаном,FOOD,READY_DISH,Закуски,1,1,KAIDA-P0826,Картофель фри,MAPPED_RULE,0.99
киш лорен с семгой и брокколи,киш лорен с семгой и брокколи,киш лорен с семгой и брокколи,FOOD,PRODUCT,Выпечка,1,1,KAIDA-P0173,Атлантический лосось,MAPPED_RULE,0.98
"Колбаски гриль для жарки баранина, 0,45 кг/упак",колбаски гриль для жарки баранина 0 45 кг упак,колбаски гриль для жарки баранина упак,FOOD,PRODUCT,Колбаски-гриль,1,1,KAIDA-P0789,Колбаса,MAPPED_RULE,0.82
"Колбаски гриль для жарки говядина, 0,45 кг/упак",колбаски гриль для жарки говядина 0 45 кг упак,колбаски гриль для жарки говядина упак,FOOD,PRODUCT,Колбаски-гриль,1,1,KAIDA-P0789,Колбаса,MAPPED_RULE,0.82
"Колбаски гриль для жарки конина, 0,45 кг/упак",колбаски гриль для жарки конина 0 45 кг упак,колбаски гриль для жарки конина упак,FOOD,PRODUCT,Колбаски-гриль,1,1,KAIDA-P0789,Колбаса,MAPPED_RULE,0.82
"Колбаски гриль для жарки курица, 0,45 кг/упак",колбаски гриль для жарки курица 0 45 кг упак,колбаски гриль для жарки курица упак,FOOD,PRODUCT,Колбаски-гриль,1,1,KAIDA-P0789,Колбаса,MAPPED_RULE,0.82
"Колбаски гриль хот-дог куриные 0,28кг",колбаски гриль хот дог куриные 0 28кг,колбаски гриль хот дог куриные,FOOD,PRODUCT,Колбаски-гриль,1,1,KAIDA-P0789,Колбаса,MAPPED_RULE,0.82
"Колбаски гриль-улитка sous-vide говядина, 0,15 кг/шт",колбаски гриль улитка sous vide говядина 0 15 кг шт,колбаски гриль улитка sous vide говядина шт,FOOD,PRODUCT,Колбаски-гриль,1,1,KAIDA-P0789,Колбаса,MAPPED_RULE,0.82
"Колбаски гриль-улитка sous-vide курица, 0,15 кг/шт",колбаски гриль улитка sous vide курица 0 15 кг шт,колбаски гриль улитка sous vide курица шт,FOOD,PRODUCT,Колбаски-гриль,1,1,KAIDA-P0789,Колбаса,MAPPED_RULE,0.82
"Колбаски гриль-улитка для жарки баранина, 0,20 кг/шт",колбаски гриль улитка для жарки баранина 0 20 кг шт,колбаски гриль улитка для жарки баранина шт,FOOD,PRODUCT,Колбаски-гриль,1,1,KAIDA-P0789,Колбаса,MAPPED_RULE,0.82
"Колбаски гриль-улитка для жарки говядина, 0,20 кг/шт",колбаски гриль улитка для жарки говядина 0 20 кг шт,колбаски гриль улитка для жарки говядина шт,FOOD,PRODUCT,Колбаски-гриль,1,1,KAIDA-P0789,Колбаса,MAPPED_RULE,0.82
"Колбаски гриль-улитка для жарки конина, 0,20 кг/шт",колбаски гриль улитка для жарки конина 0 20 кг шт,колбаски гриль улитка для жарки конина шт,FOOD,PRODUCT,Колбаски-гриль,1,1,KAIDA-P0789,Колбаса,MAPPED_RULE,0.82
"Колбаски гриль-улитка для жарки курица, 0,20 кг/шт",колбаски гриль улитка для жарки курица 0 20 кг шт,колбаски гриль улитка для жарки курица шт,FOOD,PRODUCT,Колбаски-гриль,1,1,KAIDA-P0789,Колбаса,MAPPED_RULE,0.82
Конина - 1 кг,конина 1 кг,конина,FOOD,PRODUCT,Мясной Ряд,1,1,KAIDA-P0056,Конина,MAPPED_AUTO,0.93
"Котлеты в панировке из мяса креветки ""Эби Кацу"", вес упаковка 450 гр.",котлеты в панировке из мяса креветки эби кацу вес упаковка 450 гр,котлеты в панировке из мяса креветки эби кацу вес упаковка,FOOD,PRODUCT,Креветки,1,1,KAIDA-P0217,Креветка,MAPPED_RULE,0.92
"Креветка 16/20 стандарт,в панцире, без головы, вес упаковка 1 кг.",креветка 16 20 стандарт в панцире без головы вес упаковка 1 кг,креветка стандарт в панцире без головы вес упаковка,FOOD,PRODUCT,Креветки,1,1,KAIDA-P0217,Креветка,MAPPED_RULE,0.92
"Креветка 16/20 стандарт,в панцире, без головы, вес упаковка 500 гр.",креветка 16 20 стандарт в панцире без головы вес упаковка 500 гр,креветка стандарт в панцире без головы вес упаковка,FOOD,PRODUCT,Креветки,1,1,KAIDA-P0217,Креветка,MAPPED_RULE,0.92
"Креветка 26/30 свежемороженая, без головы, очищенная, без пищ. тракта, вес упаковка 1 кг.",креветка 26 30 свежемороженая без головы очищенная без пищ тракта вес упаковка 1 кг,креветка свежемороженая без головы очищенная без пищ тракта вес упаковка,FOOD,PRODUCT,Креветки,1,1,KAIDA-P0217,Креветка,MAPPED_RULE,0.92
"Креветка бланшерованная очищенная 31/40, вес упаковка 1 кг.",креветка бланшерованная очищенная 31 40 вес упаковка 1 кг,креветка бланшерованная очищенная вес упаковка,FOOD,PRODUCT,Креветки,1,1,KAIDA-P0217,Креветка,MAPPED_RULE,0.92
"Креветка бланшерованная очищенная 31/40, вес упаковка 500 гр.",креветка бланшерованная очищенная 31 40 вес упаковка 500 гр,креветка бланшерованная очищенная вес упаковка,FOOD,PRODUCT,Креветки,1,1,KAIDA-P0217,Креветка,MAPPED_RULE,0.92
Креветка ваннамей в панировке сыромороженая 21/25 вес упаковка 1кг.,креветка ваннамей в панировке сыромороженая 21 25 вес упаковка 1кг,креветка ваннамей в панировке сыромороженая вес упаковка,FOOD,PRODUCT,Креветки,1,1,KAIDA-P0217,Креветка,MAPPED_RULE,0.92
Креветка красная аргентинская (креветка-лангостино),креветка красная аргентинская креветка лангостино,креветка красная аргентинская креветка лангостино,FOOD,PRODUCT,Свежемороженая продукция,1,1,KAIDA-P0217,Креветка,MAPPED_RULE,0.92
"Креветка красная аргентинская (лангустины), в панцире, свежемороженая, с головой 10/20 L1, вес упаковка 2 кг.",креветка красная аргентинская лангустины в панцире свежемороженая с головой 10 20 l1 вес упаковка 2 кг,креветка красная аргентинская лангустины в панцире свежемороженая с головой l1 вес упаковка,FOOD,PRODUCT,Креветки,1,1,KAIDA-P0217,Креветка,MAPPED_RULE,0.92
"Креветка пивная без глазировки варено-мороженая, в пацире, с головой 90/120, вес упаковка 1 кг.",креветка пивная без глазировки варено мороженая в пацире с головой 90 120 вес упаковка 1 кг,креветка пивная без глазировки варено мороженая в пацире с головой вес упаковка,FOOD,PRODUCT,Креветки,1,1,KAIDA-P0217,Креветка,MAPPED_RULE,0.92
"Креветка с/м 21/25 ( блочка 1,8 кг )",креветка с м 21 25 блочка 1 8 кг,креветка с м блочка,FOOD,PRODUCT,Морепродукты,1,1,KAIDA-P0217,Креветка,MAPPED_RULE,0.92
"Креветка свежемороженая очищенная 31/40, вес упаковка 1 кг.",креветка свежемороженая очищенная 31 40 вес упаковка 1 кг,креветка свежемороженая очищенная вес упаковка,FOOD,PRODUCT,Креветки,1,1,KAIDA-P0217,Креветка,MAPPED_RULE,0.92
"Креветка свежемороженая очищенная 31/40, вес упаковка 500 гр.",креветка свежемороженая очищенная 31 40 вес упаковка 500 гр,креветка свежемороженая очищенная вес упаковка,FOOD,PRODUCT,Креветки,1,1,KAIDA-P0217,Креветка,MAPPED_RULE,0.92
"Креветка свежемороженая очищенная с хвостом 21/25, вес упаковка 1 кг.",креветка свежемороженая очищенная с хвостом 21 25 вес упаковка 1 кг,креветка свежемороженая очищенная с хвостом вес упаковка,FOOD,PRODUCT,Креветки,1,1,KAIDA-P0217,Креветка,MAPPED_RULE,0.92
"Креветка свежемороженая очищенная с хвостом 21/25, вес упаковка 500 гр.",креветка свежемороженая очищенная с хвостом 21 25 вес упаковка 500 гр,креветка свежемороженая очищенная с хвостом вес упаковка,FOOD,PRODUCT,Креветки,1,1,KAIDA-P0217,Креветка,MAPPED_RULE,0.92
"Креветка черная тигровая в панцире, свежемороженая, с головой 13/15 Бангладеш, вес упаковка 1 кг.",креветка черная тигровая в панцире свежемороженая с головой 13 15 бангладеш вес упаковка 1 кг,креветка черная тигровая в панцире свежемороженая с головой бангладеш вес упаковка,FOOD,PRODUCT,Креветки,1,1,KAIDA-P0218,Креветка тигровая,MAPPED_RULE,0.97
"Креветка черная тигровая в панцире, свежемороженая, с головой 8/12, Бангладеш, вес упаковка 1 кг.",креветка черная тигровая в панцире свежемороженая с головой 8 12 бангладеш вес упаковка 1 кг,креветка черная тигровая в панцире свежемороженая с головой бангладеш вес упаковка,FOOD,PRODUCT,Креветки,1,1,KAIDA-P0218,Креветка тигровая,MAPPED_RULE,0.97
Креветка-богомол (креветка-мантис),креветка богомол креветка мантис,креветка богомол креветка мантис,FOOD,PRODUCT,Свежемороженая продукция,1,1,KAIDA-P0217,Креветка,MAPPED_RULE,0.92
Креветки 100/200 (салатные),креветки 100 200 салатные,креветки салатные,FOOD,PRODUCT,Морепродукты,1,1,KAIDA-P0217,Креветка,MAPPED_RULE,0.92
Креветки 100/200 салатная,креветки 100 200 салатная,креветки салатная,FOOD,PRODUCT,Морепродукты,1,1,KAIDA-P0217,Креветка,MAPPED_RULE,0.92
Креветки 13/15 в панцире с головой,креветки 13 15 в панцире с головой,креветки в панцире с головой,FOOD,PRODUCT,Морепродукты,1,1,KAIDA-P0217,Креветка,MAPPED_RULE,0.92
Креветки 16/20 1кг б/г Стандарт Индия Seafood,креветки 16 20 1кг б г стандарт индия seafood,креветки б г стандарт индия seafood,FOOD,PRODUCT,All,1,1,KAIDA-P0217,Креветка,MAPPED_RULE,0.92
Креветки 16/20 без головы бланшированные очищ. с хвостом Эконом SeaFood,креветки 16 20 без головы бланшированные очищ с хвостом эконом seafood,креветки без головы бланшированные очищ с хвостом эконом seafood,FOOD,PRODUCT,Морепродукты,1,1,KAIDA-P0217,Креветка,MAPPED_RULE,0.92
Креветки 16/20 в панцире 20%,креветки 16 20 в панцире 20,креветки в панцире,FOOD,PRODUCT,Морепродукты,1,1,KAIDA-P0217,Креветка,MAPPED_RULE,0.92
Креветки 16/20 очищенные,креветки 16 20 очищенные,креветки очищенные,FOOD,PRODUCT,Морепродукты,1,1,KAIDA-P0217,Креветка,MAPPED_RULE,0.92
Креветки 16/20 очищенные (глазурь 10%),креветки 16 20 очищенные глазурь 10,креветки очищенные глазурь,FOOD,PRODUCT,Морепродукты,1,1,KAIDA-P0217,Креветка,MAPPED_RULE,0.92
Креветки 16/20 очищенные - упаковка 1 кг,креветки 16 20 очищенные упаковка 1 кг,креветки очищенные упаковка,FOOD,PRODUCT,Морепродукты,1,1,KAIDA-P0217,Креветка,MAPPED_RULE,0.92
Креветки 16/20 очищенные вар. (20%),креветки 16 20 очищенные вар 20,креветки очищенные вар,FOOD,PRODUCT,Морепродукты,1,1,KAIDA-P0217,Креветка,MAPPED_RULE,0.92
Креветки 16/20 очищенные вар. (5%),креветки 16 20 очищенные вар 5,креветки очищенные вар,FOOD,PRODUCT,Морепродукты,1,1,KAIDA-P0217,Креветка,MAPPED_RULE,0.92
Креветки 16/20 сырые очищенные - упаковка 1 кг,креветки 16 20 сырые очищенные упаковка 1 кг,креветки сырые очищенные упаковка,FOOD,PRODUCT,Морепродукты,1,1,KAIDA-P0217,Креветка,MAPPED_RULE,0.92
"Креветки 16/20, 1 кг, б\г, By Amiko Премиум, 7%",креветки 16 20 1 кг б г by amiko премиум 7,креветки б г by amiko премиум,FOOD,PRODUCT,Креветки,1,1,KAIDA-P0217,Креветка,MAPPED_RULE,0.92
"Креветки 16/20,кг",креветки 16 20 кг,креветки кг,FOOD,PRODUCT,Морепродукты,1,1,KAIDA-P0217,Креветка,MAPPED_RULE,0.92
"Креветки 21/25 лёд-блок 1,8 кг вес нетто SeaFood Group",креветки 21 25 лед блок 1 8 кг вес нетто seafood group,креветки лед блок вес нетто seafood group,FOOD,PRODUCT,Морепродукты,1,1,KAIDA-P0217,Креветка,MAPPED_RULE,0.92
"Креветки 26/30 лед блок 1,8кг SeaFood",креветки 26 30 лед блок 1 8кг seafood,креветки лед блок seafood,FOOD,PRODUCT,Креветки,1,1,KAIDA-P0217,Креветка,MAPPED_RULE,0.92
Креветки 31/40 в панцире,креветки 31 40 в панцире,креветки в панцире,FOOD,PRODUCT,Морепродукты,1,1,KAIDA-P0217,Креветка,MAPPED_RULE,0.92
Креветки 50/70,креветки 50 70,креветки,FOOD,PRODUCT,Морепродукты,1,1,KAIDA-P0217,Креветка,MAPPED_RULE,0.92
Креветки 61/80,креветки 61 80,креветки,FOOD,PRODUCT,Морепродукты,1,1,KAIDA-P0217,Креветка,MAPPED_RULE,0.92
Креветки 90/120 (пивные) - сухая заморозка,креветки 90 120 пивные сухая заморозка,креветки пивные сухая заморозка,FOOD,PRODUCT,Морепродукты,1,1,KAIDA-P0217,Креветка,MAPPED_RULE,0.92
"Креветки by Amiko 16/20, б/г, Стандарт",креветки by amiko 16 20 б г стандарт,креветки by amiko б г стандарт,FOOD,PRODUCT,Товары для суши by Amiko,1,1,KAIDA-P0217,Креветка,MAPPED_RULE,0.92
Креветки Аргентинские,креветки аргентинские,креветки аргентинские,FOOD,PRODUCT,Креветки,1,1,KAIDA-P0217,Креветка,MAPPED_RULE,0.92
"Креветки Аргентинские 41/50,кг",креветки аргентинские 41 50 кг,креветки аргентинские кг,FOOD,PRODUCT,Морепродукты,1,1,KAIDA-P0217,Креветка,MAPPED_RULE,0.92
Креветки бланшированные 100/200,креветки бланшированные 100 200,креветки бланшированные,FOOD,PRODUCT,Товары для суши by Amiko,1,1,KAIDA-P0217,Креветка,MAPPED_RULE,0.92
Креветки в темпуре,креветки в темпуре,креветки в темпуре,FOOD,PRODUCT,Темпура,1,1,KAIDA-P0217,Креветка,MAPPED_RULE,0.92
Креветки варёные чишеные,креветки вареные чишеные,креветки вареные чишеные,FOOD,PRODUCT,Морепродукты,1,1,KAIDA-P0217,Креветка,MAPPED_RULE,0.92
Креветки горячего копчения 100гр,креветки горячего копчения 100гр,креветки горячего копчения,FOOD,PRODUCT,РЫБА КОПЧЕНАЯ,1,1,KAIDA-P0217,Креветка,MAPPED_RULE,0.92
"Креветки Гренландские,кг очищенные",креветки гренландские кг очищенные,креветки гренландские кг очищенные,FOOD,PRODUCT,Морепродукты,1,1,KAIDA-P0217,Креветка,MAPPED_RULE,0.92
Креветки динамит,креветки динамит,креветки динамит,FOOD,PRODUCT,Закуски,1,1,KAIDA-P0217,Креветка,MAPPED_RULE,0.92
Креветки Королевские .чишеные варёные,креветки королевские чишеные вареные,креветки королевские чишеные вареные,FOOD,PRODUCT,Морепродукты,1,1,KAIDA-P0219,Креветка королевская,MAPPED_RULE,0.97
"Креветки Королевские 40/60,кг",креветки королевские 40 60 кг,креветки королевские кг,FOOD,PRODUCT,Морепродукты,1,1,KAIDA-P0219,Креветка королевская,MAPPED_RULE,0.97
Креветки королевские в панцире (30/50),креветки королевские в панцире 30 50,креветки королевские в панцире,FOOD,PRODUCT,Креветки,1,1,KAIDA-P0219,Креветка королевская,MAPPED_RULE,0.97
Креветки королевские в панцире (50/70),креветки королевские в панцире 50 70,креветки королевские в панцире,FOOD,PRODUCT,Креветки,1,1,KAIDA-P0219,Креветка королевская,MAPPED_RULE,0.97
Креветки Королевские в Панцире с/м,креветки королевские в панцире с м,креветки королевские в панцире с м,FOOD,PRODUCT,РЫБА С/М,1,1,KAIDA-P0219,Креветка королевская,MAPPED_RULE,0.97
Креветки Королевские на Хвостике,креветки королевские на хвостике,креветки королевские на хвостике,FOOD,PRODUCT,РЫБА С/М,1,1,KAIDA-P0219,Креветка королевская,MAPPED_RULE,0.97
"Креветки на шпажках в чесночном маринаде сыромороженые, вес упаковка 500 гр",креветки на шпажках в чесночном маринаде сыромороженые вес упаковка 500 гр,креветки на шпажках в чесночном маринаде сыромороженые вес упаковка,FOOD,PRODUCT,Креветки,1,1,KAIDA-P0217,Креветка,MAPPED_RULE,0.92
Креветки очищенные,креветки очищенные,креветки очищенные,FOOD,PRODUCT,Креветки,1,1,KAIDA-P0217,Креветка,MAPPED_RULE,0.92
Креветки очищенные варено-мороженые обычные (200/300) п/у 1/300г vici любо есть,креветки очищенные варено мороженые обычные 200 300 п у 1 300г vici любо есть,креветки очищенные варено мороженые обычные п у 1 vici любо есть,FOOD,PRODUCT,Морепродукты,1,1,KAIDA-P0217,Креветка,MAPPED_RULE,0.92
Креветки Пивные с/м,креветки пивные с м,креветки пивные с м,FOOD,PRODUCT,РЫБА С/М,1,1,KAIDA-P0217,Креветка,MAPPED_RULE,0.92
Креветки пиль-пиль,креветки пиль пиль,креветки пиль пиль,FOOD,PRODUCT,Основные блюда,1,1,KAIDA-P0217,Креветка,MAPPED_RULE,0.92
Креветки Приорити VICI 50/70 500г/в уп.,креветки приорити vici 50 70 500г в уп,креветки приорити vici в уп,FOOD,PRODUCT,Морепродукты,1,1,KAIDA-P0217,Креветка,MAPPED_RULE,0.92
Креветки пухляш,креветки пухляш,креветки пухляш,FOOD,PRODUCT,Креветки,1,1,KAIDA-P0217,Креветка,MAPPED_RULE,0.92
Креветки с рисом в азиатском соусе,креветки с рисом в азиатском соусе,креветки с рисом в азиатском соусе,FOOD,PRODUCT,Горячие блюда,1,1,KAIDA-P0217,Креветка,MAPPED_RULE,0.92
Креветки салатные .вареные чищеные,креветки салатные вареные чищеные,креветки салатные вареные чищеные,FOOD,PRODUCT,Морепродукты,1,1,KAIDA-P0217,Креветка,MAPPED_RULE,0.92
"Креветки Салатные 200/300,кг",креветки салатные 200 300 кг,креветки салатные кг,FOOD,PRODUCT,Морепродукты,1,1,KAIDA-P0217,Креветка,MAPPED_RULE,0.92
Креветки Северные 90/120,креветки северные 90 120,креветки северные,FOOD,PRODUCT,Морепродукты,1,1,KAIDA-P0217,Креветка,MAPPED_RULE,0.92
Креветки Сушок 100гр,креветки сушок 100гр,креветки сушок,FOOD,PRODUCT,СУШОК,1,1,KAIDA-P0217,Креветка,MAPPED_RULE,0.92
Креветки сырые чищеные,креветки сырые чищеные,креветки сырые чищеные,FOOD,PRODUCT,Морепродукты,1,1,KAIDA-P0217,Креветка,MAPPED_RULE,0.92
КРЕВЕТКИ ТЕМПУРА,креветки темпура,креветки темпура,FOOD,PRODUCT,MINI MENU,1,1,KAIDA-P0217,Креветка,MAPPED_RULE,0.92
Креветки тигровые на шпажках,креветки тигровые на шпажках,креветки тигровые на шпажках,FOOD,PRODUCT,Горячие закуски,1,1,KAIDA-P0218,Креветка тигровая,MAPPED_RULE,0.97
Креветки фри,креветки фри,креветки фри,FOOD,PRODUCT,Морепродукты,1,1,KAIDA-P0217,Креветка,MAPPED_RULE,0.92
Креветки чищенные салатные,креветки чищенные салатные,креветки чищенные салатные,FOOD,PRODUCT,Креветки,1,1,KAIDA-P0217,Креветка,MAPPED_RULE,0.92
Круассан Орео с мороженым,круассан орео с мороженым,круассан орео с мороженым,FOOD,READY_DISH,Сладкие завтраки,1,1,KAIDA-P0693,Круассан,MAPPED_RULE,0.94
КРУАССАН С АНАНАСОМ,круассан с ананасом,круассан с ананасом,FOOD,READY_DISH,ПИРОЖНЫЕ,1,1,KAIDA-P0693,Круассан,MAPPED_RULE,0.94
КРУАССАН С КОНФИТЮРОМ,круассан с конфитюром,круассан с конфитюром,FOOD,READY_DISH,ПИРОЖНЫЕ,1,1,KAIDA-P0693,Круассан,MAPPED_RULE,0.94
КРУАССАН С КОНФИТЮРОМ весовой,круассан с конфитюром весовой,круассан с конфитюром весовой,FOOD,READY_DISH,ПИРОЖНЫЕ,1,1,KAIDA-P0693,Круассан,MAPPED_RULE,0.94
Круассан с копчёной говядиной,круассан с копченой говядиной,круассан с копченой говядиной,FOOD,READY_DISH,Бранч Сэндвичи,1,1,KAIDA-P0693,Круассан,MAPPED_RULE,0.94
круассан с миндалем,круассан с миндалем,круассан с миндалем,FOOD,READY_DISH,Выпечка,1,1,KAIDA-P0693,Круассан,MAPPED_RULE,0.94
Круассан с сыром моцарелла,круассан с сыром моцарелла,круассан с сыром моцарелла,FOOD,READY_DISH,Бранч Сэндвичи,1,1,KAIDA-P0693,Круассан,MAPPED_RULE,0.94
Круассан с сёмгой и скремблом,круассан с семгой и скремблом,круассан с семгой и скремблом,FOOD,READY_DISH,Сытные завтраки,1,1,KAIDA-P0693,Круассан,MAPPED_RULE,0.94
КРУАССАН С ТВОРОГОМ весовой,круассан с творогом весовой,круассан с творогом весовой,FOOD,READY_DISH,ПИРОЖНЫЕ,1,1,KAIDA-P0693,Круассан,MAPPED_RULE,0.94
круассан с шоколадом,круассан с шоколадом,круассан с шоколадом,FOOD,READY_DISH,Выпечка,1,1,KAIDA-P0693,Круассан,MAPPED_RULE,0.94
круассан сливочный,круассан сливочный,круассан сливочный,FOOD,READY_DISH,Выпечка,1,1,KAIDA-P0693,Круассан,MAPPED_RULE,0.94
Кумин 100гр,кумин 100гр,кумин,FOOD,PRODUCT,фасованное сырье,1,1,KAIDA-P0622,Зира,MAPPED_AUTO,0.9
ЛАНТЭЛЬ Какао doremix 200 г,лантэль какао doremix 200 г,лантэль какао doremix,FOOD,PRODUCT,Горячие напитки,1,1,KAIDA-P0738,Какао-порошок,MAPPED_RULE,0.96
Латте соленый арахис,латте соленый арахис,латте соленый арахис,FOOD,READY_DISH,Кофе,1,1,KAIDA-P0835,Латте,MAPPED_RULE,0.97
Лемонграсс 100 г,лемонграсс 100 г,лемонграсс,FOOD,PRODUCT,Овощи,1,1,KAIDA-P0417,Лемонграсс,MAPPED_AUTO,0.93
Лимонад (Банан-Киви),лимонад банан киви,лимонад банан киви,FOOD,READY_DISH,Лимонады (Холодные напитки),1,1,KAIDA-P0721,Лимонад,MAPPED_RULE,0.94
Лимонад (Гуава-Гуарана),лимонад гуава гуарана,лимонад гуава гуарана,FOOD,READY_DISH,Лимонады (Холодные напитки),1,1,KAIDA-P0721,Лимонад,MAPPED_RULE,0.94
Лимонад (Киви-Лайм),лимонад киви лайм,лимонад киви лайм,FOOD,READY_DISH,Лимонады (Холодные напитки),1,1,KAIDA-P0721,Лимонад,MAPPED_RULE,0.94
Лимонад (Манго-Маракуйя),лимонад манго маракуйя,лимонад манго маракуйя,FOOD,READY_DISH,Лимонады (Холодные напитки),1,1,KAIDA-P0721,Лимонад,MAPPED_RULE,0.94
Лимонад (Ягодный),лимонад ягодный,лимонад ягодный,FOOD,READY_DISH,Лимонады (Холодные напитки),1,1,KAIDA-P0721,Лимонад,MAPPED_RULE,0.94
Лимонад боржоми,лимонад боржоми,лимонад боржоми,FOOD,READY_DISH,Холодные напитки,1,1,KAIDA-P0721,Лимонад,MAPPED_RULE,0.94
"Лимонад манго-маракуйя 0,4",лимонад манго маракуйя 0 4,лимонад манго маракуйя 0 4,FOOD,READY_DISH,Напитки,1,1,KAIDA-P0721,Лимонад,MAPPED_RULE,0.94
"Лимонад Мохито 0,4",лимонад мохито 0 4,лимонад мохито 0 4,FOOD,READY_DISH,Напитки,1,1,KAIDA-P0721,Лимонад,MAPPED_RULE,0.94
"Лимонад Мохито-клубника 0,4",лимонад мохито клубника 0 4,лимонад мохито клубника 0 4,FOOD,READY_DISH,Напитки,1,1,KAIDA-P0721,Лимонад,MAPPED_RULE,0.94
"Лимонад Ягодный 0,4",лимонад ягодный 0 4,лимонад ягодный 0 4,FOOD,READY_DISH,Напитки,1,1,KAIDA-P0721,Лимонад,MAPPED_RULE,0.94
Лимонад(Вишня-Лайм),лимонад вишня лайм,лимонад вишня лайм,FOOD,READY_DISH,Лимонады (Холодные напитки),1,1,KAIDA-P0721,Лимонад,MAPPED_RULE,0.94
Лингвини Pomodora с тигровыми креветками,лингвини pomodora с тигровыми креветками,лингвини pomodora с тигровыми креветками,FOOD,PRODUCT,Паста,1,1,KAIDA-P0218,Креветка тигровая,MAPPED_RULE,0.97
Манго 250 мл,манго 250 мл,манго,FOOD,PRODUCT,Молочные коктейли,1,1,KAIDA-P0461,Манго,MAPPED_AUTO,0.93
Маракуйя 1 шт,маракуйя 1 шт,маракуйя,FOOD,PRODUCT,Фрукты,1,1,KAIDA-P0466,Маракуйя,MAPPED_AUTO,0.93
Маш 1 кг,маш 1 кг,маш,FOOD,PRODUCT,Эко Бакалея,1,1,KAIDA-P0564,Фасоль маш,MAPPED_AUTO,0.9
Микс-ролл + Лимонад (м),микс ролл лимонад м,микс ролл лимонад м,FOOD,READY_DISH,Комбо,1,1,KAIDA-P0721,Лимонад,MAPPED_RULE,0.94
Мини самса 5 шт.,мини самса 5 шт,мини самса,FOOD,READY_DISH,Выпечка,1,1,KAIDA-P0690,Самса,MAPPED_RULE,0.95
Мини-самса с курицей,мини самса с курицей,мини самса с курицей,FOOD,READY_DISH,Кулинария,1,1,KAIDA-P0690,Самса,MAPPED_RULE,0.95
"Молочный Улун (0,5л)",молочный улун 0 5л,молочный улун,FOOD,PRODUCT,Чаи:,1,1,KAIDA-P0846,Молочный улун,MAPPED_RULE,0.99
Молочный Улун (1л),молочный улун 1л,молочный улун,FOOD,PRODUCT,Чаи:,1,1,KAIDA-P0846,Молочный улун,MAPPED_RULE,0.99
Молочный улун (400 мл),молочный улун 400 мл,молочный улун,FOOD,PRODUCT,Классические чаи,1,1,KAIDA-P0846,Молочный улун,MAPPED_RULE,0.99
Молочный улун (800 мл),молочный улун 800 мл,молочный улун,FOOD,PRODUCT,Классические чаи,1,1,KAIDA-P0846,Молочный улун,MAPPED_RULE,0.99
Моцарелла 180 г,моцарелла 180 г,моцарелла,FOOD,PRODUCT,Сыры,1,1,KAIDA-P0307,Моцарелла,MAPPED_AUTO,0.93
Мята 100 г,мята 100 г,мята,FOOD,PRODUCT,Овощи,1,1,KAIDA-P0399,Мята,MAPPED_AUTO,0.93
Мята 50гр,мята 50гр,мята,FOOD,PRODUCT,фасованное сырье,1,1,KAIDA-P0399,Мята,MAPPED_AUTO,0.93
Наполеон Дольче с грецким орехом,наполеон дольче с грецким орехом,наполеон дольче с грецким орехом,FOOD,READY_DISH,Фирменные Наполеоны,1,1,KAIDA-P0808,Торт Наполеон,MAPPED_RULE,0.96
НАПОЛЕОН с варенным сгущенным молоком,наполеон с варенным сгущенным молоком,наполеон с варенным сгущенным молоком,FOOD,READY_DISH,ТОРТЫ масовочные,1,1,KAIDA-P0808,Торт Наполеон,MAPPED_RULE,0.96
НАТАХТАРИ Лимонад саперави 1 л,натахтари лимонад саперави 1 л,натахтари лимонад саперави,FOOD,READY_DISH,Безалкогольные напитки,1,1,KAIDA-P0721,Лимонад,MAPPED_RULE,0.94
НАТАХТАРИ Лимонад саперави 2 л,натахтари лимонад саперави 2 л,натахтари лимонад саперави,FOOD,READY_DISH,Безалкогольные напитки,1,1,KAIDA-P0721,Лимонад,MAPPED_RULE,0.94
НАТАХТАРИ Лимонад саперави 500 мл,натахтари лимонад саперави 500 мл,натахтари лимонад саперави,FOOD,READY_DISH,Безалкогольные напитки,1,1,KAIDA-P0721,Лимонад,MAPPED_RULE,0.94
Острая креветка,острая креветка,острая креветка,FOOD,PRODUCT,Острые суши,1,1,KAIDA-P0217,Креветка,MAPPED_RULE,0.92
Петрушка 50гр,петрушка 50гр,петрушка,FOOD,PRODUCT,фасованное сырье,1,1,KAIDA-P0395,Петрушка,MAPPED_AUTO,0.93
Пивные креветки,пивные креветки,пивные креветки,FOOD,PRODUCT,Закуски,1,1,KAIDA-P0217,Креветка,MAPPED_RULE,0.92
Пивные креветки 90/120,пивные креветки 90 120,пивные креветки,FOOD,PRODUCT,Морепродукты,1,1,KAIDA-P0217,Креветка,MAPPED_RULE,0.92
Пирожок жареный с картошкой,пирожок жареный с картошкой,пирожок жареный с картошкой,FOOD,READY_DISH,Выпечка,1,1,KAIDA-P0691,Пирожок,MAPPED_RULE,0.95
Пирожок жареный с яйцом и луком,пирожок жареный с яйцом и луком,пирожок жареный с яйцом и луком,FOOD,READY_DISH,Выпечка,1,1,KAIDA-P0691,Пирожок,MAPPED_RULE,0.95
Пирожок печеный с капустой,пирожок печеный с капустой,пирожок печеный с капустой,FOOD,READY_DISH,Выпечка,1,1,KAIDA-P0691,Пирожок,MAPPED_RULE,0.95
Пирожок печеный с картошкой,пирожок печеный с картошкой,пирожок печеный с картошкой,FOOD,READY_DISH,Выпечка,1,1,KAIDA-P0691,Пирожок,MAPPED_RULE,0.95
"Пицца c томатами, Песто и Страчателлой",пицца c томатами песто и страчателлой,пицца c томатами песто и страчателлой,FOOD,READY_DISH,Пицца,1,1,KAIDA-P0822,Пицца,MAPPED_RULE,0.9
Пресованная креветка,пресованная креветка,пресованная креветка,FOOD,PRODUCT,Пресованные,1,1,KAIDA-P0217,Креветка,MAPPED_RULE,0.92
Равиоли с креветками и песто,равиоли с креветками и песто,равиоли с креветками и песто,FOOD,PRODUCT,Паста,1,1,KAIDA-P0217,Креветка,MAPPED_RULE,0.92
РАХАТ Вафли какао 100 г,рахат вафли какао 100 г,рахат вафли какао,FOOD,PRODUCT,Сладости,1,1,KAIDA-P0738,Какао-порошок,MAPPED_RULE,0.96
Рикотта 100 г,рикотта 100 г,рикотта,FOOD,PRODUCT,Сыры,1,1,KAIDA-P0310,Рикотта,MAPPED_AUTO,0.93
Рисовая каша с Манго и соусом Маракуя,рисовая каша с манго и соусом маракуя,рисовая каша с манго и соусом маракуя,FOOD,READY_DISH,Каши,1,1,KAIDA-P0832,Рисовая каша,MAPPED_RULE,0.98
Ролл Креветка & Креветка,ролл креветка креветка,ролл креветка креветка,FOOD,PRODUCT,Футомаки,1,1,KAIDA-P0217,Креветка,MAPPED_RULE,0.92
Руккола с креветками,руккола с креветками,руккола с креветками,FOOD,PRODUCT,Салаты,1,1,KAIDA-P0217,Креветка,MAPPED_RULE,0.92
"Рулет ""Черный Лес""",рулет черный лес,рулет черный лес,FOOD,READY_DISH,Торты по предзаказу,1,1,KAIDA-P0867,Торт Чёрный лес,MAPPED_RULE,0.95
С КРЕВЕТКАМИ,с креветками,с креветками,FOOD,PRODUCT,TomYum,1,1,KAIDA-P0217,Креветка,MAPPED_RULE,0.92
"Салат из авокадо, манго и креветок",салат из авокадо манго и креветок,салат из авокадо манго и креветок,FOOD,PRODUCT,Салаты,1,1,KAIDA-P0217,Креветка,MAPPED_RULE,0.92
"Салат с креветками, авокадо и моцареллой",салат с креветками авокадо и моцареллой,салат с креветками авокадо и моцареллой,FOOD,PRODUCT,Салаты,1,1,KAIDA-P0217,Креветка,MAPPED_RULE,0.92
Салат с семгой и авокадо,салат с семгой и авокадо,салат с семгой и авокадо,FOOD,PRODUCT,Салаты,1,1,KAIDA-P0173,Атлантический лосось,MAPPED_RULE,0.98
Самса говядина рубленая 1 шт,самса говядина рубленая 1 шт,самса говядина рубленая,FOOD,READY_DISH,Горячее меню,1,1,KAIDA-P0690,Самса,MAPPED_RULE,0.95
Самса говядина рубленая/картофель,самса говядина рубленая картофель,самса говядина рубленая картофель,FOOD,READY_DISH,Замороженная продукция,1,1,KAIDA-P0690,Самса,MAPPED_RULE,0.95
Самса говядина рубленая/картофель 1 шт,самса говядина рубленая картофель 1 шт,самса говядина рубленая картофель,FOOD,READY_DISH,Горячее меню,1,1,KAIDA-P0690,Самса,MAPPED_RULE,0.95
Самса говядина рубленая/тыква,самса говядина рубленая тыква,самса говядина рубленая тыква,FOOD,READY_DISH,Замороженная продукция,1,1,KAIDA-P0690,Самса,MAPPED_RULE,0.95
Самса говядина рубленая/тыква 1 шт,самса говядина рубленая тыква 1 шт,самса говядина рубленая тыква,FOOD,READY_DISH,Горячее меню,1,1,KAIDA-P0690,Самса,MAPPED_RULE,0.95
Самса Дастархан,самса дастархан,самса дастархан,FOOD,READY_DISH,Кулинария,1,1,KAIDA-P0690,Самса,MAPPED_RULE,0.95
Самса курица,самса курица,самса курица,FOOD,READY_DISH,Замороженная продукция,1,1,KAIDA-P0690,Самса,MAPPED_RULE,0.95
Самса курица 1 шт,самса курица 1 шт,самса курица,FOOD,READY_DISH,Горячее меню,1,1,KAIDA-P0690,Самса,MAPPED_RULE,0.95
Самса овощная,самса овощная,самса овощная,FOOD,READY_DISH,Замороженная продукция,1,1,KAIDA-P0690,Самса,MAPPED_RULE,0.95
Самса овощная 1 шт,самса овощная 1 шт,самса овощная,FOOD,READY_DISH,Горячее меню,1,1,KAIDA-P0690,Самса,MAPPED_RULE,0.95
Самса с говядиной рубленой,самса с говядиной рубленой,самса с говядиной рубленой,FOOD,READY_DISH,Замороженная продукция,1,1,KAIDA-P0690,Самса,MAPPED_RULE,0.95
Самса с костным мозгом Seker,самса с костным мозгом seker,самса с костным мозгом seker,FOOD,READY_DISH,Выпечка,1,1,KAIDA-P0690,Самса,MAPPED_RULE,0.95
самса с курицей/с мясом,самса с курицей с мясом,самса с курицей с мясом,FOOD,READY_DISH,Выпечка,1,1,KAIDA-P0690,Самса,MAPPED_RULE,0.95
Самса с сыром Моцарелла,самса с сыром моцарелла,самса с сыром моцарелла,FOOD,READY_DISH,Замороженная продукция,1,1,KAIDA-P0690,Самса,MAPPED_RULE,0.95
Самса с сыром Моцарелла 1 шт,самса с сыром моцарелла 1 шт,самса с сыром моцарелла,FOOD,READY_DISH,Горячее меню,1,1,KAIDA-P0690,Самса,MAPPED_RULE,0.95
Самса слоеная с курицей,самса слоеная с курицей,самса слоеная с курицей,FOOD,READY_DISH,Кулинария,1,1,KAIDA-P0690,Самса,MAPPED_RULE,0.95
Самса со шпинатом и брынзой,самса со шпинатом и брынзой,самса со шпинатом и брынзой,FOOD,READY_DISH,Выпечка,1,1,KAIDA-P0690,Самса,MAPPED_RULE,0.95
"Свекла, 1 кг",свекла 1 кг,свекла,FOOD,PRODUCT,Овощи,1,1,KAIDA-P0348,Свёкла,MAPPED_AUTO,0.93
Семга (Лосось) 6-7 кг,семга лосось 6 7 кг,семга лосось,FOOD,PRODUCT,Рыба,1,1,KAIDA-P0173,Атлантический лосось,MAPPED_RULE,0.98
Семга 3-4кг,семга 3 4кг,семга,FOOD,PRODUCT,Рыба свежемороженная,1,1,KAIDA-P0173,Атлантический лосось,MAPPED_RULE,0.98
Семга 5-6кг,семга 5 6кг,семга,FOOD,PRODUCT,Рыба свежемороженная,1,1,KAIDA-P0173,Атлантический лосось,MAPPED_RULE,0.98
"Семга малосоленая, вес упаковка 300-400 гр.",семга малосоленая вес упаковка 300 400 гр,семга малосоленая вес упаковка,FOOD,PRODUCT,Копченая и малосоленая рыба,1,1,KAIDA-P0173,Атлантический лосось,MAPPED_RULE,0.98
"Семга малосольная/подкопченная,кг",семга малосольная подкопченная кг,семга малосольная подкопченная кг,FOOD,PRODUCT,Рыба вяленая/копченая,1,1,KAIDA-P0173,Атлантический лосось,MAPPED_RULE,0.98
Семга Норвегия 2-3кг,семга норвегия 2 3кг,семга норвегия,FOOD,PRODUCT,Свежемороженная рыба,1,1,KAIDA-P0173,Атлантический лосось,MAPPED_RULE,0.98
Семга Норвегия 3–4 кг,семга норвегия 3 4 кг,семга норвегия,FOOD,PRODUCT,Свежемороженная рыба,1,1,KAIDA-P0173,Атлантический лосось,MAPPED_RULE,0.98
Семга Норвегия 5–6 кг,семга норвегия 5 6 кг,семга норвегия,FOOD,PRODUCT,Свежемороженная рыба,1,1,KAIDA-P0173,Атлантический лосось,MAPPED_RULE,0.98
Семга Норвегия 6–7 кг,семга норвегия 6 7 кг,семга норвегия,FOOD,PRODUCT,Свежемороженная рыба,1,1,KAIDA-P0173,Атлантический лосось,MAPPED_RULE,0.98
Семга Норвегия 7-8 кг,семга норвегия 7 8 кг,семга норвегия,FOOD,PRODUCT,Свежемороженная рыба,1,1,KAIDA-P0173,Атлантический лосось,MAPPED_RULE,0.98
Семга Норвегия 8-9 кг,семга норвегия 8 9 кг,семга норвегия,FOOD,PRODUCT,Свежемороженная рыба,1,1,KAIDA-P0173,Атлантический лосось,MAPPED_RULE,0.98
Семга стейк,семга стейк,семга стейк,FOOD,PRODUCT,Рыба,1,1,KAIDA-P0242,Стейк лосося,MAPPED_RULE,0.94
Семга тушка,семга тушка,семга тушка,FOOD,PRODUCT,Рыба,1,1,KAIDA-P0173,Атлантический лосось,MAPPED_RULE,0.98
Семга филе на шкуре свежемороженая 300-400 гр.,семга филе на шкуре свежемороженая 300 400 гр,семга филе на шкуре свежемороженая,FOOD,PRODUCT,Замороженная рыба,1,1,KAIDA-P0173,Атлантический лосось,MAPPED_RULE,0.98
"Семга филе на шкуре холодного копчения, вес упаковка 300-400 гр.",семга филе на шкуре холодного копчения вес упаковка 300 400 гр,семга филе на шкуре холодного копчения вес упаковка,FOOD,PRODUCT,Копченая и малосоленая рыба,1,1,KAIDA-P0173,Атлантический лосось,MAPPED_RULE,0.98
Семга хвост.голова,семга хвост голова,семга хвост голова,FOOD,PRODUCT,Рыба,1,1,KAIDA-P0173,Атлантический лосось,MAPPED_RULE,0.98
"Сет идеальный хот-дог говядина, 4колбаски + 4булки",сет идеальный хот дог говядина 4колбаски 4булки,сет идеальный хот дог говядина 4колбаски 4булки,FOOD,PRODUCT,Сеты,1,1,KAIDA-P0789,Колбаса,MAPPED_RULE,0.82
"Сет идеальный хот-дог курица, 4колбаски + 4булки",сет идеальный хот дог курица 4колбаски 4булки,сет идеальный хот дог курица 4колбаски 4булки,FOOD,PRODUCT,Сеты,1,1,KAIDA-P0789,Колбаса,MAPPED_RULE,0.82
Спагетти с копченой семгой,спагетти с копченой семгой,спагетти с копченой семгой,FOOD,PRODUCT,Паста,1,1,KAIDA-P0173,Атлантический лосось,MAPPED_RULE,0.98
Спагетти с креветками,спагетти с креветками,спагетти с креветками,FOOD,PRODUCT,Фреш паста,1,1,KAIDA-P0217,Креветка,MAPPED_RULE,0.92
Стейк Кеты,стейк кеты,стейк кеты,FOOD,PRODUCT,Замороженная рыба,1,1,KAIDA-P0804,Стейк кеты,MAPPED_RULE,0.96
Стейки Кижуч (лосось),стейки кижуч лосось,стейки кижуч лосось,FOOD,PRODUCT,Рыба,1,1,KAIDA-P0242,Стейк лосося,MAPPED_RULE,0.94
Стейки лосося (280+) вакуум,стейки лосося 280 вакуум,стейки лосося 280 вакуум,FOOD,PRODUCT,Морепродукты,1,1,KAIDA-P0242,Стейк лосося,MAPPED_RULE,0.94
Стейки семги.лосось,стейки семги лосось,стейки семги лосось,FOOD,PRODUCT,Рыба,1,1,KAIDA-P0242,Стейк лосося,MAPPED_RULE,0.94
Страчателла 100 г,страчателла 100 г,страчателла,FOOD,PRODUCT,Сыры,1,1,KAIDA-P0309,Страчателла,MAPPED_AUTO,0.93
Суп набор (Семга) - голова и хвост,суп набор семга голова и хвост,суп набор семга голова и хвост,FOOD,PRODUCT,Рыба,1,1,KAIDA-P0173,Атлантический лосось,MAPPED_RULE,0.98
СУШИ КРЕВЕТКА,суши креветка,суши креветка,FOOD,PRODUCT,Суши,1,1,KAIDA-P0217,Креветка,MAPPED_RULE,0.92
Сёмга м/с,семга м с,семга м с,FOOD,PRODUCT,Малосольная рыба,1,1,KAIDA-P0173,Атлантический лосось,MAPPED_RULE,0.98
Сёмга охлажденная стейк 300 гр.,семга охлажденная стейк 300 гр,семга охлажденная стейк,FOOD,PRODUCT,Охлажденная рыба,1,1,KAIDA-P0242,Стейк лосося,MAPPED_RULE,0.94
Сёмга охлажденная филе на коже 300 гр.,семга охлажденная филе на коже 300 гр,семга охлажденная филе на коже,FOOD,PRODUCT,Охлажденная рыба,1,1,KAIDA-P0173,Атлантический лосось,MAPPED_RULE,0.98
Сёмга Стейк 100гр,семга стейк 100гр,семга стейк,FOOD,PRODUCT,РЫБА С/М,1,1,KAIDA-P0242,Стейк лосося,MAPPED_RULE,0.94
Сёмга Стейк вакуум 100гр,семга стейк вакуум 100гр,семга стейк вакуум,FOOD,PRODUCT,РЫБА С/М,1,1,KAIDA-P0242,Стейк лосося,MAPPED_RULE,0.94
Тары 1 кг,тары 1 кг,тары,FOOD,PRODUCT,Эко Бакалея,1,1,KAIDA-P0517,Тары,MAPPED_AUTO,0.93
теплый с креветками и авокадо,теплый с креветками и авокадо,теплый с креветками и авокадо,FOOD,PRODUCT,Салаты,1,1,KAIDA-P0217,Креветка,MAPPED_RULE,0.92
Торт Красный бархат,торт красный бархат,торт красный бархат,FOOD,READY_DISH,Десерты,1,1,KAIDA-P0866,Торт Красный бархат,MAPPED_RULE,0.95
фетучини с семгой и помидорами черри,фетучини с семгой и помидорами черри,фетучини с семгой и помидорами черри,FOOD,PRODUCT,Паста,1,1,KAIDA-P0173,Атлантический лосось,MAPPED_RULE,0.98
Цукини с семгой,цукини с семгой,цукини с семгой,FOOD,PRODUCT,Холодные закуски,1,1,KAIDA-P0173,Атлантический лосось,MAPPED_RULE,0.98
Чай Молочный Улун,чай молочный улун,чай молочный улун,FOOD,PRODUCT,Чай,1,1,KAIDA-P0846,Молочный улун,MAPPED_RULE,0.99
Чеснок 1 кг,чеснок 1 кг,чеснок,FOOD,PRODUCT,Овощи,1,1,KAIDA-P0364,Чеснок,MAPPED_AUTO,0.93
ЧИЗКЕЙК МАНГО МАРАКУЙЯ,чизкейк манго маракуйя,чизкейк манго маракуйя,FOOD,READY_DISH,Десерты,1,1,KAIDA-P0813,Чизкейк,MAPPED_RULE,0.92
Чизкейк с тары,чизкейк с тары,чизкейк с тары,FOOD,READY_DISH,Десерты,1,1,KAIDA-P0813,Чизкейк,MAPPED_RULE,0.92
"Шоколад молочный Master Martini (нат.ваниль,какао 33,6%) 10 кг",шоколад молочный master martini нат ваниль какао 33 6 10 кг,шоколад молочный master martini нат ваниль какао,FOOD,PRODUCT,Шоколад Натуральный,1,1,KAIDA-P0738,Какао-порошок,MAPPED_RULE,0.96
Эспрессо тоник клюква,эспрессо тоник клюква,эспрессо тоник клюква,FOOD,READY_DISH,Холодный кофе:,1,1,KAIDA-P0833,Эспрессо,MAPPED_RULE,0.97
яблочный наполеон,яблочный наполеон,яблочный наполеон,FOOD,READY_DISH,Десерты,1,1,KAIDA-P0808,Торт Наполеон,MAPPED_RULE,0.96
Ягодный 650 мл,ягодный 650 мл,ягодный,FOOD,READY_DISH,Чайные Напитки,1,1,KAIDA-P0839,Чай ягодный (напиток),MAPPED_RULE,0.95
Ягодный микс (400 мл),ягодный микс 400 мл,ягодный микс,FOOD,READY_DISH,Авторские чаи,1,1,KAIDA-P0839,Чай ягодный (напиток),MAPPED_RULE,0.95
Ягодный микс лимонад Premuim,ягодный микс лимонад premuim,ягодный микс лимонад premuim,FOOD,READY_DISH,Лимонады,1,1,KAIDA-P0721,Лимонад,MAPPED_RULE,0.94
Яйца бенедикт с ветчиной,яйца бенедикт с ветчиной,яйца бенедикт с ветчиной,FOOD,PRODUCT,Бранчи,1,1,KAIDA-P0788,Ветчина,MAPPED_RULE,0.92
Яки удон с креветками,яки удон с креветками,яки удон с креветками,FOOD,PRODUCT,Яки удон,1,1,KAIDA-P0217,Креветка,MAPPED_RULE,0.92
Құрт 1 кг,құрт 1 кг,құрт,FOOD,PRODUCT,Национальная Молочная продукция,1,1,KAIDA-P0333,Курт,MAPPED_AUTO,0.9
Тары чизкейк,тары чизкейк,тары чизкейк,AMBIGUOUS,READY_DISH,Десерты | Чизкейктер,9,9,KAIDA-P0813,Чизкейк,MAPPED_RULE,0.92
Лимон (50 гр.),лимон 50 гр,лимон,AMBIGUOUS,PRODUCT,Чаи | Шай,7,7,KAIDA-P0454,Лимон,MAPPED_AUTO,0.93
Лимонад гранат-малина 1000 мл,лимонад гранат малина 1000 мл,лимонад гранат малина,AMBIGUOUS,READY_DISH,Лимонад,7,7,KAIDA-P0721,Лимонад,MAPPED_RULE,0.94
Лимонад гранат-малина 400 мл,лимонад гранат малина 400 мл,лимонад гранат малина,AMBIGUOUS,READY_DISH,Лимонад,7,7,KAIDA-P0721,Лимонад,MAPPED_RULE,0.94
Лимонад классика 1000 мл,лимонад классика 1000 мл,лимонад классика,AMBIGUOUS,READY_DISH,Лимонад,7,7,KAIDA-P0721,Лимонад,MAPPED_RULE,0.94
Лимонад классика 400 мл,лимонад классика 400 мл,лимонад классика,AMBIGUOUS,READY_DISH,Лимонад,7,7,KAIDA-P0721,Лимонад,MAPPED_RULE,0.94
Лимонад манго-маракуйя 1000 мл,лимонад манго маракуйя 1000 мл,лимонад манго маракуйя,AMBIGUOUS,READY_DISH,Лимонад,7,7,KAIDA-P0721,Лимонад,MAPPED_RULE,0.94
Лимонад манго-маракуйя 400 мл,лимонад манго маракуйя 400 мл,лимонад манго маракуйя,AMBIGUOUS,READY_DISH,Лимонад,7,7,KAIDA-P0721,Лимонад,MAPPED_RULE,0.94
Лимонад мята-банан 400 мл,лимонад мята банан 400 мл,лимонад мята банан,AMBIGUOUS,READY_DISH,Лимонад,7,7,KAIDA-P0721,Лимонад,MAPPED_RULE,0.94
Форель,форель,форель,AMBIGUOUS,PRODUCT,Горячее | Рыба | Солено-копченая рыба | Стейки кеты | Хоспер,6,6,KAIDA-P0802,Форель,MAPPED_RULE,0.95
Круассан со сгущенкой,круассан со сгущенкой,круассан со сгущенкой,AMBIGUOUS,READY_DISH,Булочные изделия,4,4,KAIDA-P0693,Круассан,MAPPED_RULE,0.94
Слойка Косичка,слойка косичка,слойка косичка,AMBIGUOUS,READY_DISH,Булочные изделия,4,4,KAIDA-P0692,Слойка,MAPPED_RULE,0.94
Фетучини с семгой,фетучини с семгой,фетучини с семгой,AMBIGUOUS,PRODUCT,Итальянская кухня | Паста,4,4,KAIDA-P0173,Атлантический лосось,MAPPED_RULE,0.98
Апельсиново-яблочный фрэш 0.3L,апельсиново яблочный фрэш 0 3l,апельсиново яблочный фрэш,AMBIGUOUS,READY_DISH,Фреши,3,3,KAIDA-P0842,Фреш яблочный,MAPPED_RULE,0.98
"Апельсиновый фрэш 0,3L",апельсиновый фрэш 0 3l,апельсиновый фрэш,AMBIGUOUS,READY_DISH,Фреши,3,3,KAIDA-P0843,Фреш апельсиновый,MAPPED_RULE,0.98
Какао-бамбл,какао бамбл,какао бамбл,AMBIGUOUS,READY_DISH,Какао,3,3,KAIDA-P0844,Какао (напиток),MAPPED_RULE,0.98
Какао-вишня,какао вишня,какао вишня,AMBIGUOUS,READY_DISH,Какао,3,3,KAIDA-P0844,Какао (напиток),MAPPED_RULE,0.98
Круассан классический,круассан классический,круассан классический,AMBIGUOUS,READY_DISH,Витрина,3,3,KAIDA-P0693,Круассан,MAPPED_RULE,0.94
Круассан клубничный,круассан клубничный,круассан клубничный,AMBIGUOUS,READY_DISH,Витрина,3,3,KAIDA-P0693,Круассан,MAPPED_RULE,0.94
Круассан миндальный,круассан миндальный,круассан миндальный,AMBIGUOUS,READY_DISH,Витрина,3,3,KAIDA-P0693,Круассан,MAPPED_RULE,0.94
Круассан шоколадный,круассан шоколадный,круассан шоколадный,AMBIGUOUS,READY_DISH,Витрина,3,3,KAIDA-P0693,Круассан,MAPPED_RULE,0.94
"Лимонад апельсин-маракуйя 0,4L",лимонад апельсин маракуйя 0 4l,лимонад апельсин маракуйя,AMBIGUOUS,READY_DISH,Лимонады,3,3,KAIDA-P0721,Лимонад,MAPPED_RULE,0.94
Лимонад апельсин-маракуйя 1L,лимонад апельсин маракуйя 1l,лимонад апельсин маракуйя,AMBIGUOUS,READY_DISH,Лимонады,3,3,KAIDA-P0721,Лимонад,MAPPED_RULE,0.94
Лимонад Голубика–Лаванда,лимонад голубика лаванда,лимонад голубика лаванда,AMBIGUOUS,READY_DISH,Лимонад,3,3,KAIDA-P0721,Лимонад,MAPPED_RULE,0.94
"Лимонад манго-клубника 0,4L",лимонад манго клубника 0 4l,лимонад манго клубника,AMBIGUOUS,READY_DISH,Лимонады,3,3,KAIDA-P0721,Лимонад,MAPPED_RULE,0.94
Лимонад манго-клубника 1L,лимонад манго клубника 1l,лимонад манго клубника,AMBIGUOUS,READY_DISH,Лимонады,3,3,KAIDA-P0721,Лимонад,MAPPED_RULE,0.94
"Лимонад манго-маракуйя 0,4L",лимонад манго маракуйя 0 4l,лимонад манго маракуйя,AMBIGUOUS,READY_DISH,Лимонады,3,3,KAIDA-P0721,Лимонад,MAPPED_RULE,0.94
Лимонад манго-маракуйя 1L,лимонад манго маракуйя 1l,лимонад манго маракуйя,AMBIGUOUS,READY_DISH,Лимонады,3,3,KAIDA-P0721,Лимонад,MAPPED_RULE,0.94
"Лимонад мандарин-манго 0,4L",лимонад мандарин манго 0 4l,лимонад мандарин манго,AMBIGUOUS,READY_DISH,Лимонады,3,3,KAIDA-P0721,Лимонад,MAPPED_RULE,0.94
Лимонад мандарин-манго 1L,лимонад мандарин манго 1l,лимонад мандарин манго,AMBIGUOUS,READY_DISH,Лимонады,3,3,KAIDA-P0721,Лимонад,MAPPED_RULE,0.94
"Лимонад с мякотью вишня 0,4L",лимонад с мякотью вишня 0 4l,лимонад с мякотью вишня,AMBIGUOUS,READY_DISH,Лимонады,3,3,KAIDA-P0721,Лимонад,MAPPED_RULE,0.94
Лимонад с мякотью вишня 1L,лимонад с мякотью вишня 1l,лимонад с мякотью вишня,AMBIGUOUS,READY_DISH,Лимонады,3,3,KAIDA-P0721,Лимонад,MAPPED_RULE,0.94
"Лимонад с мякотью киви 0,4L",лимонад с мякотью киви 0 4l,лимонад с мякотью киви,AMBIGUOUS,READY_DISH,Лимонады,3,3,KAIDA-P0721,Лимонад,MAPPED_RULE,0.94
Лимонад с мякотью киви 1L,лимонад с мякотью киви 1l,лимонад с мякотью киви,AMBIGUOUS,READY_DISH,Лимонады,3,3,KAIDA-P0721,Лимонад,MAPPED_RULE,0.94
"Лимонад с мякотью клубника 0,4L",лимонад с мякотью клубника 0 4l,лимонад с мякотью клубника,AMBIGUOUS,READY_DISH,Лимонады,3,3,KAIDA-P0721,Лимонад,MAPPED_RULE,0.94
Лимонад с мякотью клубника 1L,лимонад с мякотью клубника 1l,лимонад с мякотью клубника,AMBIGUOUS,READY_DISH,Лимонады,3,3,KAIDA-P0721,Лимонад,MAPPED_RULE,0.94
"Лимонад с мякотью малины 0,4L",лимонад с мякотью малины 0 4l,лимонад с мякотью малины,AMBIGUOUS,READY_DISH,Лимонады,3,3,KAIDA-P0721,Лимонад,MAPPED_RULE,0.94
Лимонад с мякотью малины 1L,лимонад с мякотью малины 1l,лимонад с мякотью малины,AMBIGUOUS,READY_DISH,Лимонады,3,3,KAIDA-P0721,Лимонад,MAPPED_RULE,0.94
Лимонад Цветочный Личи,лимонад цветочный личи,лимонад цветочный личи,AMBIGUOUS,READY_DISH,Лимонад,3,3,KAIDA-P0721,Лимонад,MAPPED_RULE,0.94
"Морковно-апельсиновый 0,3L",морковно апельсиновый 0 3l,морковно апельсиновый,AMBIGUOUS,READY_DISH,Фреши,3,3,KAIDA-P0843,Фреш апельсиновый,MAPPED_RULE,0.98
"Морковно-яблочный фрэш 0,3L",морковно яблочный фрэш 0 3l,морковно яблочный фрэш,AMBIGUOUS,READY_DISH,Фреши,3,3,KAIDA-P0842,Фреш яблочный,MAPPED_RULE,0.98
Слойка с изюмом,слойка с изюмом,слойка с изюмом,AMBIGUOUS,READY_DISH,Витрина,3,3,KAIDA-P0692,Слойка,MAPPED_RULE,0.94
"Яблочный фрэш 0,3L",яблочный фрэш 0 3l,яблочный фрэш,AMBIGUOUS,READY_DISH,Фреши,3,3,KAIDA-P0842,Фреш яблочный,MAPPED_RULE,0.98
"METRO Chef Картофель фри 9х9 мм 2,5 кг",metro chef картофель фри 9х9 мм 2 5 кг,metro chef картофель фри мм,AMBIGUOUS,READY_DISH,Глубокая заморозка,2,1,KAIDA-P0826,Картофель фри,MAPPED_RULE,0.99
Авокадо /50 гр,авокадо 50 гр,авокадо,AMBIGUOUS,PRODUCT,КУХНЯ,2,2,KAIDA-P0462,Авокадо,MAPPED_AUTO,0.93
Брокколи /150 гр,брокколи 150 гр,брокколи,AMBIGUOUS,PRODUCT,КУХНЯ,2,2,KAIDA-P0391,Брокколи,MAPPED_AUTO,0.93
Вишня 1шт,вишня 1шт,вишня,AMBIGUOUS,PRODUCT,Ассортимент эссенций,2,2,KAIDA-P0446,Вишня,MAPPED_AUTO,0.93
Гречка /150 гр,гречка 150 гр,гречка,AMBIGUOUS,PRODUCT,КУХНЯ,2,2,KAIDA-P0513,Гречка,MAPPED_AUTO,0.93
Груша 1шт,груша 1шт,груша,AMBIGUOUS,PRODUCT,Ассортимент эссенций,2,2,KAIDA-P0437,Груша,MAPPED_AUTO,0.93
Дыня 1шт,дыня 1шт,дыня,AMBIGUOUS,PRODUCT,Ассортимент эссенций,2,2,KAIDA-P0480,Дыня,MAPPED_AUTO,0.93
индейка /50 гр,индейка 50 гр,индейка,AMBIGUOUS,PRODUCT,КУХНЯ,2,2,KAIDA-P0100,Индейка,MAPPED_AUTO,0.93
Картофель - 1 кг,картофель 1 кг,картофель,AMBIGUOUS,PRODUCT,Нарезано/Почищенно | Овощи,2,2,KAIDA-P0342,Картофель,MAPPED_AUTO,0.93
картофель /150 гр,картофель 150 гр,картофель,AMBIGUOUS,PRODUCT,КУХНЯ,2,2,KAIDA-P0342,Картофель,MAPPED_AUTO,0.93
Кимчи /50 гр,кимчи 50 гр,кимчи,AMBIGUOUS,PRODUCT,КУХНЯ,2,2,KAIDA-P0764,Кимчи,MAPPED_AUTO,0.93
Кокос 1шт,кокос 1шт,кокос,AMBIGUOUS,PRODUCT,Ассортимент эссенций,2,2,KAIDA-P0474,Кокос,MAPPED_AUTO,0.93
Круассан с лососем,круассан с лососем,круассан с лососем,AMBIGUOUS,READY_DISH,Бранч Сэндвичи | Сендвичи,2,2,KAIDA-P0693,Круассан,MAPPED_RULE,0.94
лимонад /400 мл,лимонад 400 мл,лимонад,AMBIGUOUS,READY_DISH,БАР,2,2,KAIDA-P0721,Лимонад,MAPPED_RULE,0.94
Лосось /50 гр,лосось 50 гр,лосось,AMBIGUOUS,PRODUCT,КУХНЯ,2,2,KAIDA-P0801,Лосось,MAPPED_AUTO,0.93
Малина 1шт,малина 1шт,малина,AMBIGUOUS,PRODUCT,Ассортимент эссенций,2,2,KAIDA-P0489,Малина,MAPPED_AUTO,0.93
Манго 1шт,манго 1шт,манго,AMBIGUOUS,PRODUCT,Ассортимент эссенций,2,2,KAIDA-P0461,Манго,MAPPED_AUTO,0.93
морс /300 мл,морс 300 мл,морс,AMBIGUOUS,PRODUCT,БАР,2,2,KAIDA-P0718,Морс ягодный,MAPPED_AUTO,0.9
Мята 1шт,мята 1шт,мята,AMBIGUOUS,PRODUCT,Ассортимент эссенций,2,2,KAIDA-P0399,Мята,MAPPED_AUTO,0.93
Персик 1шт,персик 1шт,персик,AMBIGUOUS,PRODUCT,Ассортимент эссенций,2,2,KAIDA-P0439,Персик,MAPPED_AUTO,0.93
Семга малосольная,семга малосольная,семга малосольная,AMBIGUOUS,PRODUCT,Рыба | Семга хк и Эсколар,2,2,KAIDA-P0173,Атлантический лосось,MAPPED_RULE,0.98
Стейки кеты,стейки кеты,стейки кеты,AMBIGUOUS,PRODUCT,Рыба | Стейки кеты,2,2,KAIDA-P0804,Стейк кеты,MAPPED_RULE,0.96
Черри /50 гр,черри 50 гр,черри,AMBIGUOUS,PRODUCT,КУХНЯ,2,2,KAIDA-P0368,Помидор черри,MAPPED_AUTO,0.9
Шампиньоны /50 гр,шампиньоны 50 гр,шампиньоны,AMBIGUOUS,PRODUCT,КУХНЯ,2,2,KAIDA-P0418,Шампиньоны,MAPPED_AUTO,0.93
BENTO-BOX С НАГГЕТСАМИ/КАРТОФЕЛЬ ФРИ,bento box с наггетсами картофель фри,bento box с наггетсами картофель фри,AMBIGUOUS,READY_DISH,MINI MENU,1,1,KAIDA-P0826,Картофель фри,MAPPED_RULE,0.99
"Crea какао пудра 22-24%, 100гр",crea какао пудра 22 24 100гр,crea какао пудра 22,AMBIGUOUS,PRODUCT,шоколадные товары Crea,1,1,KAIDA-P0738,Какао-порошок,MAPPED_RULE,0.96
"Crea какао пудра 22-24%, 1кг",crea какао пудра 22 24 1кг,crea какао пудра 22,AMBIGUOUS,PRODUCT,шоколадные товары Crea,1,1,KAIDA-P0738,Какао-порошок,MAPPED_RULE,0.96
"McCain Картофель фри 9х9 мм 2,5 кг",mccain картофель фри 9х9 мм 2 5 кг,mccain картофель фри мм,AMBIGUOUS,READY_DISH,Глубокая заморозка,1,1,KAIDA-P0826,Картофель фри,MAPPED_RULE,0.99
"METRO Chef Картофель фри хрустящий в панировке 11×11 мм 2,5 кг",metro chef картофель фри хрустящий в панировке 11x11 мм 2 5 кг,metro chef картофель фри хрустящий в панировке мм,AMBIGUOUS,READY_DISH,Глубокая заморозка,1,1,KAIDA-P0826,Картофель фри,MAPPED_RULE,0.99
Анчоус 100гр,анчоус 100гр,анчоус,AMBIGUOUS,PRODUCT,СУШОК,1,1,KAIDA-P0187,Анчоус,MAPPED_AUTO,0.93
Апельсин 0.33L,апельсин 0 33l,апельсин,AMBIGUOUS,READY_DISH,Фреши,1,1,KAIDA-P0843,Фреш апельсиновый,MAPPED_RULE,0.98
Апельсин 0.5L,апельсин 0 5l,апельсин,AMBIGUOUS,READY_DISH,Фреши,1,1,KAIDA-P0843,Фреш апельсиновый,MAPPED_RULE,0.98
Апельсин-грейпфрут 0.33L,апельсин грейпфрут 0 33l,апельсин грейпфрут,AMBIGUOUS,READY_DISH,Фреши,1,1,KAIDA-P0843,Фреш апельсиновый,MAPPED_RULE,0.98
Апельсин-грейпфрут 0.5L,апельсин грейпфрут 0 5l,апельсин грейпфрут,AMBIGUOUS,READY_DISH,Фреши,1,1,KAIDA-P0843,Фреш апельсиновый,MAPPED_RULE,0.98
Апельсин-яблоко 0.33L,апельсин яблоко 0 33l,апельсин яблоко,AMBIGUOUS,READY_DISH,Фреши,1,1,KAIDA-P0843,Фреш апельсиновый,MAPPED_RULE,0.98
Апельсин-яблоко 0.5L,апельсин яблоко 0 5l,апельсин яблоко,AMBIGUOUS,READY_DISH,Фреши,1,1,KAIDA-P0843,Фреш апельсиновый,MAPPED_RULE,0.98
Апельсиновый лимонад Premium,апельсиновый лимонад premium,апельсиновый лимонад premium,AMBIGUOUS,READY_DISH,Лимонады,1,1,KAIDA-P0721,Лимонад,MAPPED_RULE,0.94
Апельсиновый Фреш 300мл,апельсиновый фреш 300мл,апельсиновый фреш,AMBIGUOUS,READY_DISH,Фреши,1,1,KAIDA-P0843,Фреш апельсиновый,MAPPED_RULE,0.98
Апельсиновый Фреш 500мл,апельсиновый фреш 500мл,апельсиновый фреш,AMBIGUOUS,READY_DISH,Фреши,1,1,KAIDA-P0843,Фреш апельсиновый,MAPPED_RULE,0.98
Баклажан - 1 кг,баклажан 1 кг,баклажан,AMBIGUOUS,PRODUCT,Нарезано/Почищенно,1,1,KAIDA-P0376,Баклажан,MAPPED_AUTO,0.93
Вишневый Лимонад 450мл,вишневый лимонад 450мл,вишневый лимонад,AMBIGUOUS,READY_DISH,Лимонады,1,1,KAIDA-P0721,Лимонад,MAPPED_RULE,0.94
Вишня 20%,вишня 20,вишня,AMBIGUOUS,PRODUCT,Настойки,1,1,KAIDA-P0446,Вишня,MAPPED_AUTO,0.93
Грейпфрут 0.33L,грейпфрут 0 33l,грейпфрут,AMBIGUOUS,PRODUCT,Фреши,1,1,KAIDA-P0456,Грейпфрут,MAPPED_AUTO,0.93
Дорадо 300-400 гр,дорадо 300 400 гр,дорадо,AMBIGUOUS,PRODUCT,Популярный Товар,1,1,KAIDA-P0195,Дорадо,MAPPED_AUTO,0.93
Какао Favorich 10-12% Малайзия 1кг,какао favorich 10 12 малайзия 1кг,какао favorich 10 малайзия,AMBIGUOUS,PRODUCT,Какао,1,1,KAIDA-P0738,Какао-порошок,MAPPED_RULE,0.96
Какао Малайзия FAVORICH алкализованное,какао малайзия favorich алкализованное,какао малайзия favorich алкализованное,AMBIGUOUS,PRODUCT,Какао порошок,1,1,KAIDA-P0738,Какао-порошок,MAPPED_RULE,0.96
"Какао пудра 10%-12%, 100гр, Ovalette",какао пудра 10 12 100гр ovalette,какао пудра ovalette,AMBIGUOUS,PRODUCT,какао,1,1,KAIDA-P0738,Какао-порошок,MAPPED_RULE,0.96
"Какао пудра 10%-12%, 1кг",какао пудра 10 12 1кг,какао пудра,AMBIGUOUS,PRODUCT,какао,1,1,KAIDA-P0738,Какао-порошок,MAPPED_RULE,0.96
"Какао пудра 10%-12%, 25кг",какао пудра 10 12 25кг,какао пудра,AMBIGUOUS,PRODUCT,какао,1,1,KAIDA-P0738,Какао-порошок,MAPPED_RULE,0.96
"Какао пудра 10%-12%, 500гр, Ovalette",какао пудра 10 12 500гр ovalette,какао пудра ovalette,AMBIGUOUS,PRODUCT,фасованное Ovalette,1,1,KAIDA-P0738,Какао-порошок,MAPPED_RULE,0.96
"Какао пудра 20-22%, 1кг",какао пудра 20 22 1кг,какао пудра 20,AMBIGUOUS,PRODUCT,какао,1,1,KAIDA-P0738,Какао-порошок,MAPPED_RULE,0.96
Какао тертое Кот-д'Ивуар 200гр,какао тертое кот д ивуар 200гр,какао тертое кот д ивуар,AMBIGUOUS,PRODUCT,шоколадные товары Crea,1,1,KAIDA-P0738,Какао-порошок,MAPPED_RULE,0.96
Камбала 100гр,камбала 100гр,камбала,AMBIGUOUS,PRODUCT,СУШОК,1,1,KAIDA-P0193,Камбала,MAPPED_AUTO,0.93
Картофель фри - Fantasy,картофель фри fantasy,картофель фри fantasy,AMBIGUOUS,READY_DISH,Картофель фри,1,1,KAIDA-P0826,Картофель фри,MAPPED_RULE,0.99
Картофель фри 10 мм без панировки KAIDA AMIKO 2.5 кг,картофель фри 10 мм без панировки kaida amiko 2 5 кг,картофель фри 10 мм без панировки kaida amiko,AMBIGUOUS,READY_DISH,Картофель фри,1,1,KAIDA-P0826,Картофель фри,MAPPED_RULE,0.99
Картофель фри 10 мм в панировке KAIDA AMIKO 2.5 кг,картофель фри 10 мм в панировке kaida amiko 2 5 кг,картофель фри 10 мм в панировке kaida amiko,AMBIGUOUS,READY_DISH,Картофель фри,1,1,KAIDA-P0826,Картофель фри,MAPPED_RULE,0.99
Картофель фри 7 мм в панировке KAIDA AMIKO 2.5 кг,картофель фри 7 мм в панировке kaida amiko 2 5 кг,картофель фри 7 мм в панировке kaida amiko,AMBIGUOUS,READY_DISH,Картофель фри,1,1,KAIDA-P0826,Картофель фри,MAPPED_RULE,0.99
Картофель фри с кожурой,картофель фри с кожурой,картофель фри с кожурой,AMBIGUOUS,READY_DISH,Картофель фри,1,1,KAIDA-P0826,Картофель фри,MAPPED_RULE,0.99
Картофель фри/дольки,картофель фри дольки,картофель фри дольки,AMBIGUOUS,READY_DISH,Детское меню,1,1,KAIDA-P0826,Картофель фри,MAPPED_RULE,0.99
Классический Лимонад 200 мл,классический лимонад 200 мл,классический лимонад,AMBIGUOUS,READY_DISH,Лимонады,1,1,KAIDA-P0721,Лимонад,MAPPED_RULE,0.94
Классический Лимонад 800 мл,классический лимонад 800 мл,классический лимонад,AMBIGUOUS,READY_DISH,Лимонады,1,1,KAIDA-P0721,Лимонад,MAPPED_RULE,0.94
Круассан легкий,круассан легкий,круассан легкий,AMBIGUOUS,READY_DISH,Круассаны:,1,1,KAIDA-P0693,Круассан,MAPPED_RULE,0.94
Круассан по французски,круассан по французски,круассан по французски,AMBIGUOUS,READY_DISH,Круассаны:,1,1,KAIDA-P0693,Круассан,MAPPED_RULE,0.94
Круассан с индейкой,круассан с индейкой,круассан с индейкой,AMBIGUOUS,READY_DISH,Круассаны:,1,1,KAIDA-P0693,Круассан,MAPPED_RULE,0.94
Круассан с пастрами,круассан с пастрами,круассан с пастрами,AMBIGUOUS,READY_DISH,Круассаны:,1,1,KAIDA-P0693,Круассан,MAPPED_RULE,0.94
Круассан с семгой,круассан с семгой,круассан с семгой,AMBIGUOUS,READY_DISH,Круассаны:,1,1,KAIDA-P0693,Круассан,MAPPED_RULE,0.94
Курага 20%,курага 20,курага,AMBIGUOUS,PRODUCT,Настойки,1,1,KAIDA-P0594,Курага,MAPPED_AUTO,0.93
Куриные сосиски на гриле с пюре,куриные сосиски на гриле с пюре,куриные сосиски на гриле с пюре,AMBIGUOUS,PRODUCT,Горячие блюда,1,1,KAIDA-P0790,Сосиски,MAPPED_RULE,0.88
Лакедра 100гр,лакедра 100гр,лакедра,AMBIGUOUS,PRODUCT,СУШОК,1,1,KAIDA-P0197,Лакедра,MAPPED_AUTO,0.93
Лимонад Классический,лимонад классический,лимонад классический,AMBIGUOUS,READY_DISH,Лимонады,1,1,KAIDA-P0721,Лимонад,MAPPED_RULE,0.94
Лимонад Клубника,лимонад клубника,лимонад клубника,AMBIGUOUS,READY_DISH,Лимонады,1,1,KAIDA-P0721,Лимонад,MAPPED_RULE,0.94
"Лимонад Малина-Маракуйя 0,3",лимонад малина маракуйя 0 3,лимонад малина маракуйя 0 3,AMBIGUOUS,READY_DISH,Лимонады,1,1,KAIDA-P0721,Лимонад,MAPPED_RULE,0.94
Лимонад Малина-Маракуйя 1л,лимонад малина маракуйя 1л,лимонад малина маракуйя,AMBIGUOUS,READY_DISH,Лимонады,1,1,KAIDA-P0721,Лимонад,MAPPED_RULE,0.94
Лимонад Манго,лимонад манго,лимонад манго,AMBIGUOUS,READY_DISH,Лимонады,1,1,KAIDA-P0721,Лимонад,MAPPED_RULE,0.94
"Лимонад Мохитино 0,3",лимонад мохитино 0 3,лимонад мохитино 0 3,AMBIGUOUS,READY_DISH,Лимонады,1,1,KAIDA-P0721,Лимонад,MAPPED_RULE,0.94
Лимонад Мохитино 1л,лимонад мохитино 1л,лимонад мохитино,AMBIGUOUS,READY_DISH,Лимонады,1,1,KAIDA-P0721,Лимонад,MAPPED_RULE,0.94
"Лимонад Тархун-Лемонграсс 0,3",лимонад тархун лемонграсс 0 3,лимонад тархун лемонграсс 0 3,AMBIGUOUS,READY_DISH,Лимонады,1,1,KAIDA-P0722,Тархун напиток,MAPPED_RULE,0.97
Лимонад Тархун-Лемонграсс 1л,лимонад тархун лемонграсс 1л,лимонад тархун лемонграсс,AMBIGUOUS,READY_DISH,Лимонады,1,1,KAIDA-P0722,Тархун напиток,MAPPED_RULE,0.97
Лимонады 0.5L,лимонады 0 5l,лимонады,AMBIGUOUS,READY_DISH,Лимонады,1,1,KAIDA-P0721,Лимонад,MAPPED_RULE,0.94
Лимонады 1L,лимонады 1l,лимонады,AMBIGUOUS,READY_DISH,Лимонады,1,1,KAIDA-P0721,Лимонад,MAPPED_RULE,0.94
Лимонады 1л,лимонады 1л,лимонады,AMBIGUOUS,READY_DISH,Фреш лимонады,1,1,KAIDA-P0721,Лимонад,MAPPED_RULE,0.94
Лимонады 400 мл,лимонады 400 мл,лимонады,AMBIGUOUS,READY_DISH,Фреш лимонады,1,1,KAIDA-P0721,Лимонад,MAPPED_RULE,0.94
Лук - 1 кг,лук 1 кг,лук,AMBIGUOUS,PRODUCT,Нарезано/Почищенно,1,1,KAIDA-P0359,Лук репчатый,MAPPED_AUTO,0.9
Манго-Маракуйя лимонад Premuim,манго маракуйя лимонад premuim,манго маракуйя лимонад premuim,AMBIGUOUS,READY_DISH,Лимонады,1,1,KAIDA-P0721,Лимонад,MAPPED_RULE,0.94
Морковь - 1 кг,морковь 1 кг,морковь,AMBIGUOUS,PRODUCT,Нарезано/Почищенно,1,1,KAIDA-P0347,Морковь,MAPPED_AUTO,0.93
Морковь 0.33L,морковь 0 33l,морковь,AMBIGUOUS,PRODUCT,Фреши,1,1,KAIDA-P0347,Морковь,MAPPED_AUTO,0.93
Морковь 0.5L,морковь 0 5l,морковь,AMBIGUOUS,PRODUCT,Фреши,1,1,KAIDA-P0347,Морковь,MAPPED_AUTO,0.93
"Помадка сахарная с какао 120гр*1туба, Тодико",помадка сахарная с какао 120гр 1туба тодико,помадка сахарная с какао 1туба тодико,AMBIGUOUS,PRODUCT,Посыпки,1,1,KAIDA-P0738,Какао-порошок,MAPPED_RULE,0.96
Семга (Норвегия) - малосольная (с/с),семга норвегия малосольная с с,семга норвегия малосольная с с,AMBIGUOUS,PRODUCT,Копченая/Соленая,1,1,KAIDA-P0173,Атлантический лосось,MAPPED_RULE,0.98
Семга (Норвегия) - холодного копчения,семга норвегия холодного копчения,семга норвегия холодного копчения,AMBIGUOUS,PRODUCT,Копченая/Соленая,1,1,KAIDA-P0173,Атлантический лосось,MAPPED_RULE,0.98
Семга на пару с пюре,семга на пару с пюре,семга на пару с пюре,AMBIGUOUS,PRODUCT,Горячие блюда,1,1,KAIDA-P0173,Атлантический лосось,MAPPED_RULE,0.98
Семга на подушке из цукини,семга на подушке из цукини,семга на подушке из цукини,AMBIGUOUS,PRODUCT,Горячее,1,1,KAIDA-P0173,Атлантический лосось,MAPPED_RULE,0.98
Семга с зеленой спаржей,семга с зеленой спаржей,семга с зеленой спаржей,AMBIGUOUS,PRODUCT,Горячие блюда,1,1,KAIDA-P0173,Атлантический лосось,MAPPED_RULE,0.98
СЕМГА СТЕЙК БУХТА ИЗОБИЛИЯ 700ГР,семга стейк бухта изобилия 700гр,семга стейк бухта изобилия,AMBIGUOUS,PRODUCT,Акции,1,1,KAIDA-P0242,Стейк лосося,MAPPED_RULE,0.94
Семга х/к,семга х к,семга х к,AMBIGUOUS,PRODUCT,Семга хк и Эсколар,1,1,KAIDA-P0173,Атлантический лосось,MAPPED_RULE,0.98
"Смесь ""Шарлот"" какао 1кг",смесь шарлот какао 1кг,смесь шарлот какао,AMBIGUOUS,PRODUCT,смеси,1,1,KAIDA-P0738,Какао-порошок,MAPPED_RULE,0.96
Смородина Лимонад 450мл,смородина лимонад 450мл,смородина лимонад,AMBIGUOUS,READY_DISH,Лимонады,1,1,KAIDA-P0721,Лимонад,MAPPED_RULE,0.94
Смузи апельсин-банан,смузи апельсин банан,смузи апельсин банан,AMBIGUOUS,READY_DISH,Смузи и фреши:,1,1,KAIDA-P0843,Фреш апельсиновый,MAPPED_RULE,0.98
Тропический Лимонад 450мл,тропический лимонад 450мл,тропический лимонад,AMBIGUOUS,READY_DISH,Лимонады,1,1,KAIDA-P0721,Лимонад,MAPPED_RULE,0.94
Утка - 1 кг,утка 1 кг,утка,AMBIGUOUS,PRODUCT,Птичий Ряд,1,1,KAIDA-P0107,Утка,MAPPED_AUTO,0.93
Фреш апельсин-яблоко,фреш апельсин яблоко,фреш апельсин яблоко,AMBIGUOUS,READY_DISH,Смузи и фреши:,1,1,KAIDA-P0843,Фреш апельсиновый,MAPPED_RULE,0.98
Фреш апельсиновый,фреш апельсиновый,фреш апельсиновый,AMBIGUOUS,READY_DISH,Смузи и фреши:,1,1,KAIDA-P0843,Фреш апельсиновый,MAPPED_RULE,0.98
Фреш яблочный,фреш яблочный,фреш яблочный,AMBIGUOUS,READY_DISH,Смузи и фреши:,1,1,KAIDA-P0842,Фреш яблочный,MAPPED_RULE,0.98
Черный 600мл,черный 600мл,черный,AMBIGUOUS,READY_DISH,Авторские чаи,1,1,KAIDA-P0837,Чай чёрный (напиток),MAPPED_RULE,0.95
Яблоко 0.33L,яблоко 0 33l,яблоко,AMBIGUOUS,PRODUCT,Фреши,1,1,KAIDA-P0432,Яблоко,MAPPED_AUTO,0.93
Яблоко 0.5L,яблоко 0 5l,яблоко,AMBIGUOUS,PRODUCT,Фреши,1,1,KAIDA-P0432,Яблоко,MAPPED_AUTO,0.93
Яблочный Фреш 300мл,яблочный фреш 300мл,яблочный фреш,AMBIGUOUS,READY_DISH,Фреши,1,1,KAIDA-P0842,Фреш яблочный,MAPPED_RULE,0.98
Яблочный Фреш 500мл,яблочный фреш 500мл,яблочный фреш,AMBIGUOUS,READY_DISH,Фреши,1,1,KAIDA-P0842,Фреш яблочный,MAPPED_RULE,0.98
Наполеон,наполеон,наполеон,FOOD,READY_DISH,Витрина | Десерты | НА БАНКЕТЫ | Торты | Торты по предзаказу | Целые торты,29,24,KAIDA-P0808,Торт Наполеон,MAPPED_RULE,0.96
"Ветчина вареная ""Аппетитная"" (кг)",ветчина вареная аппетитная кг,ветчина вареная аппетитная кг,FOOD,PRODUCT,Прочие мясные продукты,21,21,KAIDA-P0788,Ветчина,MAPPED_RULE,0.92
Ветчина Деликатесная (кг),ветчина деликатесная кг,ветчина деликатесная кг,FOOD,PRODUCT,Прочие мясные продукты,21,21,KAIDA-P0788,Ветчина,MAPPED_RULE,0.92
Ветчина копченая (кг),ветчина копченая кг,ветчина копченая кг,FOOD,PRODUCT,Прочие мясные продукты,21,21,KAIDA-P0788,Ветчина,MAPPED_RULE,0.92
Ветчина Мраморная,ветчина мраморная,ветчина мраморная,FOOD,PRODUCT,Прочие мясные продукты,21,21,KAIDA-P0788,Ветчина,MAPPED_RULE,0.92
Ветчина Элитная,ветчина элитная,ветчина элитная,FOOD,PRODUCT,Прочие мясные продукты,21,21,KAIDA-P0788,Ветчина,MAPPED_RULE,0.92
Голень цыпленка-бройлера варено-копченая,голень цыпленка бройлера варено копченая,голень цыпленка бройлера варено копченая,FOOD,PRODUCT,Прочие мясные продукты,21,21,KAIDA-P0092,Куриная голень,MAPPED_RULE,0.96
Головы (кг),головы кг,головы кг,FOOD,PRODUCT,Прочие мясные продукты,21,21,KAIDA-P0798,Куриные головы,MAPPED_RULE,0.92
Докторская колбаса,докторская колбаса,докторская колбаса,FOOD,PRODUCT,Прочие мясные продукты,21,21,KAIDA-P0792,Докторская колбаса,MAPPED_RULE,0.96
Желудок (кг),желудок кг,желудок кг,FOOD,PRODUCT,Прочие мясные продукты,21,21,KAIDA-P0848,Куриный желудок,MAPPED_RULE,0.92
Колбаса Алатауская,колбаса алатауская,колбаса алатауская,FOOD,PRODUCT,Прочие мясные продукты,21,21,KAIDA-P0789,Колбаса,MAPPED_RULE,0.82
Колбаса Бутербродная,колбаса бутербродная,колбаса бутербродная,FOOD,PRODUCT,Прочие мясные продукты,21,21,KAIDA-P0789,Колбаса,MAPPED_RULE,0.82
Колбаса Домашняя,колбаса домашняя,колбаса домашняя,FOOD,PRODUCT,Прочие мясные продукты,21,21,KAIDA-P0789,Колбаса,MAPPED_RULE,0.82
Колбаса Ностальжи,колбаса ностальжи,колбаса ностальжи,FOOD,PRODUCT,Прочие мясные продукты,21,21,KAIDA-P0789,Колбаса,MAPPED_RULE,0.82
Колбаса Пепперони,колбаса пепперони,колбаса пепперони,FOOD,PRODUCT,Прочие мясные продукты,21,21,KAIDA-P0795,Пепперони,MAPPED_RULE,0.94
Колбаса с сыром Гурман,колбаса с сыром гурман,колбаса с сыром гурман,FOOD,PRODUCT,Прочие мясные продукты,21,21,KAIDA-P0789,Колбаса,MAPPED_RULE,0.82
Колбаса с сыром Рябушка,колбаса с сыром рябушка,колбаса с сыром рябушка,FOOD,PRODUCT,Прочие мясные продукты,21,21,KAIDA-P0789,Колбаса,MAPPED_RULE,0.82
Колбаса Сочная,колбаса сочная,колбаса сочная,FOOD,PRODUCT,Прочие мясные продукты,21,21,KAIDA-P0789,Колбаса,MAPPED_RULE,0.82
Колбаски Гриль,колбаски гриль,колбаски гриль,FOOD,PRODUCT,Прочие мясные продукты,21,21,KAIDA-P0789,Колбаса,MAPPED_RULE,0.82
Колбаски Цыпулина,колбаски цыпулина,колбаски цыпулина,FOOD,PRODUCT,Прочие мясные продукты,21,21,KAIDA-P0789,Колбаса,MAPPED_RULE,0.82
Копченое филе,копченое филе,копченое филе,FOOD,PRODUCT,Прочие мясные продукты,21,21,KAIDA-P0089,Куриное филе,MAPPED_RULE,0.93
Краковская колбаса,краковская колбаса,краковская колбаса,FOOD,PRODUCT,Прочие мясные продукты,21,21,KAIDA-P0793,Краковская колбаса,MAPPED_RULE,0.96
Крылья копченые,крылья копченые,крылья копченые,FOOD,PRODUCT,Прочие мясные продукты,21,21,KAIDA-P0093,Куриное крыло,MAPPED_RULE,0.93
Мусульманская колбаса,мусульманская колбаса,мусульманская колбаса,FOOD,PRODUCT,Прочие мясные продукты,21,21,KAIDA-P0789,Колбаса,MAPPED_RULE,0.82
Окорочка (кг),окорочка кг,окорочка кг,FOOD,PRODUCT,Прочие мясные продукты,21,21,KAIDA-P0095,Куриный окорочок,MAPPED_RULE,0.92
Окорочка копченые,окорочка копченые,окорочка копченые,FOOD,PRODUCT,Прочие мясные продукты,21,21,KAIDA-P0095,Куриный окорочок,MAPPED_RULE,0.93
Охотничьи колбаски,охотничьи колбаски,охотничьи колбаски,FOOD,PRODUCT,Прочие мясные продукты,21,21,KAIDA-P0796,Охотничьи колбаски,MAPPED_RULE,0.95
Половина тушки ЦБ (кг),половина тушки цб кг,половина тушки цб кг,FOOD,PRODUCT,Прочие мясные продукты,21,21,KAIDA-P0088,Куриная тушка,MAPPED_RULE,0.96
Рулет куриный,рулет куриный,рулет куриный,FOOD,PRODUCT,Прочие мясные продукты,21,21,KAIDA-P0800,Куриный рулет,MAPPED_RULE,0.96
Сардельки Алатауские с сыром,сардельки алатауские с сыром,сардельки алатауские с сыром,FOOD,PRODUCT,Прочие мясные продукты,21,21,KAIDA-P0791,Сардельки,MAPPED_RULE,0.9
Сардельки Маэстро,сардельки маэстро,сардельки маэстро,FOOD,PRODUCT,Прочие мясные продукты,21,21,KAIDA-P0791,Сардельки,MAPPED_RULE,0.9
Сардельки Особые,сардельки особые,сардельки особые,FOOD,PRODUCT,Прочие мясные продукты,21,21,KAIDA-P0791,Сардельки,MAPPED_RULE,0.9
Сардельки Сочные,сардельки сочные,сардельки сочные,FOOD,PRODUCT,Прочие мясные продукты,21,21,KAIDA-P0791,Сардельки,MAPPED_RULE,0.9
Сервелат,сервелат,сервелат,FOOD,PRODUCT,Прочие мясные продукты,21,21,KAIDA-P0794,Сервелат,MAPPED_RULE,0.96
Сосиски Дәмді,сосиски дәмді,сосиски дәмді,FOOD,PRODUCT,Прочие мясные продукты,21,21,KAIDA-P0790,Сосиски,MAPPED_RULE,0.88
Сосиски Мини,сосиски мини,сосиски мини,FOOD,PRODUCT,Прочие мясные продукты,21,21,KAIDA-P0790,Сосиски,MAPPED_RULE,0.88
Сосиски Нежные,сосиски нежные,сосиски нежные,FOOD,PRODUCT,Прочие мясные продукты,21,21,KAIDA-P0790,Сосиски,MAPPED_RULE,0.88
Сосиски Пикантные,сосиски пикантные,сосиски пикантные,FOOD,PRODUCT,Прочие мясные продукты,21,21,KAIDA-P0790,Сосиски,MAPPED_RULE,0.88
Сосиски Сочные,сосиски сочные,сосиски сочные,FOOD,PRODUCT,Прочие мясные продукты,21,21,KAIDA-P0790,Сосиски,MAPPED_RULE,0.88
Сосиски Томато,сосиски томато,сосиски томато,FOOD,PRODUCT,Прочие мясные продукты,21,21,KAIDA-P0790,Сосиски,MAPPED_RULE,0.88
Супнабор (кг),супнабор кг,супнабор кг,FOOD,PRODUCT,Прочие мясные продукты,21,21,KAIDA-P0799,Куриный суповой набор,MAPPED_RULE,0.92
Хлебная колбаса,хлебная колбаса,хлебная колбаса,FOOD,PRODUCT,Прочие мясные продукты,21,21,KAIDA-P0789,Колбаса,MAPPED_RULE,0.82
Цыплята бройлера (кг),цыплята бройлера кг,цыплята бройлера кг,FOOD,PRODUCT,Прочие мясные продукты,21,21,KAIDA-P0088,Куриная тушка,MAPPED_RULE,0.95
Цыплята табака (кг),цыплята табака кг,цыплята табака кг,FOOD,PRODUCT,Прочие мясные продукты,21,21,KAIDA-P0853,Цыплёнок табака,MAPPED_RULE,0.94
Чайная колбаса,чайная колбаса,чайная колбаса,FOOD,PRODUCT,Прочие мясные продукты,21,21,KAIDA-P0789,Колбаса,MAPPED_RULE,0.82
Шпикачки,шпикачки,шпикачки,FOOD,PRODUCT,Прочие мясные продукты,21,21,KAIDA-P0854,Шпикачки,MAPPED_RULE,0.98
Синнабон,синнабон,синнабон,FOOD,READY_DISH,Витрина | Выпечка | Десерты | Нан өнімдері,18,18,KAIDA-P0855,Синнабон,MAPPED_RULE,0.96
Медовик,медовик,медовик,FOOD,READY_DISH,Десерты | Торт | Торты | Целые торты,16,11,KAIDA-P0809,Медовик,MAPPED_RULE,0.96
Фисташковый рулет,фисташковый рулет,фисташковый рулет,FOOD,READY_DISH,Витрина | Десерты | Остальное,15,15,KAIDA-P0856,Рулет,MAPPED_RULE,0.92
Эспрессо,эспрессо,эспрессо,FOOD,READY_DISH,Coffee Time | Кофе | Кофе: | Остальное,15,15,KAIDA-P0833,Эспрессо,MAPPED_RULE,0.97
Пельмени,пельмени,пельмени,FOOD,READY_DISH,Блюда | КУХНЯ | Мясо и полуфабрикаты | Полуфабрикаты | Супы,14,14,KAIDA-P0857,Пельмени,MAPPED_RULE,0.97
Пицца Маргарита,пицца маргарита,пицца маргарита,FOOD,READY_DISH,Пицца,14,14,KAIDA-P0823,Пицца Маргарита,MAPPED_RULE,0.97
Сникерс,сникерс,сникерс,FOOD,READY_DISH,Вкусы бенто | Десерты | ПАНКЕЙКТЕР | Пироги | ТОРТЫ масовочные | Целые торты,14,9,KAIDA-P0811,Торт Сникерс,MAPPED_RULE,0.92
Английский завтрак,английский завтрак,английский завтрак,FOOD,READY_DISH,ЗАВТРАКИ | Завтраки | Завтраки от 11:00 до 12:30 | Завтраки: | Сытные завтраки,13,13,KAIDA-P0859,Английский завтрак,MAPPED_RULE,0.96
Пицца Пепперони,пицца пепперони,пицца пепперони,FOOD,READY_DISH,Пицца,13,13,KAIDA-P0824,Пицца Пепперони,MAPPED_RULE,0.97
Сырники,сырники,сырники,FOOD,PRODUCT,Завтраки | Завтраки: | Полуфабрикаты | Сырники,13,13,KAIDA-P0825,Сырники,MAPPED_RULE,0.94
Медовый,медовый,медовый,FOOD,READY_DISH,Витрина | Десерты | Раф | ТОРТЫ масовочные | Торты по предзаказу,12,12,KAIDA-P0809,Медовик,MAPPED_RULE,0.9
Американо,американо,американо,FOOD,READY_DISH,Coffee Time | KOФЕ | Горячие напитки | Кофе,11,11,KAIDA-P0834,Американо,MAPPED_RULE,0.97
Горячий шоколад,горячий шоколад,горячий шоколад,FOOD,READY_DISH,Горячие напитки | Какао | Не кофе: | Остальное | Сладкий кофе,11,11,KAIDA-P0845,Горячий шоколад (напиток),MAPPED_RULE,0.97
Капкейк,капкейк,капкейк,FOOD,READY_DISH,Пирожное | Пирожные | Тәттілер,11,11,KAIDA-P0860,Капкейк,MAPPED_RULE,0.97
Париж-брест,париж брест,париж брест,FOOD,READY_DISH,Пирожное | Пирожные | Тәттілер,11,11,KAIDA-P0861,Париж-Брест,MAPPED_RULE,0.95
Солянка,солянка,солянка,FOOD,READY_DISH,Блюда | Супы,11,11,KAIDA-P0819,Солянка,MAPPED_RULE,0.97
Тирамису,тирамису,тирамису,FOOD,READY_DISH,Витрина | Десерты | ПИРОЖНЫЕ | ТОРТЫ масовочные,11,10,KAIDA-P0862,Тирамису,MAPPED_RULE,0.95
Борщ,борщ,борщ,FOOD,READY_DISH,Блюда | Супы,10,10,KAIDA-P0818,Борщ,MAPPED_RULE,0.97
Вупи пай,вупи пай,вупи пай,FOOD,READY_DISH,Десерты | ТОРТЫ масовочные | Торты | Целые торты,10,10,KAIDA-P0863,Вупи пай,MAPPED_RULE,0.95
Латте,латте,латте,FOOD,READY_DISH,Coffee Time | KOФЕ | Горячие напитки | Кофе | Остальное,10,10,KAIDA-P0835,Латте,MAPPED_RULE,0.97
Пахлава,пахлава,пахлава,FOOD,READY_DISH,Десерты | Пирожное | Тәттілер,10,10,KAIDA-P0864,Пахлава,MAPPED_RULE,0.95
Сосиска в тесте,сосиска в тесте,сосиска в тесте,FOOD,READY_DISH,Выпечка | Кулинария | Кулинарные изделия,10,10,KAIDA-P0829,Сосиска в тесте,MAPPED_RULE,0.98
Сырники классические,сырники классические,сырники классические,FOOD,PRODUCT,Замороженная продукция | Полуфабрикаты | Сладкие завтраки,10,6,KAIDA-P0825,Сырники,MAPPED_RULE,0.94
Торт Сникерс,торт сникерс,торт сникерс,FOOD,READY_DISH,"Десерты | Кондитерские изделия, торты | Торты",10,10,KAIDA-P0811,Торт Сникерс,MAPPED_RULE,0.96
Цезарь,цезарь,цезарь,FOOD,READY_DISH,Итальянская кухня | Салаты | Соусы,10,10,KAIDA-P0865,Салат Цезарь,MAPPED_RULE,0.95
Чизкейк по-казахски,чизкейк по казахски,чизкейк по казахски,FOOD,READY_DISH,Десерты | Целые торты,10,5,KAIDA-P0813,Чизкейк,MAPPED_RULE,0.92
Айс латте,айс латте,айс латте,FOOD,READY_DISH,Ice coffee | Кофе | Холодный кофе:,9,9,KAIDA-P0835,Латте,MAPPED_RULE,0.97
Вупипай,вупипай,вупипай,FOOD,READY_DISH,ПАНКЕЙКТЕР | Пирожное | Тәттілер,9,9,KAIDA-P0863,Вупи пай,MAPPED_RULE,0.95
Деревенский завтрак,деревенский завтрак,деревенский завтрак,FOOD,READY_DISH,Завтраки | Сытные завтраки,9,9,KAIDA-P0868,Деревенский завтрак,MAPPED_RULE,0.95
Капучино,капучино,капучино,FOOD,READY_DISH,Coffee Time | KOФЕ | Горячие напитки | Кофе,9,9,KAIDA-P0836,Капучино,MAPPED_RULE,0.97
Суп с фрикадельками,суп с фрикадельками,суп с фрикадельками,FOOD,READY_DISH,Супы,9,9,KAIDA-P0821,Суп с фрикадельками,MAPPED_RULE,0.97
Чизкейк,чизкейк,чизкейк,FOOD,READY_DISH,Десерты | Целые торты,9,9,KAIDA-P0813,Чизкейк,MAPPED_RULE,0.92
«Наполеон» торты | Торт «Наполеон»,наполеон торты торт наполеон,наполеон торты торт наполеон,FOOD,READY_DISH,Торт,8,8,KAIDA-P0808,Торт Наполеон,MAPPED_RULE,0.96
«Сникерс» торты | Торт «Сникерс»,сникерс торты торт сникерс,сникерс торты торт сникерс,FOOD,READY_DISH,Торт,8,8,KAIDA-P0811,Торт Сникерс,MAPPED_RULE,0.96
«Сәбіз» торты | Торт «Морковный»,сәбіз торты торт морковный,сәбіз торты торт морковный,FOOD,READY_DISH,Торт,8,8,KAIDA-P0807,Морковный торт,MAPPED_RULE,0.96
"Американо 0,3",американо 0 3,американо 0 3,FOOD,READY_DISH,Горячие кофейные напитки | Кофе | Кофейные напитки | Остальное,8,8,KAIDA-P0834,Американо,MAPPED_RULE,0.97
Американо 250 мл,американо 250 мл,американо,FOOD,READY_DISH,Кофе,8,8,KAIDA-P0834,Американо,MAPPED_RULE,0.97
Американо 350 мл,американо 350 мл,американо,FOOD,READY_DISH,Кофе,8,8,KAIDA-P0834,Американо,MAPPED_RULE,0.97
Аппақ қыз торты | Торт Молочная девочка,аппақ қыз торты торт молочная девочка,аппақ қыз торты торт молочная девочка,FOOD,READY_DISH,Торт,8,8,KAIDA-P0810,Торт Молочная девочка,MAPPED_RULE,0.96
Бенто торт ванильді-құлпынайлы | ванильно-клубничный,бенто торт ванильді құлпынайлы ванильно клубничный,бенто торт ванильді құлпынайлы ванильно клубничный,FOOD,READY_DISH,Бенто торт,8,8,KAIDA-P0851,Торт Клубничный,MAPPED_RULE,0.96
"Капучино 0,3",капучино 0 3,капучино 0 3,FOOD,READY_DISH,Горячие кофейные напитки | Кофе | Кофейные напитки | Остальное,8,8,KAIDA-P0836,Капучино,MAPPED_RULE,0.97
Капучино 250 мл,капучино 250 мл,капучино,FOOD,READY_DISH,Кофе,8,8,KAIDA-P0836,Капучино,MAPPED_RULE,0.97
Капучино 350 мл,капучино 350 мл,капучино,FOOD,READY_DISH,Кофе,8,8,KAIDA-P0836,Капучино,MAPPED_RULE,0.97
Капучино 450 мл,капучино 450 мл,капучино,FOOD,READY_DISH,Кофе,8,8,KAIDA-P0836,Капучино,MAPPED_RULE,0.97
Картоп қосылған бөрек | Борек с картофелем,картоп қосылған бөрек борек с картофелем,картоп қосылған бөрек борек с картофелем,FOOD,READY_DISH,Выпечка | Нан өнімдері,8,8,KAIDA-P0815,Борек,MAPPED_RULE,0.94
Латте 250 мл,латте 250 мл,латте,FOOD,READY_DISH,Кофе,8,8,KAIDA-P0835,Латте,MAPPED_RULE,0.97
Латте 350 мл,латте 350 мл,латте,FOOD,READY_DISH,Кофе,8,8,KAIDA-P0835,Латте,MAPPED_RULE,0.97
Латте 450 мл,латте 450 мл,латте,FOOD,READY_DISH,Кофе,8,8,KAIDA-P0835,Латте,MAPPED_RULE,0.97
Латте макаронсы | Макаронс Латте,латте макаронсы макаронс латте,латте макаронсы макаронс латте,FOOD,READY_DISH,Пирожное | Тәттілер,8,8,KAIDA-P0835,Латте,MAPPED_RULE,0.97
Морковный торт,морковный торт,морковный торт,FOOD,READY_DISH,Витрина | Десерты | Торты,8,8,KAIDA-P0807,Морковный торт,MAPPED_RULE,0.96
Сиыр еті қосылған бөрек | Борек с говядиной,сиыр еті қосылған бөрек борек с говядиной,сиыр еті қосылған бөрек борек с говядиной,FOOD,READY_DISH,Выпечка | Нан өнімдері,8,8,KAIDA-P0815,Борек,MAPPED_RULE,0.94
Тауық еті қосылған бөрек | Борек с курицей,тауық еті қосылған бөрек борек с курицей,тауық еті қосылған бөрек борек с курицей,FOOD,READY_DISH,Выпечка | Нан өнімдері,8,8,KAIDA-P0815,Борек,MAPPED_RULE,0.94
Торт бенто құлпынай | клубничный,торт бенто құлпынай клубничный,торт бенто құлпынай клубничный,FOOD,READY_DISH,Бенто торт,8,8,KAIDA-P0851,Торт Клубничный,MAPPED_RULE,0.96
Ферреро макаронсы | Макаронс Ферреро,ферреро макаронсы макаронс ферреро,ферреро макаронсы макаронс ферреро,FOOD,READY_DISH,Пирожное | Тәттілер,8,8,KAIDA-P0812,Макаронс,MAPPED_RULE,0.92
Шұжықты нан | Сосиска в тесте,шұжықты нан сосиска в тесте,шұжықты нан сосиска в тесте,FOOD,READY_DISH,Выпечка | Нан өнімдері,8,8,KAIDA-P0829,Сосиска в тесте,MAPPED_RULE,0.98
Эспрессо тоник,эспрессо тоник,эспрессо тоник,FOOD,READY_DISH,Ice coffee | Ice Кофе | Кофе,8,7,KAIDA-P0833,Эспрессо,MAPPED_RULE,0.97
Ice капучино,ice капучино,ice капучино,FOOD,READY_DISH,Coffee Time | ICE КОФЕ | Ice Кофе,7,7,KAIDA-P0836,Капучино,MAPPED_RULE,0.97
Ice Латте,ice латте,ice латте,FOOD,READY_DISH,Coffee Time | ICE КОФЕ | Ice Кофе,7,7,KAIDA-P0835,Латте,MAPPED_RULE,0.97
Айс американо 450 мл,айс американо 450 мл,айс американо,FOOD,READY_DISH,Кофе,7,7,KAIDA-P0834,Американо,MAPPED_RULE,0.97
"Американо 0,4",американо 0 4,американо 0 4,FOOD,READY_DISH,Горячие кофейные напитки | Кофе | Кофейные напитки,7,7,KAIDA-P0834,Американо,MAPPED_RULE,0.97
"Капучино 0,4",капучино 0 4,капучино 0 4,FOOD,READY_DISH,Горячие кофейные напитки | Кофе | Кофейные напитки,7,7,KAIDA-P0836,Капучино,MAPPED_RULE,0.97
Картофельное пюре,картофельное пюре,картофельное пюре,FOOD,READY_DISH,Гарниры | Картофель фри,7,7,KAIDA-P0827,Картофельное пюре,MAPPED_USER,1.0
КОЛБАСА ВАРЁНАЯ,колбаса вареная,колбаса вареная,FOOD,PRODUCT,колбасные изделия,7,7,KAIDA-P0789,Колбаса,MAPPED_RULE,0.82
"Латте 0,3",латте 0 3,латте 0 3,FOOD,READY_DISH,Горячие кофейные напитки | Кофе | Кофейные напитки,7,7,KAIDA-P0835,Латте,MAPPED_RULE,0.97
"Латте 0,4",латте 0 4,латте 0 4,FOOD,READY_DISH,Горячие кофейные напитки | Кофе | Кофейные напитки,7,7,KAIDA-P0835,Латте,MAPPED_RULE,0.97
Торт Молочная девочка,торт молочная девочка,торт молочная девочка,FOOD,READY_DISH,"Кондитерские изделия, торты | Торты",7,7,KAIDA-P0810,Торт Молочная девочка,MAPPED_RULE,0.96
Өсімдік сүтті Капучино / Капучино на растительном молоке 350 мл,өсімдік сүтті капучино капучино на растительном молоке 350 мл,өсімдік сүтті капучино капучино на растительном молоке,FOOD,READY_DISH,Кофе,7,7,KAIDA-P0836,Капучино,MAPPED_RULE,0.97
Өсімдік сүтті капучино / Капучино на растительном молоке 450 мл,өсімдік сүтті капучино капучино на растительном молоке 450 мл,өсімдік сүтті капучино капучино на растительном молоке,FOOD,READY_DISH,Кофе,7,7,KAIDA-P0836,Капучино,MAPPED_RULE,0.97
Өсімдік сүтті латте / Латте на растительном молоке 450 мл,өсімдік сүтті латте латте на растительном молоке 450 мл,өсімдік сүтті латте латте на растительном молоке,FOOD,READY_DISH,Кофе,7,7,KAIDA-P0835,Латте,MAPPED_RULE,0.97
"Американо 0,2",американо 0 2,американо 0 2,FOOD,READY_DISH,Горячие кофейные напитки | Кофе,6,6,KAIDA-P0834,Американо,MAPPED_RULE,0.97
Борек с курицей,борек с курицей,борек с курицей,FOOD,READY_DISH,Витрина | Выпечка,6,6,KAIDA-P0815,Борек,MAPPED_RULE,0.94
Испанский чизкейк,испанский чизкейк,испанский чизкейк,FOOD,READY_DISH,Десерты | Торты | Торты по предзаказу,6,6,KAIDA-P0814,Испанский чизкейк,MAPPED_RULE,0.96
"Капучино 0,2",капучино 0 2,капучино 0 2,FOOD,READY_DISH,Горячие кофейные напитки | Кофе,6,6,KAIDA-P0836,Капучино,MAPPED_RULE,0.97
Паста с креветками,паста с креветками,паста с креветками,FOOD,PRODUCT,Паста | Паста фреш,6,6,KAIDA-P0217,Креветка,MAPPED_RULE,0.92
Пицца 4 Сезона,пицца 4 сезона,пицца 4 сезона,FOOD,READY_DISH,Пицца,6,6,KAIDA-P0822,Пицца,MAPPED_RULE,0.9
ICE клубничный капучино,ice клубничный капучино,ice клубничный капучино,FOOD,READY_DISH,Сладкий кофе,5,5,KAIDA-P0836,Капучино,MAPPED_RULE,0.97
Брускетта с семгой,брускетта с семгой,брускетта с семгой,FOOD,PRODUCT,Завтраки,5,5,KAIDA-P0173,Атлантический лосось,MAPPED_RULE,0.98
Десерт Молочная Девочка,десерт молочная девочка,десерт молочная девочка,FOOD,READY_DISH,Десерты,5,5,KAIDA-P0810,Торт Молочная девочка,MAPPED_RULE,0.96
Капучино 0.3 +синнабон,капучино 0 3 синнабон,капучино 0 3 синнабон,FOOD,READY_DISH,Кофе,5,5,KAIDA-P0836,Капучино,MAPPED_RULE,0.97
Латте печенье,латте печенье,латте печенье,FOOD,READY_DISH,Сладкий кофе,5,5,KAIDA-P0835,Латте,MAPPED_RULE,0.97
Пицца Сырная,пицца сырная,пицца сырная,FOOD,READY_DISH,Пицца,5,5,KAIDA-P0822,Пицца,MAPPED_RULE,0.9
Сырники с иримшиком,сырники с иримшиком,сырники с иримшиком,FOOD,PRODUCT,Полуфабрикаты,5,5,KAIDA-P0825,Сырники,MAPPED_RULE,0.94
Сырники с шоколадом,сырники с шоколадом,сырники с шоколадом,FOOD,PRODUCT,Замороженная продукция | Сырники,5,5,KAIDA-P0825,Сырники,MAPPED_RULE,0.94
Том ям с креветками,том ям с креветками,том ям с креветками,FOOD,PRODUCT,Паназия | Супы,5,5,KAIDA-P0217,Креветка,MAPPED_RULE,0.92
Чизкейк Испанский,чизкейк испанский,чизкейк испанский,FOOD,READY_DISH,Десерты,5,5,KAIDA-P0814,Испанский чизкейк,MAPPED_RULE,0.96
Борек с картошкой,борек с картошкой,борек с картошкой,FOOD,READY_DISH,Выпечка | Полуфабрикаты,4,4,KAIDA-P0815,Борек,MAPPED_RULE,0.94
Борщ с говядиной и бородинским хлебом,борщ с говядиной и бородинским хлебом,борщ с говядиной и бородинским хлебом,FOOD,READY_DISH,Супы,4,4,KAIDA-P0818,Борщ,MAPPED_RULE,0.97
Боул с креветками,боул с креветками,боул с креветками,FOOD,PRODUCT,Боулы,4,4,KAIDA-P0217,Креветка,MAPPED_RULE,0.92
Медовик домашний,медовик домашний,медовик домашний,FOOD,READY_DISH,"Кондитерские изделия, торты",4,4,KAIDA-P0809,Медовик,MAPPED_RULE,0.96
Окрошка (по сезону),окрошка по сезону,окрошка по сезону,FOOD,READY_DISH,Супы,4,4,KAIDA-P0820,Окрошка,MAPPED_RULE,0.97
Пирог От тети Сони с лимоном,пирог от тети сони с лимоном,пирог от тети сони с лимоном,FOOD,READY_DISH,"Кондитерские изделия, торты",4,4,KAIDA-P0852,Лимонный пирог,MAPPED_RULE,0.96
Пицца Болоньезе,пицца болоньезе,пицца болоньезе,FOOD,READY_DISH,Пицца,4,4,KAIDA-P0822,Пицца,MAPPED_RULE,0.9
Пицца Куриная,пицца куриная,пицца куриная,FOOD,READY_DISH,Пицца,4,4,KAIDA-P0822,Пицца,MAPPED_RULE,0.9
Пицца с курицей и грибами,пицца с курицей и грибами,пицца с курицей и грибами,FOOD,READY_DISH,Пицца,4,4,KAIDA-P0822,Пицца,MAPPED_RULE,0.9
Салат с креветками,салат с креветками,салат с креветками,FOOD,PRODUCT,Закуски/Салаты | Салаты,4,4,KAIDA-P0217,Креветка,MAPPED_RULE,0.92
Стейк семги с овощами,стейк семги с овощами,стейк семги с овощами,FOOD,PRODUCT,Вторые блюда,4,4,KAIDA-P0242,Стейк лосося,MAPPED_RULE,0.94
Суп с фрикадельками говяжьими,суп с фрикадельками говяжьими,суп с фрикадельками говяжьими,FOOD,READY_DISH,Супы,4,4,KAIDA-P0821,Суп с фрикадельками,MAPPED_RULE,0.97
Суп с фрикадельками куриными,суп с фрикадельками куриными,суп с фрикадельками куриными,FOOD,READY_DISH,Супы,4,4,KAIDA-P0821,Суп с фрикадельками,MAPPED_RULE,0.97
Сырники с бананом,сырники с бананом,сырники с бананом,FOOD,PRODUCT,Сырники,4,4,KAIDA-P0825,Сырники,MAPPED_RULE,0.94
Сырники с вишней,сырники с вишней,сырники с вишней,FOOD,PRODUCT,Сырники,4,4,KAIDA-P0825,Сырники,MAPPED_RULE,0.94
Сырники с изюмом,сырники с изюмом,сырники с изюмом,FOOD,PRODUCT,Сырники,4,4,KAIDA-P0825,Сырники,MAPPED_RULE,0.94
Сырники с курагой,сырники с курагой,сырники с курагой,FOOD,PRODUCT,Сырники,4,4,KAIDA-P0825,Сырники,MAPPED_RULE,0.94
Сырники со шпинатом,сырники со шпинатом,сырники со шпинатом,FOOD,PRODUCT,Сырники,4,4,KAIDA-P0825,Сырники,MAPPED_RULE,0.94
"Торт ""Сметанный медовик"" вес",торт сметанный медовик вес,торт сметанный медовик вес,FOOD,READY_DISH,"Кондитерские изделия, торты",4,4,KAIDA-P0809,Медовик,MAPPED_RULE,0.96
Торт Шоколадная-молочная девочка,торт шоколадная молочная девочка,торт шоколадная молочная девочка,FOOD,READY_DISH,"Кондитерские изделия, торты",4,4,KAIDA-P0810,Торт Молочная девочка,MAPPED_RULE,0.96
чизкейк фисташковый,чизкейк фисташковый,чизкейк фисташковый,FOOD,READY_DISH,Витрина | Десерты,4,4,KAIDA-P0813,Чизкейк,MAPPED_RULE,0.92
Яишница-лазунья с сосисками и соусом релиш,яишница лазунья с сосисками и соусом релиш,яишница лазунья с сосисками и соусом релиш,FOOD,PRODUCT,Завтраки,4,4,KAIDA-P0790,Сосиски,MAPPED_RULE,0.88
"Американо 0,3L",американо 0 3l,американо,FOOD,READY_DISH,Горячий кофе,3,3,KAIDA-P0834,Американо,MAPPED_RULE,0.97
"Американо 0,4L",американо 0 4l,американо,FOOD,READY_DISH,Горячий кофе,3,3,KAIDA-P0834,Американо,MAPPED_RULE,0.97
Борек с брынзой и сыром,борек с брынзой и сыром,борек с брынзой и сыром,FOOD,READY_DISH,Витрина,3,3,KAIDA-P0815,Борек,MAPPED_RULE,0.94
Борек с мясом,борек с мясом,борек с мясом,FOOD,READY_DISH,Выпечка,3,3,KAIDA-P0815,Борек,MAPPED_RULE,0.94
Борек с яблоком,борек с яблоком,борек с яблоком,FOOD,READY_DISH,Выпечка,3,3,KAIDA-P0815,Борек,MAPPED_RULE,0.94
Брускетта с креветками и печёным перцем,брускетта с креветками и печеным перцем,брускетта с креветками и печеным перцем,FOOD,PRODUCT,Закуски/Салаты,3,3,KAIDA-P0217,Креветка,MAPPED_RULE,0.92
"Горячий шоколад 0,3L",горячий шоколад 0 3l,горячий шоколад,FOOD,READY_DISH,Горячий кофе,3,3,KAIDA-P0845,Горячий шоколад (напиток),MAPPED_RULE,0.97
Драник с ветчиной из индейки,драник с ветчиной из индейки,драник с ветчиной из индейки,FOOD,PRODUCT,ЗАВТРАКИ,3,3,KAIDA-P0788,Ветчина,MAPPED_RULE,0.92
Драники из кабачка и с креветками,драники из кабачка и с креветками,драники из кабачка и с креветками,FOOD,PRODUCT,Сытные завтраки,3,3,KAIDA-P0217,Креветка,MAPPED_RULE,0.92
Дубайский чизкейк,дубайский чизкейк,дубайский чизкейк,FOOD,READY_DISH,Десерты | Торт,3,3,KAIDA-P0813,Чизкейк,MAPPED_RULE,0.92
"Капучино 0,3L",капучино 0 3l,капучино,FOOD,READY_DISH,Горячий кофе,3,3,KAIDA-P0836,Капучино,MAPPED_RULE,0.97
"Капучино 0,4L",капучино 0 4l,капучино,FOOD,READY_DISH,Горячий кофе,3,3,KAIDA-P0836,Капучино,MAPPED_RULE,0.97
"Капучино карамелло 0,4L",капучино карамелло 0 4l,капучино карамелло,FOOD,READY_DISH,Горячий кофе,3,3,KAIDA-P0836,Капучино,MAPPED_RULE,0.97
"Капучино с сиропом 0,3L",капучино с сиропом 0 3l,капучино с сиропом,FOOD,READY_DISH,Горячий кофе,3,3,KAIDA-P0836,Капучино,MAPPED_RULE,0.97
"Капучино с сиропом 0,4L",капучино с сиропом 0 4l,капучино с сиропом,FOOD,READY_DISH,Горячий кофе,3,3,KAIDA-P0836,Капучино,MAPPED_RULE,0.97
Кармашки с сыром и с колбасой,кармашки с сыром и с колбасой,кармашки с сыром и с колбасой,FOOD,PRODUCT,Выпечка,3,3,KAIDA-P0789,Колбаса,MAPPED_RULE,0.82
"Классический Испанский Латте с клубничным соусом (горячий) 0,3L",классический испанский латте с клубничным соусом горячий 0 3l,классический испанский латте с клубничным соусом горячий,FOOD,READY_DISH,Горячий кофе,3,3,KAIDA-P0835,Латте,MAPPED_RULE,0.97
"Классический Испанский Латте с клубничным соусом (холодный) 0,3L",классический испанский латте с клубничным соусом холодный 0 3l,классический испанский латте с клубничным соусом холодный,FOOD,READY_DISH,Холодный кофе,3,3,KAIDA-P0835,Латте,MAPPED_RULE,0.97
"Классический Испанский Латте с Фисташковым соусом (горячий) 0,3L",классический испанский латте с фисташковым соусом горячий 0 3l,классический испанский латте с фисташковым соусом горячий,FOOD,READY_DISH,Горячий кофе,3,3,KAIDA-P0835,Латте,MAPPED_RULE,0.97
"Классический Испанский Латте с Фисташковым соусом (холодный) 0,3L",классический испанский латте с фисташковым соусом холодный 0 3l,классический испанский латте с фисташковым соусом холодный,FOOD,READY_DISH,Холодный кофе,3,3,KAIDA-P0835,Латте,MAPPED_RULE,0.97
"Классический Испанский Латте с шоколадным соусом (горячий) 0,3L",классический испанский латте с шоколадным соусом горячий 0 3l,классический испанский латте с шоколадным соусом горячий,FOOD,READY_DISH,Горячий кофе,3,3,KAIDA-P0835,Латте,MAPPED_RULE,0.97
"Классический Испанский Латте с шоколадным соусом (холодный) 0,3L",классический испанский латте с шоколадным соусом холодный 0 3l,классический испанский латте с шоколадным соусом холодный,FOOD,READY_DISH,Холодный кофе,3,3,KAIDA-P0835,Латте,MAPPED_RULE,0.97
"Классический Испанский Латте со сливочным соусом (холодный) 0,3L",классический испанский латте со сливочным соусом холодный 0 3l,классический испанский латте со сливочным соусом холодный,FOOD,READY_DISH,Холодный кофе,3,3,KAIDA-P0835,Латте,MAPPED_RULE,0.97
Кокосовые сырники JULIUS,кокосовые сырники julius,кокосовые сырники julius,FOOD,PRODUCT,СЛАДКИЕ ЗАВТРАКИ,3,3,KAIDA-P0825,Сырники,MAPPED_RULE,0.94
Конские колбаски с картофельным пюре,конские колбаски с картофельным пюре,конские колбаски с картофельным пюре,FOOD,PRODUCT,Основное меню,3,3,KAIDA-P0789,Колбаса,MAPPED_RULE,0.82
"Латте 0,3L",латте 0 3l,латте,FOOD,READY_DISH,Горячий кофе,3,3,KAIDA-P0835,Латте,MAPPED_RULE,0.97
"Латте 0,4L",латте 0 4l,латте,FOOD,READY_DISH,Горячий кофе,3,3,KAIDA-P0835,Латте,MAPPED_RULE,0.97
Мини сырники,мини сырники,мини сырники,FOOD,PRODUCT,Сладкие завтраки,3,3,KAIDA-P0825,Сырники,MAPPED_RULE,0.94
Молочная девочка торт (кіші),молочная девочка торт кіші,молочная девочка торт кіші,FOOD,READY_DISH,Маленькие торты,3,3,KAIDA-P0810,Торт Молочная девочка,MAPPED_RULE,0.96
Омлет с грибным соусом и куриной колбаской,омлет с грибным соусом и куриной колбаской,омлет с грибным соусом и куриной колбаской,FOOD,PRODUCT,Сытные завтраки,3,3,KAIDA-P0789,Колбаса,MAPPED_RULE,0.82
Пицца детская,пицца детская,пицца детская,FOOD,READY_DISH,Детское меню,3,3,KAIDA-P0822,Пицца,MAPPED_RULE,0.9
Пицца с грибами и сливками,пицца с грибами и сливками,пицца с грибами и сливками,FOOD,READY_DISH,Итальянская кухня,3,3,KAIDA-P0822,Пицца,MAPPED_RULE,0.9
Ризотто с шпинатном соусе с креветками и страчателлой,ризотто с шпинатном соусе с креветками и страчателлой,ризотто с шпинатном соусе с креветками и страчателлой,FOOD,PRODUCT,Паста,3,3,KAIDA-P0217,Креветка,MAPPED_RULE,0.92
Сладкий борек с творогом,сладкий борек с творогом,сладкий борек с творогом,FOOD,READY_DISH,Витрина,3,3,KAIDA-P0815,Борек,MAPPED_RULE,0.94
Сладкий борек с яблоком,сладкий борек с яблоком,сладкий борек с яблоком,FOOD,READY_DISH,Витрина,3,3,KAIDA-P0815,Борек,MAPPED_RULE,0.94
Сникерс торт (кіші),сникерс торт кіші,сникерс торт кіші,FOOD,READY_DISH,Маленькие торты,3,3,KAIDA-P0811,Торт Сникерс,MAPPED_RULE,0.96
Сырники детские,сырники детские,сырники детские,FOOD,PRODUCT,Детское меню,3,3,KAIDA-P0825,Сырники,MAPPED_RULE,0.94
Сырники из топленого творога,сырники из топленого творога,сырники из топленого творога,FOOD,PRODUCT,Сладкие завтраки,3,3,KAIDA-P0825,Сырники,MAPPED_RULE,0.94
"Ташкентский 1,6L",ташкентский 1 6l,ташкентский,FOOD,READY_DISH,Чай,3,3,KAIDA-P0841,Чай ташкентский,MAPPED_RULE,0.95
Цезарь с креветками,цезарь с креветками,цезарь с креветками,FOOD,PRODUCT,Салаты,3,3,KAIDA-P0217,Креветка,MAPPED_RULE,0.92
Чизкейк “New York”,чизкейк new york,чизкейк new york,FOOD,READY_DISH,Торты,3,3,KAIDA-P0813,Чизкейк,MAPPED_RULE,0.92
Эспрессо (гостевой),эспрессо гостевой,эспрессо гостевой,FOOD,READY_DISH,Кофе,3,3,KAIDA-P0833,Эспрессо,MAPPED_RULE,0.97
Эспрессо boom,эспрессо boom,эспрессо boom,FOOD,READY_DISH,Горячий кофе,3,3,KAIDA-P0833,Эспрессо,MAPPED_RULE,0.97
Эспрессо single,эспрессо single,эспрессо single,FOOD,READY_DISH,Горячий кофе,3,3,KAIDA-P0833,Эспрессо,MAPPED_RULE,0.97
"Эспрессо тоник 0,4L",эспрессо тоник 0 4l,эспрессо тоник,FOOD,READY_DISH,Холодный кофе,3,3,KAIDA-P0833,Эспрессо,MAPPED_RULE,0.97
ICE Голубая латте матча 450мл,ice голубая латте матча 450мл,ice голубая латте матча,FOOD,READY_DISH,Матча чай,2,2,KAIDA-P0835,Латте,MAPPED_RULE,0.97
ICE Зеленая латте матча 450мл,ice зеленая латте матча 450мл,ice зеленая латте матча,FOOD,READY_DISH,Матча чай,2,2,KAIDA-P0835,Латте,MAPPED_RULE,0.97
ICE Розовая латте матча 450мл,ice розовая латте матча 450мл,ice розовая латте матча,FOOD,READY_DISH,Матча чай,2,2,KAIDA-P0835,Латте,MAPPED_RULE,0.97
Josper Солянка,josper солянка,josper солянка,FOOD,READY_DISH,Супы,2,2,KAIDA-P0819,Солянка,MAPPED_RULE,0.97
"Айс Американо 0,4",айс американо 0 4,айс американо 0 4,FOOD,READY_DISH,Айс кофе | Кофейные напитки,2,2,KAIDA-P0834,Американо,MAPPED_RULE,0.97
"Айс Латте 0,4",айс латте 0 4,айс латте 0 4,FOOD,READY_DISH,Айс кофе | Кофейные напитки,2,2,KAIDA-P0835,Латте,MAPPED_RULE,0.97
Американо (350мл),американо 350мл,американо,FOOD,READY_DISH,Кофе | Кофе:,2,2,KAIDA-P0834,Американо,MAPPED_RULE,0.97
Американо 250мл,американо 250мл,американо,FOOD,READY_DISH,Кофейная карта,2,2,KAIDA-P0834,Американо,MAPPED_RULE,0.97
Американо 360мл,американо 360мл,американо,FOOD,READY_DISH,Кофейная карта,2,2,KAIDA-P0834,Американо,MAPPED_RULE,0.97
Американо 480мл,американо 480мл,американо,FOOD,READY_DISH,Кофейная карта,2,2,KAIDA-P0834,Американо,MAPPED_RULE,0.97
Борщ с говядиной,борщ с говядиной,борщ с говядиной,FOOD,READY_DISH,Супы,2,2,KAIDA-P0818,Борщ,MAPPED_RULE,0.97
Голубая латте матча 360мл,голубая латте матча 360мл,голубая латте матча,FOOD,READY_DISH,Матча чай,2,2,KAIDA-P0835,Латте,MAPPED_RULE,0.97
Горячий шоколад 360мл,горячий шоколад 360мл,горячий шоколад,FOOD,READY_DISH,Детские напитки,2,2,KAIDA-P0845,Горячий шоколад (напиток),MAPPED_RULE,0.97
Домашняя колбаска /1 шт,домашняя колбаска 1 шт,домашняя колбаска,FOOD,PRODUCT,КУХНЯ,2,2,KAIDA-P0789,Колбаса,MAPPED_RULE,0.82
Зеленая латте матча 360мл,зеленая латте матча 360мл,зеленая латте матча,FOOD,READY_DISH,Матча чай,2,2,KAIDA-P0835,Латте,MAPPED_RULE,0.97
Капучино (300 мл),капучино 300 мл,капучино,FOOD,READY_DISH,Кофе | Кофе и кофейные напитки,2,2,KAIDA-P0836,Капучино,MAPPED_RULE,0.97
Капучино (350мл),капучино 350мл,капучино,FOOD,READY_DISH,Кофе | Кофе:,2,2,KAIDA-P0836,Капучино,MAPPED_RULE,0.97
Капучино 250мл,капучино 250мл,капучино,FOOD,READY_DISH,Кофейная карта,2,2,KAIDA-P0836,Капучино,MAPPED_RULE,0.97
Капучино 360мл,капучино 360мл,капучино,FOOD,READY_DISH,Кофейная карта,2,2,KAIDA-P0836,Капучино,MAPPED_RULE,0.97
Капучино 480мл,капучино 480мл,капучино,FOOD,READY_DISH,Кофейная карта,2,2,KAIDA-P0836,Капучино,MAPPED_RULE,0.97
Латте (300 мл),латте 300 мл,латте,FOOD,READY_DISH,Кофе | Кофе и кофейные напитки,2,2,KAIDA-P0835,Латте,MAPPED_RULE,0.97
Латте (350мл),латте 350мл,латте,FOOD,READY_DISH,Кофе | Кофе:,2,2,KAIDA-P0835,Латте,MAPPED_RULE,0.97
Латте 250мл,латте 250мл,латте,FOOD,READY_DISH,Кофейная карта,2,2,KAIDA-P0835,Латте,MAPPED_RULE,0.97
Латте 360мл,латте 360мл,латте,FOOD,READY_DISH,Кофейная карта,2,2,KAIDA-P0835,Латте,MAPPED_RULE,0.97
Латте 480мл,латте 480мл,латте,FOOD,READY_DISH,Кофейная карта,2,2,KAIDA-P0835,Латте,MAPPED_RULE,0.97
Латте spanish peach 360мл,латте spanish peach 360мл,латте spanish peach,FOOD,READY_DISH,Фирменные напитки,2,2,KAIDA-P0835,Латте,MAPPED_RULE,0.97
пицца,пицца,пицца,FOOD,READY_DISH,Выпечка | Пицца и бургеры,2,2,KAIDA-P0822,Пицца,MAPPED_RULE,0.9
Пицца 4 сыра,пицца 4 сыра,пицца 4 сыра,FOOD,READY_DISH,Пицца,2,2,KAIDA-P0822,Пицца,MAPPED_RULE,0.9
Пицца с лососем,пицца с лососем,пицца с лососем,FOOD,READY_DISH,Пицца,2,2,KAIDA-P0822,Пицца,MAPPED_RULE,0.9
Половина торта «Молочная девочка»,половина торта молочная девочка,половина торта молочная девочка,FOOD,READY_DISH,Половинки тортов,2,2,KAIDA-P0810,Торт Молочная девочка,MAPPED_RULE,0.96
Половина торта «Наполеон»,половина торта наполеон,половина торта наполеон,FOOD,READY_DISH,Половинки тортов,2,2,KAIDA-P0808,Торт Наполеон,MAPPED_RULE,0.96
Половина торта «Сникерс»,половина торта сникерс,половина торта сникерс,FOOD,READY_DISH,Половинки тортов,2,2,KAIDA-P0811,Торт Сникерс,MAPPED_RULE,0.96
Половина чизкейка «Казахский»,половина чизкейка казахский,половина чизкейка казахский,FOOD,READY_DISH,Половинки тортов,2,2,KAIDA-P0813,Чизкейк,MAPPED_RULE,0.92
Розовая латте матча 360мл,розовая латте матча 360мл,розовая латте матча,FOOD,READY_DISH,Матча чай,2,2,KAIDA-P0835,Латте,MAPPED_RULE,0.97
с семгой,с семгой,с семгой,FOOD,PRODUCT,Клаб сэндвичи | Панини,2,1,KAIDA-P0173,Атлантический лосось,MAPPED_RULE,0.98
Скрембл с семгой,скрембл с семгой,скрембл с семгой,FOOD,PRODUCT,Завтраки | Сытные завтраки,2,2,KAIDA-P0173,Атлантический лосось,MAPPED_RULE,0.98
Теша Семги,теша семги,теша семги,FOOD,PRODUCT,Рыба | Солено-копченая рыба,2,2,KAIDA-P0173,Атлантический лосось,MAPPED_RULE,0.98
Торт «Наполеон»,торт наполеон,торт наполеон,FOOD,READY_DISH,Большие торты,2,2,KAIDA-P0808,Торт Наполеон,MAPPED_RULE,0.96
Чизкейк «Казахский»,чизкейк казахский,чизкейк казахский,FOOD,READY_DISH,Большие торты,2,2,KAIDA-P0813,Чизкейк,MAPPED_RULE,0.92
чизкейк Нью-Йорк,чизкейк нью йорк,чизкейк нью йорк,FOOD,READY_DISH,Десерты,2,2,KAIDA-P0813,Чизкейк,MAPPED_RULE,0.92
Чизкейк Сан-себастьян,чизкейк сан себастьян,чизкейк сан себастьян,FOOD,READY_DISH,Десерты,2,2,KAIDA-P0813,Чизкейк,MAPPED_RULE,0.92
Эспрессо (30 мл),эспрессо 30 мл,эспрессо,FOOD,READY_DISH,Кофе | Кофе и кофейные напитки,2,2,KAIDA-P0833,Эспрессо,MAPPED_RULE,0.97
Эспрессо 30мл,эспрессо 30мл,эспрессо,FOOD,READY_DISH,Кофейная карта,2,2,KAIDA-P0833,Эспрессо,MAPPED_RULE,0.97
Эспрессо 60мл,эспрессо 60мл,эспрессо,FOOD,READY_DISH,Кофейная карта,2,2,KAIDA-P0833,Эспрессо,MAPPED_RULE,0.97
DAS Колбаса докторская 500 г,das колбаса докторская 500 г,das колбаса докторская,FOOD,PRODUCT,Переработанное мясо,1,1,KAIDA-P0792,Докторская колбаса,MAPPED_RULE,0.96
DAS Сосиски мусульманские 550 г,das сосиски мусульманские 550 г,das сосиски мусульманские,FOOD,PRODUCT,Переработанное мясо,1,1,KAIDA-P0790,Сосиски,MAPPED_RULE,0.88
ICE АМЕРИКАНО,ice американо,ice американо,FOOD,READY_DISH,ICE КОФЕ,1,1,KAIDA-P0834,Американо,MAPPED_RULE,0.97
JACOBS ICEPRESSO латте 250 мл,jacobs icepresso латте 250 мл,jacobs icepresso латте,FOOD,READY_DISH,Безалкогольные напитки,1,1,KAIDA-P0835,Латте,MAPPED_RULE,0.97
PRESIDENT Сыр Мастер бутерброда ветчина 40% 150 г,president сыр мастер бутерброда ветчина 40 150 г,president сыр мастер бутерброда ветчина,FOOD,PRODUCT,Молочная продукция,1,1,KAIDA-P0788,Ветчина,MAPPED_RULE,0.92
TITBIT Колбаса традиционная для собак 80 г,titbit колбаса традиционная для собак 80 г,titbit колбаса традиционная для собак,FOOD,PRODUCT,Корм и товары для животных,1,1,KAIDA-P0789,Колбаса,MAPPED_RULE,0.82
TITBIT Колбаски для собак пикантные 80 г,titbit колбаски для собак пикантные 80 г,titbit колбаски для собак пикантные,FOOD,PRODUCT,Корм и товары для животных,1,1,KAIDA-P0789,Колбаса,MAPPED_RULE,0.82
"Айс Американо 0,3",айс американо 0 3,айс американо 0 3,FOOD,READY_DISH,Кофейные напитки,1,1,KAIDA-P0834,Американо,MAPPED_RULE,0.97
Айс Американо 300 мл,айс американо 300 мл,айс американо,FOOD,READY_DISH,Кофе,1,1,KAIDA-P0834,Американо,MAPPED_RULE,0.97
Айс голубая матча латте,айс голубая матча латте,айс голубая матча латте,FOOD,READY_DISH,Холодные напитки,1,1,KAIDA-P0835,Латте,MAPPED_RULE,0.97
"Айс Капучино 0,3",айс капучино 0 3,айс капучино 0 3,FOOD,READY_DISH,Кофейные напитки,1,1,KAIDA-P0836,Капучино,MAPPED_RULE,0.97
"Айс Капучино 0,4",айс капучино 0 4,айс капучино 0 4,FOOD,READY_DISH,Кофейные напитки,1,1,KAIDA-P0836,Капучино,MAPPED_RULE,0.97
Айс капучино 300 мл,айс капучино 300 мл,айс капучино,FOOD,READY_DISH,Кофе,1,1,KAIDA-P0836,Капучино,MAPPED_RULE,0.97
"Айс Латте 0,3",айс латте 0 3,айс латте 0 3,FOOD,READY_DISH,Кофейные напитки,1,1,KAIDA-P0835,Латте,MAPPED_RULE,0.97
Айс Латте 300 мл,айс латте 300 мл,айс латте,FOOD,READY_DISH,Кофе,1,1,KAIDA-P0835,Латте,MAPPED_RULE,0.97
Айс Матча Латте Зелёная,айс матча латте зеленая,айс матча латте зеленая,FOOD,READY_DISH,Холодные напитки,1,1,KAIDA-P0835,Латте,MAPPED_RULE,0.97
Айс черничный латте,айс черничный латте,айс черничный латте,FOOD,READY_DISH,Холодный кофе:,1,1,KAIDA-P0835,Латте,MAPPED_RULE,0.97
Американо (200мл),американо 200мл,американо,FOOD,READY_DISH,Кофе:,1,1,KAIDA-P0834,Американо,MAPPED_RULE,0.97
Американо 450 мл,американо 450 мл,американо,FOOD,READY_DISH,Кофе,1,1,KAIDA-P0834,Американо,MAPPED_RULE,0.97
Американо б/кофеина,американо б кофеина,американо б кофеина,FOOD,READY_DISH,Кофе,1,1,KAIDA-P0834,Американо,MAPPED_RULE,0.97
Американо — 180 мл,американо 180 мл,американо,FOOD,READY_DISH,Кофе и кофейные напитки,1,1,KAIDA-P0834,Американо,MAPPED_RULE,0.97
Банановый тортик,банановый тортик,банановый тортик,FOOD,READY_DISH,Торты по предзаказу,1,1,KAIDA-P0850,Торт Банановый,MAPPED_RULE,0.96
Бейгл с семгой,бейгл с семгой,бейгл с семгой,FOOD,PRODUCT,Бранч Сэндвичи,1,1,KAIDA-P0173,Атлантический лосось,MAPPED_RULE,0.98
Блины с сёмгой,блины с семгой,блины с семгой,FOOD,PRODUCT,Бранчи,1,1,KAIDA-P0173,Атлантический лосось,MAPPED_RULE,0.98
Борек с брынзой и зеленью,борек с брынзой и зеленью,борек с брынзой и зеленью,FOOD,READY_DISH,Полуфабрикаты,1,1,KAIDA-P0815,Борек,MAPPED_RULE,0.94
Борек с говядиной,борек с говядиной,борек с говядиной,FOOD,READY_DISH,Полуфабрикаты,1,1,KAIDA-P0815,Борек,MAPPED_RULE,0.94
Борщ с говядиной и домашней сметаной,борщ с говядиной и домашней сметаной,борщ с говядиной и домашней сметаной,FOOD,READY_DISH,Супы,1,1,KAIDA-P0818,Борщ,MAPPED_RULE,0.97
Боул с семгой и рисом/кус-кус,боул с семгой и рисом кус кус,боул с семгой и рисом кус кус,FOOD,PRODUCT,Боулы,1,1,KAIDA-P0173,Атлантический лосось,MAPPED_RULE,0.98
БРЕСТ Колбаса брестская 1 кг,брест колбаса брестская 1 кг,брест колбаса брестская,FOOD,PRODUCT,Переработанное мясо,1,1,KAIDA-P0789,Колбаса,MAPPED_RULE,0.82
БРЕСТ Колбаса сервелат венгерская 1 кг,брест колбаса сервелат венгерская 1 кг,брест колбаса сервелат венгерская,FOOD,PRODUCT,Переработанное мясо,1,1,KAIDA-P0794,Сервелат,MAPPED_RULE,0.96
БРЕСТ Сосиски докторские 1 кг,брест сосиски докторские 1 кг,брест сосиски докторские,FOOD,PRODUCT,Переработанное мясо,1,1,KAIDA-P0790,Сосиски,MAPPED_RULE,0.88
Бриошь с семгой,бриошь с семгой,бриошь с семгой,FOOD,PRODUCT,Завтраки:,1,1,KAIDA-P0173,Атлантический лосось,MAPPED_RULE,0.98
брускетта с сосиской,брускетта с сосиской,брускетта с сосиской,FOOD,PRODUCT,Выпечка,1,1,KAIDA-P0790,Сосиски,MAPPED_RULE,0.88
Брюшки семги,брюшки семги,брюшки семги,FOOD,PRODUCT,Рыба свежемороженная,1,1,KAIDA-P0173,Атлантический лосось,MAPPED_RULE,0.98
бутерброд с колбасой,бутерброд с колбасой,бутерброд с колбасой,FOOD,PRODUCT,Выпечка,1,1,KAIDA-P0789,Колбаса,MAPPED_RULE,0.82
"Ветчина варено-копченая ""Мереке""",ветчина варено копченая мереке,ветчина варено копченая мереке,FOOD,PRODUCT,Колбасы,1,1,KAIDA-P0788,Ветчина,MAPPED_RULE,0.92
Галета овощная с сёмгой,галета овощная с семгой,галета овощная с семгой,FOOD,PRODUCT,Фитнес,1,1,KAIDA-P0173,Атлантический лосось,MAPPED_RULE,0.98
"Гедза с креветочным фаршем, овощами",гедза с креветочным фаршем овощами,гедза с креветочным фаршем овощами,FOOD,PRODUCT,Гедза,1,1,KAIDA-P0217,Креветка,MAPPED_RULE,0.92
глазунья с сосиской,глазунья с сосиской,глазунья с сосиской,FOOD,PRODUCT,Завтраки,1,1,KAIDA-P0790,Сосиски,MAPPED_RULE,0.88
"Головы семги свежемороженые крупные вес упаковка 1,2-1,5 кг",головы семги свежемороженые крупные вес упаковка 1 2 1 5 кг,головы семги свежемороженые крупные вес упаковка,FOOD,PRODUCT,Замороженная рыба,1,1,KAIDA-P0173,Атлантический лосось,MAPPED_RULE,0.98
Греческий салат с фетой,греческий салат с фетой,греческий салат с фетой,FOOD,READY_DISH,Салаты,1,1,KAIDA-P0831,Греческий салат,MAPPED_RULE,0.98
Дим сам с креветкой,дим сам с креветкой,дим сам с креветкой,FOOD,PRODUCT,Паста,1,1,KAIDA-P0217,Креветка,MAPPED_RULE,0.92
Домашние колбаски,домашние колбаски,домашние колбаски,FOOD,PRODUCT,Основные блюда,1,1,KAIDA-P0789,Колбаса,MAPPED_RULE,0.82
Домашние сырник,домашние сырник,домашние сырник,FOOD,PRODUCT,Завтраки,1,1,KAIDA-P0825,Сырники,MAPPED_RULE,0.94
ЕТ БАЙРАМ Колбаса мусульманская халал вареная 1 кг,ет байрам колбаса мусульманская халал вареная 1 кг,ет байрам колбаса мусульманская халал вареная,FOOD,PRODUCT,Переработанное мясо,1,1,KAIDA-P0789,Колбаса,MAPPED_RULE,0.82
"ЕТ БАЙРАМ Сардельки Дамди халал, кг",ет байрам сардельки дамди халал кг,ет байрам сардельки дамди халал кг,FOOD,PRODUCT,Переработанное мясо,1,1,KAIDA-P0791,Сардельки,MAPPED_RULE,0.9
Завтрак с домашними колбасками,завтрак с домашними колбасками,завтрак с домашними колбасками,FOOD,PRODUCT,Завтраки,1,1,KAIDA-P0789,Колбаса,MAPPED_RULE,0.82
Завтрак с сёмгой и страчателлой,завтрак с семгой и страчателлой,завтрак с семгой и страчателлой,FOOD,PRODUCT,Завтраки,1,1,KAIDA-P0173,Атлантический лосось,MAPPED_RULE,0.98
Завтрак скрембл с семгой,завтрак скрембл с семгой,завтрак скрембл с семгой,FOOD,PRODUCT,Сытные завтраки,1,1,KAIDA-P0173,Атлантический лосось,MAPPED_RULE,0.98
Капучино (200мл),капучино 200мл,капучино,FOOD,READY_DISH,Кофе:,1,1,KAIDA-P0836,Капучино,MAPPED_RULE,0.97
Капучино (400 мл),капучино 400 мл,капучино,FOOD,READY_DISH,Кофе,1,1,KAIDA-P0836,Капучино,MAPPED_RULE,0.97
Капучино альтернативное,капучино альтернативное,капучино альтернативное,FOOD,READY_DISH,Кофе,1,1,KAIDA-P0836,Капучино,MAPPED_RULE,0.97
Капучино б/кофеина,капучино б кофеина,капучино б кофеина,FOOD,READY_DISH,Кофе,1,1,KAIDA-P0836,Капучино,MAPPED_RULE,0.97
Капучино б/кофеина альтернативное,капучино б кофеина альтернативное,капучино б кофеина альтернативное,FOOD,READY_DISH,Кофе,1,1,KAIDA-P0836,Капучино,MAPPED_RULE,0.97
Капучино на альтернативном молоке — 300 мл,капучино на альтернативном молоке 300 мл,капучино на альтернативном молоке,FOOD,READY_DISH,Кофе и кофейные напитки,1,1,KAIDA-P0836,Капучино,MAPPED_RULE,0.97
КАРРИ RED С КРЕВЕТКАМИ,карри red с креветками,карри red с креветками,FOOD,PRODUCT,Карри,1,1,KAIDA-P0217,Креветка,MAPPED_RULE,0.92
КИРИЕШКИ Сухарики со вкусом ветчины 100 г,кириешки сухарики со вкусом ветчины 100 г,кириешки сухарики со вкусом ветчины,FOOD,PRODUCT,Сладости,1,1,KAIDA-P0788,Ветчина,MAPPED_RULE,0.92
Клубничная молочная девочка за кг,клубничная молочная девочка за кг,клубничная молочная девочка за кг,FOOD,READY_DISH,Торты и рулеты,1,1,KAIDA-P0810,Торт Молочная девочка,MAPPED_RULE,0.96
"Ко́нгрио (кинглип, креветочная рыба)",ко нгрио кинглип креветочная рыба,ко нгрио кинглип креветочная рыба,FOOD,PRODUCT,Свежемороженая продукция,1,1,KAIDA-P0217,Креветка,MAPPED_RULE,0.92
"Коврик силиконовый для печенья Вуппи пай и макаронс ""Wop01 Whoopies"" 300*400*1.5мм,d70мм,Silikoмart",коврик силиконовый для печенья вуппи пай и макаронс wop01 whoopies 300 400 1 5мм d70мм silikoмart,коврик силиконовый для печенья вуппи пай и макаронс wop01 whoopies 300 400 1 5мм d70мм silikoмart,FOOD,READY_DISH,товары Италия,1,1,KAIDA-P0812,Макаронс,MAPPED_RULE,0.92
"Колбаса в/к ""Пепперони"" для пиццы нарезка Златиборай Сербия",колбаса в к пепперони для пиццы нарезка златиборай сербия,колбаса в к пепперони для пиццы нарезка златиборай сербия,FOOD,PRODUCT,Мясные продукты,1,1,KAIDA-P0789,Колбаса,MAPPED_RULE,0.82
"Колбаски гриль мини хот-дог куриный 0,22кг",колбаски гриль мини хот дог куриный 0 22кг,колбаски гриль мини хот дог куриный,FOOD,PRODUCT,Колбаски-гриль,1,1,KAIDA-P0789,Колбаса,MAPPED_RULE,0.82
"Колбаски гриль хот-дог говяжьи 0,22кг",колбаски гриль хот дог говяжьи 0 22кг,колбаски гриль хот дог говяжьи,FOOD,PRODUCT,Колбаски-гриль,1,1,KAIDA-P0789,Колбаса,MAPPED_RULE,0.82
"Колбаски гриль хот-дог говяжьи 0,28кг",колбаски гриль хот дог говяжьи 0 28кг,колбаски гриль хот дог говяжьи,FOOD,PRODUCT,Колбаски-гриль,1,1,KAIDA-P0789,Колбаса,MAPPED_RULE,0.82
"Колбаски для гриля ""Дала""",колбаски для гриля дала,колбаски для гриля дала,FOOD,PRODUCT,Полуфабрикаты,1,1,KAIDA-P0789,Колбаса,MAPPED_RULE,0.82
Колбаски для жарки,колбаски для жарки,колбаски для жарки,FOOD,PRODUCT,Колбаски гриль,1,1,KAIDA-P0789,Колбаса,MAPPED_RULE,0.82
Комбо пицца ДАЛА,комбо пицца дала,комбо пицца дала,FOOD,READY_DISH,Пицца,1,1,KAIDA-P0822,Пицца,MAPPED_RULE,0.9
Конгрио-креветочная рыба,конгрио креветочная рыба,конгрио креветочная рыба,FOOD,PRODUCT,Рыба свежемороженная,1,1,KAIDA-P0217,Креветка,MAPPED_RULE,0.92
Кофе капучино (арабика 100%),кофе капучино арабика 100,кофе капучино арабика,FOOD,READY_DISH,Кофе,1,1,KAIDA-P0836,Капучино,MAPPED_RULE,0.97
КРЕВЕТОЧНЫЕ ЧИПСЫ ПРЕМИУМ,креветочные чипсы премиум,креветочные чипсы премиум,FOOD,PRODUCT,Закуски,1,1,KAIDA-P0217,Креветка,MAPPED_RULE,0.92
Круассаны классические,круассаны классические,круассаны классические,FOOD,READY_DISH,Замороженная продукция,1,1,KAIDA-P0693,Круассан,MAPPED_RULE,0.94
Куски Семги,куски семги,куски семги,FOOD,PRODUCT,Свежемороженная рыба,1,1,KAIDA-P0173,Атлантический лосось,MAPPED_RULE,0.98
Кусочки Семги (Норвегия),кусочки семги норвегия,кусочки семги норвегия,FOOD,PRODUCT,Рыба,1,1,KAIDA-P0173,Атлантический лосось,MAPPED_RULE,0.98
Латте (400 мл),латте 400 мл,латте,FOOD,READY_DISH,Кофе,1,1,KAIDA-P0835,Латте,MAPPED_RULE,0.97
Латте 3 специи 350мл,латте 3 специи 350мл,латте 3 специи,FOOD,READY_DISH,Авторские напитки,1,1,KAIDA-P0835,Латте,MAPPED_RULE,0.97
Латте альтернативное,латте альтернативное,латте альтернативное,FOOD,READY_DISH,Кофе,1,1,KAIDA-P0835,Латте,MAPPED_RULE,0.97
Латте б/кофеина,латте б кофеина,латте б кофеина,FOOD,READY_DISH,Кофе,1,1,KAIDA-P0835,Латте,MAPPED_RULE,0.97
Латте б/кофеина альтернативное,латте б кофеина альтернативное,латте б кофеина альтернативное,FOOD,READY_DISH,Кофе,1,1,KAIDA-P0835,Латте,MAPPED_RULE,0.97
Латте б/кофеина на безлактозном,латте б кофеина на безлактозном,латте б кофеина на безлактозном,FOOD,READY_DISH,Кофе,1,1,KAIDA-P0835,Латте,MAPPED_RULE,0.97
Латте на альтернативном молоке — 300 мл,латте на альтернативном молоке 300 мл,латте на альтернативном молоке,FOOD,READY_DISH,Кофе и кофейные напитки,1,1,KAIDA-P0835,Латте,MAPPED_RULE,0.97
Латте на безлактозном,латте на безлактозном,латте на безлактозном,FOOD,READY_DISH,Кофе,1,1,KAIDA-P0835,Латте,MAPPED_RULE,0.97
Латте по-казахски,латте по казахски,латте по казахски,FOOD,READY_DISH,Кофе,1,1,KAIDA-P0835,Латте,MAPPED_RULE,0.97
Макара Синнамон Латте,макара синнамон латте,макара синнамон латте,FOOD,READY_DISH,Горячие напитки,1,1,KAIDA-P0835,Латте,MAPPED_RULE,0.97
Малатан асшаяндармен / Малатан с креветками,малатан асшаяндармен малатан с креветками,малатан асшаяндармен малатан с креветками,FOOD,PRODUCT,Малатан,1,1,KAIDA-P0217,Креветка,MAPPED_RULE,0.92
Матча Латте 350мл,матча латте 350мл,матча латте,FOOD,READY_DISH,Кофе,1,1,KAIDA-P0835,Латте,MAPPED_RULE,0.97
Матча Латте Голубая,матча латте голубая,матча латте голубая,FOOD,READY_DISH,Горячие кофейные напитки,1,1,KAIDA-P0835,Латте,MAPPED_RULE,0.97
Матча Латте Зелёная,матча латте зеленая,матча латте зеленая,FOOD,READY_DISH,Горячие кофейные напитки,1,1,KAIDA-P0835,Латте,MAPPED_RULE,0.97
Медовик за кг,медовик за кг,медовик за кг,FOOD,READY_DISH,Торты и рулеты,1,1,KAIDA-P0809,Медовик,MAPPED_RULE,0.96
Медовик шоколадный,медовик шоколадный,медовик шоколадный,FOOD,READY_DISH,Торты,1,1,KAIDA-P0809,Медовик,MAPPED_RULE,0.96
Меню Пицца,меню пицца,меню пицца,FOOD,READY_DISH,Меню,1,1,KAIDA-P0822,Пицца,MAPPED_RULE,0.9
Мисо суп с креветками,мисо суп с креветками,мисо суп с креветками,FOOD,PRODUCT,Мисо,1,1,KAIDA-P0217,Креветка,MAPPED_RULE,0.92
Молочная девочка за кг,молочная девочка за кг,молочная девочка за кг,FOOD,READY_DISH,Торты и рулеты,1,1,KAIDA-P0810,Торт Молочная девочка,MAPPED_RULE,0.96
"Мясо семги (фарш), вес упаковка 500 гр",мясо семги фарш вес упаковка 500 гр,мясо семги фарш вес упаковка,FOOD,PRODUCT,Замороженная рыба,1,1,KAIDA-P0173,Атлантический лосось,MAPPED_RULE,0.98
НАПОЛЕОН классический,наполеон классический,наполеон классический,FOOD,READY_DISH,ТОРТЫ масовочные,1,1,KAIDA-P0808,Торт Наполеон,MAPPED_RULE,0.96
НАПОЛЕОН рубленный,наполеон рубленный,наполеон рубленный,FOOD,READY_DISH,ТОРТЫ масовочные,1,1,KAIDA-P0808,Торт Наполеон,MAPPED_RULE,0.96
НАПОЛЕОН РУБЛЕНЫЙ,наполеон рубленый,наполеон рубленый,FOOD,READY_DISH,ПИРОЖНЫЕ,1,1,KAIDA-P0808,Торт Наполеон,MAPPED_RULE,0.96
НАРЕЗКА НАПОЛЕОН,нарезка наполеон,нарезка наполеон,FOOD,READY_DISH,ПИРОЖНЫЕ,1,1,KAIDA-P0808,Торт Наполеон,MAPPED_RULE,0.96
НЭМЫ MAXI С КРЕВЕТКОЙ,нэмы maxi с креветкой,нэмы maxi с креветкой,FOOD,PRODUCT,Закуски,1,1,KAIDA-P0217,Креветка,MAPPED_RULE,0.92
"Облепиховый медовик (чгоды по наличию, вес 1 кг)",облепиховый медовик чгоды по наличию вес 1 кг,облепиховый медовик чгоды по наличию вес,FOOD,READY_DISH,Торты,1,1,KAIDA-P0809,Медовик,MAPPED_RULE,0.96
Обрезь Семги (Норвегия),обрезь семги норвегия,обрезь семги норвегия,FOOD,PRODUCT,Рыба,1,1,KAIDA-P0173,Атлантический лосось,MAPPED_RULE,0.98
Окрошка на квасе,окрошка на квасе,окрошка на квасе,FOOD,READY_DISH,Супы,1,1,KAIDA-P0820,Окрошка,MAPPED_RULE,0.97
Оливье с семгой,оливье с семгой,оливье с семгой,FOOD,PRODUCT,Салаты,1,1,KAIDA-P0173,Атлантический лосось,MAPPED_RULE,0.98
ОМЛЕТ С КРЕВЕТКАМИ,омлет с креветками,омлет с креветками,FOOD,PRODUCT,Завтраки,1,1,KAIDA-P0217,Креветка,MAPPED_RULE,0.92
ПАД ТАЙ С КРЕВЕТКАМИ,пад тай с креветками,пад тай с креветками,FOOD,PRODUCT,Воки,1,1,KAIDA-P0217,Креветка,MAPPED_RULE,0.92
ПАПА МОЖЕТ Колбаса мясная 400 г,папа может колбаса мясная 400 г,папа может колбаса мясная,FOOD,PRODUCT,Переработанное мясо,1,1,KAIDA-P0789,Колбаса,MAPPED_RULE,0.82
Паппарделле со шпинатом и креветками,паппарделле со шпинатом и креветками,паппарделле со шпинатом и креветками,FOOD,PRODUCT,Паста,1,1,KAIDA-P0217,Креветка,MAPPED_RULE,0.92
Паста с семгой,паста с семгой,паста с семгой,FOOD,PRODUCT,Паста,1,1,KAIDA-P0173,Атлантический лосось,MAPPED_RULE,0.98
Патроны Колбаски,патроны колбаски,патроны колбаски,FOOD,PRODUCT,СНЭКИ,1,1,KAIDA-P0789,Колбаса,MAPPED_RULE,0.82
Пирог Лимонный La Citron,пирог лимонный la citron,пирог лимонный la citron,FOOD,READY_DISH,Пироги,1,1,KAIDA-P0852,Лимонный пирог,MAPPED_RULE,0.96
"Пицца ""ДАЛА""",пицца дала,пицца дала,FOOD,READY_DISH,Пицца,1,1,KAIDA-P0822,Пицца,MAPPED_RULE,0.9
Пицца Red Fish,пицца red fish,пицца red fish,FOOD,READY_DISH,Пицца,1,1,KAIDA-P0822,Пицца,MAPPED_RULE,0.9
Пицца Белла Виста,пицца белла виста,пицца белла виста,FOOD,READY_DISH,Пицца,1,1,KAIDA-P0822,Пицца,MAPPED_RULE,0.9
Пицца Бианка,пицца бианка,пицца бианка,FOOD,READY_DISH,Пицца,1,1,KAIDA-P0822,Пицца,MAPPED_RULE,0.9
Пицца Времена года,пицца времена года,пицца времена года,FOOD,READY_DISH,Пицца,1,1,KAIDA-P0822,Пицца,MAPPED_RULE,0.9
Пицца Диабло,пицца диабло,пицца диабло,FOOD,READY_DISH,Пицца,1,1,KAIDA-P0822,Пицца,MAPPED_RULE,0.9
Пицца Жайлау,пицца жайлау,пицца жайлау,FOOD,READY_DISH,Пицца,1,1,KAIDA-P0822,Пицца,MAPPED_RULE,0.9
Пицца Куринная,пицца куринная,пицца куринная,FOOD,READY_DISH,Пицца,1,1,KAIDA-P0822,Пицца,MAPPED_RULE,0.9
Пицца мясная,пицца мясная,пицца мясная,FOOD,READY_DISH,Пицца,1,1,KAIDA-P0822,Пицца,MAPPED_RULE,0.9
пицца Пепероне,пицца пепероне,пицца пепероне,FOOD,READY_DISH,Пицца,1,1,KAIDA-P0822,Пицца,MAPPED_RULE,0.9
Пицца Примавера,пицца примавера,пицца примавера,FOOD,READY_DISH,Пицца,1,1,KAIDA-P0822,Пицца,MAPPED_RULE,0.9
Пицца с ветчиной и грибами,пицца с ветчиной и грибами,пицца с ветчиной и грибами,FOOD,READY_DISH,Пицца,1,1,KAIDA-P0822,Пицца,MAPPED_RULE,0.9
Пицца с ветчиной индейки и грибами,пицца с ветчиной индейки и грибами,пицца с ветчиной индейки и грибами,FOOD,READY_DISH,Пицца,1,1,KAIDA-P0822,Пицца,MAPPED_RULE,0.9
Пицца с горгонзолой и грушей,пицца с горгонзолой и грушей,пицца с горгонзолой и грушей,FOOD,READY_DISH,Пицца,1,1,KAIDA-P0822,Пицца,MAPPED_RULE,0.9
Пицца с грибами и трюфельным соусом,пицца с грибами и трюфельным соусом,пицца с грибами и трюфельным соусом,FOOD,READY_DISH,Пицца,1,1,KAIDA-P0822,Пицца,MAPPED_RULE,0.9
Пицца с грушей,пицца с грушей,пицца с грушей,FOOD,READY_DISH,Пицца,1,1,KAIDA-P0822,Пицца,MAPPED_RULE,0.9
Пицца с кониной,пицца с кониной,пицца с кониной,FOOD,READY_DISH,Пицца,1,1,KAIDA-P0822,Пицца,MAPPED_RULE,0.9
Пицца с курицей,пицца с курицей,пицца с курицей,FOOD,READY_DISH,Пицца,1,1,KAIDA-P0822,Пицца,MAPPED_RULE,0.9
Пицца со Страчателлой и Мортаделлой,пицца со страчателлой и мортаделлой,пицца со страчателлой и мортаделлой,FOOD,READY_DISH,Пицца,1,1,KAIDA-P0822,Пицца,MAPPED_RULE,0.9
Пицца соррентино 4 сыра,пицца соррентино 4 сыра,пицца соррентино 4 сыра,FOOD,READY_DISH,Закуски,1,1,KAIDA-P0822,Пицца,MAPPED_RULE,0.9
Пицца соррентино с шпинатом,пицца соррентино с шпинатом,пицца соррентино с шпинатом,FOOD,READY_DISH,Закуски,1,1,KAIDA-P0822,Пицца,MAPPED_RULE,0.9
Пицца Терияки,пицца терияки,пицца терияки,FOOD,READY_DISH,Пицца,1,1,KAIDA-P0822,Пицца,MAPPED_RULE,0.9
Пицца Трюфельная с жаей,пицца трюфельная с жаей,пицца трюфельная с жаей,FOOD,READY_DISH,Пицца,1,1,KAIDA-P0822,Пицца,MAPPED_RULE,0.9
Пицца Халал,пицца халал,пицца халал,FOOD,READY_DISH,Пицца,1,1,KAIDA-P0822,Пицца,MAPPED_RULE,0.9
Пицца Цезарь,пицца цезарь,пицца цезарь,FOOD,READY_DISH,Пицца,1,1,KAIDA-P0822,Пицца,MAPPED_RULE,0.9
Пицца Четыре сыра,пицца четыре сыра,пицца четыре сыра,FOOD,READY_DISH,Пицца,1,1,KAIDA-P0822,Пицца,MAPPED_RULE,0.9
"Подставка для макаронс ""Пирамида 5 ярусная"" 35*35*23см",подставка для макаронс пирамида 5 ярусная 35 35 23см,подставка для макаронс пирамида 5 ярусная 35 35 23см,FOOD,READY_DISH,,1,1,KAIDA-P0812,Макаронс,MAPPED_RULE,0.92
Подставка пластиковая для макаронс,подставка пластиковая для макаронс,подставка пластиковая для макаронс,FOOD,READY_DISH,,1,1,KAIDA-P0812,Макаронс,MAPPED_RULE,0.92
Поке боул с семгой,поке боул с семгой,поке боул с семгой,FOOD,PRODUCT,Завтраки:,1,1,KAIDA-P0173,Атлантический лосось,MAPPED_RULE,0.98
Птитим с креветками,птитим с креветками,птитим с креветками,FOOD,PRODUCT,Паста,1,1,KAIDA-P0217,Креветка,MAPPED_RULE,0.92
РАМЕН С КРЕВЕТКАМИ,рамен с креветками,рамен с креветками,FOOD,PRODUCT,Супы,1,1,KAIDA-P0217,Креветка,MAPPED_RULE,0.92
РИСОВАЯ КАША МИ ЯМ,рисовая каша ми ям,рисовая каша ми ям,FOOD,READY_DISH,Завтраки,1,1,KAIDA-P0832,Рисовая каша,MAPPED_RULE,0.98
Рисовая каша с брусничным вареньем,рисовая каша с брусничным вареньем,рисовая каша с брусничным вареньем,FOOD,READY_DISH,Завтраки,1,1,KAIDA-P0832,Рисовая каша,MAPPED_RULE,0.98
Ролл с креветкой,ролл с креветкой,ролл с креветкой,FOOD,PRODUCT,Хосомаки,1,1,KAIDA-P0217,Креветка,MAPPED_RULE,0.92
с ветчиной и грибами,с ветчиной и грибами,с ветчиной и грибами,FOOD,PRODUCT,Пицца,1,1,KAIDA-P0788,Ветчина,MAPPED_RULE,0.92
Салат из копченой семги,салат из копченой семги,салат из копченой семги,FOOD,PRODUCT,Салаты,1,1,KAIDA-P0173,Атлантический лосось,MAPPED_RULE,0.98
Салат с сёмгой и страчателлой,салат с семгой и страчателлой,салат с семгой и страчателлой,FOOD,PRODUCT,Салаты,1,1,KAIDA-P0173,Атлантический лосось,MAPPED_RULE,0.98
Сендвич с ветчиной из индейки,сендвич с ветчиной из индейки,сендвич с ветчиной из индейки,FOOD,PRODUCT,Завтраки,1,1,KAIDA-P0788,Ветчина,MAPPED_RULE,0.92
Синнабон + Кофе (Американо М),синнабон кофе американо м,синнабон кофе американо м,FOOD,READY_DISH,Комбо,1,1,KAIDA-P0834,Американо,MAPPED_RULE,0.97
Скрембл с куриными колбасками,скрембл с куриными колбасками,скрембл с куриными колбасками,FOOD,PRODUCT,Завтраки,1,1,KAIDA-P0789,Колбаса,MAPPED_RULE,0.82
Скрембл с томатами и креветками,скрембл с томатами и креветками,скрембл с томатами и креветками,FOOD,PRODUCT,Новинки,1,1,KAIDA-P0217,Креветка,MAPPED_RULE,0.92
скрэмбл с сосиской,скрэмбл с сосиской,скрэмбл с сосиской,FOOD,PRODUCT,Завтраки,1,1,KAIDA-P0790,Сосиски,MAPPED_RULE,0.88
"Слайсы малосольной семги, вес упаковка 200-300 гр.",слайсы малосольной семги вес упаковка 200 300 гр,слайсы малосольной семги вес упаковка,FOOD,PRODUCT,Копченая и малосоленая рыба,1,1,KAIDA-P0173,Атлантический лосось,MAPPED_RULE,0.98
"Слайсы семги холодного копчения, вес упаковка 200-300 гр.",слайсы семги холодного копчения вес упаковка 200 300 гр,слайсы семги холодного копчения вес упаковка,FOOD,PRODUCT,Копченая и малосоленая рыба,1,1,KAIDA-P0173,Атлантический лосось,MAPPED_RULE,0.98
Стейк Семги I -категории,стейк семги i категории,стейк семги i категории,FOOD,PRODUCT,Замороженная рыба,1,1,KAIDA-P0242,Стейк лосося,MAPPED_RULE,0.94
Стейк Семги II -категории,стейк семги ii категории,стейк семги ii категории,FOOD,PRODUCT,Замороженная рыба,1,1,KAIDA-P0242,Стейк лосося,MAPPED_RULE,0.94
"Стейки Семги крупные,кг",стейки семги крупные кг,стейки семги крупные кг,FOOD,PRODUCT,Рыба,1,1,KAIDA-P0242,Стейк лосося,MAPPED_RULE,0.94
Стейки семги свежемороженые вес 500-700 гр,стейки семги свежемороженые вес 500 700 гр,стейки семги свежемороженые вес,FOOD,PRODUCT,Замороженная рыба,1,1,KAIDA-P0242,Стейк лосося,MAPPED_RULE,0.94
Стрипсы (мясо) сёмги без костей и кожи,стрипсы мясо семги без костей и кожи,стрипсы мясо семги без костей и кожи,FOOD,PRODUCT,Свежемороженая продукция,1,1,KAIDA-P0173,Атлантический лосось,MAPPED_RULE,0.98
Суп Борщ,суп борщ,суп борщ,FOOD,READY_DISH,Супы,1,1,KAIDA-P0818,Борщ,MAPPED_RULE,0.97
Суп набор из семги,суп набор из семги,суп набор из семги,FOOD,PRODUCT,Рыба,1,1,KAIDA-P0173,Атлантический лосось,MAPPED_RULE,0.98
"Суп набор из семги 1,5-2 кг",суп набор из семги 1 5 2 кг,суп набор из семги,FOOD,PRODUCT,Замороженная рыба,1,1,KAIDA-P0173,Атлантический лосось,MAPPED_RULE,0.98
Сырники из иримшика,сырники из иримшика,сырники из иримшика,FOOD,PRODUCT,Завтраки,1,1,KAIDA-P0825,Сырники,MAPPED_RULE,0.94
Сырники из рикотты со сметаной и вареньем,сырники из рикотты со сметаной и вареньем,сырники из рикотты со сметаной и вареньем,FOOD,PRODUCT,Завтраки,1,1,KAIDA-P0825,Сырники,MAPPED_RULE,0.94
Сырники с Вишней и Мороженым,сырники с вишней и мороженым,сырники с вишней и мороженым,FOOD,PRODUCT,Сладкие Завтраки,1,1,KAIDA-P0825,Сырники,MAPPED_RULE,0.94
Сырники с домашней сметаной,сырники с домашней сметаной,сырники с домашней сметаной,FOOD,PRODUCT,Сладкие завтраки,1,1,KAIDA-P0825,Сырники,MAPPED_RULE,0.94
Сырники с маком,сырники с маком,сырники с маком,FOOD,PRODUCT,Замороженная продукция,1,1,KAIDA-P0825,Сырники,MAPPED_RULE,0.94
Сырники со сметаной и клубникой с гранолой,сырники со сметаной и клубникой с гранолой,сырники со сметаной и клубникой с гранолой,FOOD,PRODUCT,Десерты,1,1,KAIDA-P0825,Сырники,MAPPED_RULE,0.94
тальятелли с креветками и томатами конкассе,тальятелли с креветками и томатами конкассе,тальятелли с креветками и томатами конкассе,FOOD,PRODUCT,Паста,1,1,KAIDA-P0217,Креветка,MAPPED_RULE,0.92
ТЕМПУРА РОЛЛЫ С КРЕВЕТКОЙ И СОУСОМ ЛАВА,темпура роллы с креветкой и соусом лава,темпура роллы с креветкой и соусом лава,FOOD,PRODUCT,Роллы,1,1,KAIDA-P0217,Креветка,MAPPED_RULE,0.92
Теша Сёмги 100гр,теша семги 100гр,теша семги,FOOD,PRODUCT,РЫБА КОПЧЕНАЯ,1,1,KAIDA-P0173,Атлантический лосось,MAPPED_RULE,0.98
ТОМКХА С КРЕВЕТКАМИ,томкха с креветками,томкха с креветками,FOOD,PRODUCT,TomKha,1,1,KAIDA-P0217,Креветка,MAPPED_RULE,0.92
ТОРТ МЕДОВИК С СОЛЕНОЙ КАРАМЕЛЬЮ,торт медовик с соленой карамелью,торт медовик с соленой карамелью,FOOD,READY_DISH,Десерты,1,1,KAIDA-P0809,Медовик,MAPPED_RULE,0.96
ТРЮФЕЛЬНЫЙ СОУС К ПИЦЦЕ 50 гр пицца,трюфельный соус к пицце 50 гр пицца,трюфельный соус к пицце пицца,FOOD,READY_DISH,Пицца,1,1,KAIDA-P0822,Пицца,MAPPED_RULE,0.9
Феттучини с семгой,феттучини с семгой,феттучини с семгой,FOOD,PRODUCT,Фреш паста,1,1,KAIDA-P0173,Атлантический лосось,MAPPED_RULE,0.98
ФИЛАДЕЛЬФИЯ С КРЕВЕТКОЙ,филадельфия с креветкой,филадельфия с креветкой,FOOD,PRODUCT,Роллы,1,1,KAIDA-P0217,Креветка,MAPPED_RULE,0.92
Филе сёмги с овощами-гриль,филе семги с овощами гриль,филе семги с овощами гриль,FOOD,PRODUCT,Европейская кухня,1,1,KAIDA-P0173,Атлантический лосось,MAPPED_RULE,0.98
"Хвосты семги свежемороженые вес упаковка 1-1,5 кг",хвосты семги свежемороженые вес упаковка 1 1 5 кг,хвосты семги свежемороженые вес упаковка,FOOD,PRODUCT,Замороженная рыба,1,1,KAIDA-P0173,Атлантический лосось,MAPPED_RULE,0.98
Холодный Капучино,холодный капучино,холодный капучино,FOOD,READY_DISH,Холодный кофе,1,1,KAIDA-P0836,Капучино,MAPPED_RULE,0.97
Холодный Латте,холодный латте,холодный латте,FOOD,READY_DISH,Холодный кофе,1,1,KAIDA-P0835,Латте,MAPPED_RULE,0.97
Холодный Макара Синнамон Латте,холодный макара синнамон латте,холодный макара синнамон латте,FOOD,READY_DISH,Холодный кофе,1,1,KAIDA-P0835,Латте,MAPPED_RULE,0.97
Хребет Семги,хребет семги,хребет семги,FOOD,PRODUCT,Свежемороженная рыба,1,1,KAIDA-P0173,Атлантический лосось,MAPPED_RULE,0.98
Хребты сёмги г/к,хребты семги г к,хребты семги г к,FOOD,PRODUCT,Рыба,1,1,KAIDA-P0173,Атлантический лосось,MAPPED_RULE,0.98
Хребты Сёмги Горячего Копчения 100гр,хребты семги горячего копчения 100гр,хребты семги горячего копчения,FOOD,PRODUCT,РЫБА КОПЧЕНАЯ,1,1,KAIDA-P0173,Атлантический лосось,MAPPED_RULE,0.98
Черничный латте (350мл),черничный латте 350мл,черничный латте,FOOD,READY_DISH,Кофе:,1,1,KAIDA-P0835,Латте,MAPPED_RULE,0.97
Чизкейк медовый,чизкейк медовый,чизкейк медовый,FOOD,READY_DISH,Десерты,1,1,KAIDA-P0813,Чизкейк,MAPPED_RULE,0.92
чизкейк натуральный,чизкейк натуральный,чизкейк натуральный,FOOD,READY_DISH,Десерты,1,1,KAIDA-P0813,Чизкейк,MAPPED_RULE,0.92
Чизкейк охлажденный,чизкейк охлажденный,чизкейк охлажденный,FOOD,READY_DISH,Торты по предзаказу,1,1,KAIDA-P0813,Чизкейк,MAPPED_RULE,0.92
Чизкейк с матчей,чизкейк с матчей,чизкейк с матчей,FOOD,READY_DISH,Десерты,1,1,KAIDA-P0813,Чизкейк,MAPPED_RULE,0.92
Чизкейк Солёная карамель,чизкейк соленая карамель,чизкейк соленая карамель,FOOD,READY_DISH,Десерты,1,1,KAIDA-P0813,Чизкейк,MAPPED_RULE,0.92
Чипсы с креветками,чипсы с креветками,чипсы с креветками,FOOD,PRODUCT,Закуски,1,1,KAIDA-P0217,Креветка,MAPPED_RULE,0.92
Шашлык из креветок,шашлык из креветок,шашлык из креветок,FOOD,PRODUCT,Шашлычки,1,1,KAIDA-P0217,Креветка,MAPPED_RULE,0.92
Шоколадный Медовик,шоколадный медовик,шоколадный медовик,FOOD,READY_DISH,Десерты,1,1,KAIDA-P0809,Медовик,MAPPED_RULE,0.96
Эспрессо (60 мл),эспрессо 60 мл,эспрессо,FOOD,READY_DISH,Кофе,1,1,KAIDA-P0833,Эспрессо,MAPPED_RULE,0.97
Эспрессо (Двойной),эспрессо двойной,эспрессо двойной,FOOD,READY_DISH,Кофейные напитки,1,1,KAIDA-P0833,Эспрессо,MAPPED_RULE,0.97
Эспрессо (Стандарт),эспрессо стандарт,эспрессо стандарт,FOOD,READY_DISH,Кофейные напитки,1,1,KAIDA-P0833,Эспрессо,MAPPED_RULE,0.97
Эспрессо 1 шот,эспрессо 1 шот,эспрессо 1 шот,FOOD,READY_DISH,Кофе,1,1,KAIDA-P0833,Эспрессо,MAPPED_RULE,0.97
Эспрессо 2 шота,эспрессо 2 шота,эспрессо 2 шота,FOOD,READY_DISH,Кофе,1,1,KAIDA-P0833,Эспрессо,MAPPED_RULE,0.97
Эспрессо 30/60 мл,эспрессо 30 60 мл,эспрессо 30,FOOD,READY_DISH,Кофе,1,1,KAIDA-P0833,Эспрессо,MAPPED_RULE,0.97
Эспрессо б/кофеина,эспрессо б кофеина,эспрессо б кофеина,FOOD,READY_DISH,Кофе,1,1,KAIDA-P0833,Эспрессо,MAPPED_RULE,0.97
Эспрессо двойной — 60 мл,эспрессо двойной 60 мл,эспрессо двойной,FOOD,READY_DISH,Кофе и кофейные напитки,1,1,KAIDA-P0833,Эспрессо,MAPPED_RULE,0.97
Эспрессо Тоник 300 мл,эспрессо тоник 300 мл,эспрессо тоник,FOOD,READY_DISH,Кофе,1,1,KAIDA-P0833,Эспрессо,MAPPED_RULE,0.97
Эспрессо тоник — 200 мл,эспрессо тоник 200 мл,эспрессо тоник,FOOD,READY_DISH,Кофе и кофейные напитки,1,1,KAIDA-P0833,Эспрессо,MAPPED_RULE,0.97
Яичница с сосисками,яичница с сосисками,яичница с сосисками,FOOD,PRODUCT,Завтраки,1,1,KAIDA-P0790,Сосиски,MAPPED_RULE,0.88
ЯШКИНО Круассаны с шоколадной начинкой 180 г,яшкино круассаны с шоколадной начинкой 180 г,яшкино круассаны с шоколадной начинкой,FOOD,READY_DISH,Сладости,1,1,KAIDA-P0693,Круассан,MAPPED_RULE,0.94
ЯШКИНО Мини круассаны с клубничным джемом 180 г,яшкино мини круассаны с клубничным джемом 180 г,яшкино мини круассаны с клубничным джемом,FOOD,READY_DISH,Сладости,1,1,KAIDA-P0693,Круассан,MAPPED_RULE,0.94
ЯШКИНО Мини круассаны со сливочным кремом 180 г,яшкино мини круассаны со сливочным кремом 180 г,яшкино мини круассаны со сливочным кремом,FOOD,READY_DISH,Сладости,1,1,KAIDA-P0693,Круассан,MAPPED_RULE,0.94
Матча Латте,матча латте,матча латте,AMBIGUOUS,READY_DISH,Кофе | Матча | Матча/Ice матча | Не кофе: | Остальное,9,8,KAIDA-P0835,Латте,MAPPED_RULE,0.97
Испандық чизкейк | Испанский чизкейк,испандық чизкейк испанский чизкейк,испандық чизкейк испанский чизкейк,AMBIGUOUS,READY_DISH,Чизкейктер,8,8,KAIDA-P0814,Испанский чизкейк,MAPPED_RULE,0.96
Боул с сёмгой,боул с семгой,боул с семгой,AMBIGUOUS,PRODUCT,Боулы,4,4,KAIDA-P0173,Атлантический лосось,MAPPED_RULE,0.98
Пепперони,пепперони,пепперони,AMBIGUOUS,PRODUCT,Итальянская кухня | Пицца,4,4,KAIDA-P0795,Пепперони,MAPPED_RULE,0.94
Чизкейк классический,чизкейк классический,чизкейк классический,AMBIGUOUS,READY_DISH,Витрина | Десерты,4,4,KAIDA-P0813,Чизкейк,MAPPED_RULE,0.92
"Апельсиново-грейпфрутовый фрэш 0,3L",апельсиново грейпфрутовый фрэш 0 3l,апельсиново грейпфрутовый фрэш,AMBIGUOUS,READY_DISH,Фреши,3,3,KAIDA-P0843,Фреш апельсиновый,MAPPED_RULE,0.98
Борек с картошкой и луком,борек с картошкой и луком,борек с картошкой и луком,AMBIGUOUS,READY_DISH,Витрина,3,3,KAIDA-P0815,Борек,MAPPED_RULE,0.94
Матча американо,матча американо,матча американо,AMBIGUOUS,READY_DISH,Матча,3,3,KAIDA-P0834,Американо,MAPPED_RULE,0.97
Нью-йорк чизкейк,нью йорк чизкейк,нью йорк чизкейк,AMBIGUOUS,READY_DISH,Витрина,3,3,KAIDA-P0813,Чизкейк,MAPPED_RULE,0.92
Стейк семги,стейк семги,стейк семги,AMBIGUOUS,PRODUCT,Популярный Товар | Хоспер,3,3,KAIDA-P0242,Стейк лосося,MAPPED_RULE,0.94
Трайфл Наполеон с бананом,трайфл наполеон с бананом,трайфл наполеон с бананом,AMBIGUOUS,READY_DISH,Витрина,3,3,KAIDA-P0808,Торт Наполеон,MAPPED_RULE,0.96
Фокачча с ветчиной из индейки,фокачча с ветчиной из индейки,фокачча с ветчиной из индейки,AMBIGUOUS,PRODUCT,SPECIAL,3,3,KAIDA-P0788,Ветчина,MAPPED_RULE,0.92
Айс американо,айс американо,айс американо,AMBIGUOUS,READY_DISH,Ice coffee | Холодный кофе:,2,2,KAIDA-P0834,Американо,MAPPED_RULE,0.97
Айс капучино,айс капучино,айс капучино,AMBIGUOUS,READY_DISH,Ice coffee | Холодный кофе:,2,2,KAIDA-P0836,Капучино,MAPPED_RULE,0.97
матча Американо /300 мл,матча американо 300 мл,матча американо,AMBIGUOUS,READY_DISH,БАР,2,2,KAIDA-P0834,Американо,MAPPED_RULE,0.97
Стейк из семги,стейк из семги,стейк из семги,AMBIGUOUS,PRODUCT,Горячее,2,2,KAIDA-P0242,Стейк лосося,MAPPED_RULE,0.94
Стейки семги (норвегия),стейки семги норвегия,стейки семги норвегия,AMBIGUOUS,PRODUCT,Рыба | СТЕЙКИ СЕМГИ,2,2,KAIDA-P0242,Стейк лосося,MAPPED_RULE,0.94
ходзича Американо /300 мл,ходзича американо 300 мл,ходзича американо,AMBIGUOUS,READY_DISH,БАР,2,2,KAIDA-P0834,Американо,MAPPED_RULE,0.97
Эспрессо / Доппио /30/60 мл,эспрессо доппио 30 60 мл,эспрессо доппио 30,AMBIGUOUS,READY_DISH,БАР,2,2,KAIDA-P0833,Эспрессо,MAPPED_RULE,0.97
Эспрессо тоник /400 мл,эспрессо тоник 400 мл,эспрессо тоник,AMBIGUOUS,READY_DISH,БАР,2,2,KAIDA-P0833,Эспрессо,MAPPED_RULE,0.97
Американо 0.22,американо 0 22,американо 0 22,AMBIGUOUS,READY_DISH,Остальное,1,1,KAIDA-P0834,Американо,MAPPED_RULE,0.97
Вишнёвый Наполеон,вишневый наполеон,вишневый наполеон,AMBIGUOUS,READY_DISH,Фирменные Наполеоны,1,1,KAIDA-P0808,Торт Наполеон,MAPPED_RULE,0.96
Драники из картофеля со слабосалёной семгой,драники из картофеля со слабосаленой семгой,драники из картофеля со слабосаленой семгой,AMBIGUOUS,PRODUCT,Бранчи,1,1,KAIDA-P0173,Атлантический лосось,MAPPED_RULE,0.98
Капучино 0.22,капучино 0 22,капучино 0 22,AMBIGUOUS,READY_DISH,Остальное,1,1,KAIDA-P0836,Капучино,MAPPED_RULE,0.97
Классический Наполеон,классический наполеон,классический наполеон,AMBIGUOUS,READY_DISH,Фирменные Наполеоны,1,1,KAIDA-P0808,Торт Наполеон,MAPPED_RULE,0.96
Латте матча,латте матча,латте матча,AMBIGUOUS,READY_DISH,KOФЕ,1,1,KAIDA-P0835,Латте,MAPPED_RULE,0.97
Латте со льдом,латте со льдом,латте со льдом,AMBIGUOUS,READY_DISH,Остальное,1,1,KAIDA-P0835,Латте,MAPPED_RULE,0.97
Малатан шұжықтармен / Малатан с сосисками,малатан шұжықтармен малатан с сосисками,малатан шұжықтармен малатан с сосисками,AMBIGUOUS,PRODUCT,Малатан,1,1,KAIDA-P0790,Сосиски,MAPPED_RULE,0.88
"Марокканский (0,5л)",марокканский 0 5л,марокканский,AMBIGUOUS,READY_DISH,Чаи:,1,1,KAIDA-P0840,Чай марокканский,MAPPED_RULE,0.95
Марокканский (1л),марокканский 1л,марокканский,AMBIGUOUS,READY_DISH,Чаи:,1,1,KAIDA-P0840,Чай марокканский,MAPPED_RULE,0.95
Мильфей Наполеон,мильфей наполеон,мильфей наполеон,AMBIGUOUS,READY_DISH,Фирменные Наполеоны,1,1,KAIDA-P0808,Торт Наполеон,MAPPED_RULE,0.96
Мини Чизкейки,мини чизкейки,мини чизкейки,AMBIGUOUS,READY_DISH,Остальное,1,1,KAIDA-P0813,Чизкейк,MAPPED_RULE,0.92
Наполеон Павлова,наполеон павлова,наполеон павлова,AMBIGUOUS,READY_DISH,Сезонные Наполеоны,1,1,KAIDA-P0808,Торт Наполеон,MAPPED_RULE,0.96
Нож для круассана средний,нож для круассана средний,нож для круассана средний,AMBIGUOUS,READY_DISH,,1,1,KAIDA-P0693,Круассан,MAPPED_RULE,0.94
сосиски корн дог,сосиски корн дог,сосиски корн дог,AMBIGUOUS,PRODUCT,Детское меню,1,1,KAIDA-P0790,Сосиски,MAPPED_RULE,0.88
Стейк с семгой,стейк с семгой,стейк с семгой,AMBIGUOUS,PRODUCT,Горячие блюда,1,1,KAIDA-P0242,Стейк лосося,MAPPED_RULE,0.94
Стейк семги Норвегия,стейк семги норвегия,стейк семги норвегия,AMBIGUOUS,PRODUCT,Стейки,1,1,KAIDA-P0242,Стейк лосося,MAPPED_RULE,0.94
Ташкентский (1л),ташкентский 1л,ташкентский,AMBIGUOUS,READY_DISH,Чаи:,1,1,KAIDA-P0841,Чай ташкентский,MAPPED_RULE,0.95
Филе сёмги солёное,филе семги соленое,филе семги соленое,AMBIGUOUS,PRODUCT,"Солёная, копчёная и вяленая продукция",1,1,KAIDA-P0173,Атлантический лосось,MAPPED_RULE,0.98
Шоколадный Наполеон,шоколадный наполеон,шоколадный наполеон,AMBIGUOUS,READY_DISH,Фирменные Наполеоны,1,1,KAIDA-P0808,Торт Наполеон,MAPPED_RULE,0.96
Шот эспрессо,шот эспрессо,шот эспрессо,AMBIGUOUS,READY_DISH,Дополнительно:,1,1,KAIDA-P0833,Эспрессо,MAPPED_RULE,0.97
Эспрессо-Тоник 450мл,эспрессо тоник 450мл,эспрессо тоник,AMBIGUOUS,READY_DISH,ENJOY COLLECTION,1,1,KAIDA-P0833,Эспрессо,MAPPED_RULE,0.97
Батон наны | Хлеб батон,батон наны хлеб батон,батон наны хлеб батон,FOOD,PRODUCT,Нан өнімдері | Хлебобулочные изделия,8,8,,,NEEDS_REVIEW,0.91
Яблочный пирог | Алма бәліші,яблочный пирог алма бәліші,яблочный пирог алма бәліші,FOOD,PRODUCT,Бәліш | Пирог,8,8,,,NEEDS_REVIEW,0.8
Qulpynai шай | Чай Qulpynai 800 мл,qulpynai шай чай qulpynai 800 мл,qulpynai шай чай qulpynai,FOOD,PRODUCT,Чаи | Шай,7,7,,,NEEDS_REVIEW,1.0
Qulpynai шайы | Чай Qulpynai 300 мл,qulpynai шайы чай qulpynai 300 мл,qulpynai шайы чай qulpynai,FOOD,PRODUCT,Чаи | Шай,7,7,,,NEEDS_REVIEW,1.0
Бал / Мед (40гр.),бал мед 40гр,бал мед,FOOD,PRODUCT,Чаи | Шай,7,7,,,NEEDS_REVIEW,1.0
Банан-тұзды карамель | Банан-соленая карамель 450 мл,банан тұзды карамель банан соленая карамель 450 мл,банан тұзды карамель банан соленая карамель,FOOD,PRODUCT,Молочные коктейли | Сүтті коктейль,7,7,,,NEEDS_REVIEW,0.91
ОЛИВКОВОЕ МАСЛО AGROLIVE,оливковое масло agrolive,оливковое масло agrolive,FOOD,PRODUCT,растительное масло,7,7,,,NEEDS_REVIEW,0.84
Греческий,греческий,греческий,FOOD,READY_DISH,Салаты,6,6,,,NEEDS_REVIEW,1.0
зеленый салат,зеленый салат,зеленый салат,FOOD,READY_DISH,Закуски/Салаты | КУХНЯ | Салаты,6,6,,,NEEDS_REVIEW,0.7777777777777777
Спагетти Карбонара,спагетти карбонара,спагетти карбонара,FOOD,READY_DISH,Итальянская кухня | Паста | Фреш паста,6,6,,,NEEDS_REVIEW,0.91
Телятина в сливочном соусе,телятина в сливочном соусе,телятина в сливочном соусе,FOOD,READY_DISH,Вторые блюда | Европейская кухня,6,4,,,NEEDS_REVIEW,0.91
Ти-бон стейк (говядина),ти бон стейк говядина,ти бон стейк говядина,FOOD,PRODUCT,Говядина,6,2,,,NEEDS_REVIEW,0.91
Томагавк,томагавк,томагавк,FOOD,PRODUCT,Говядина,6,2,,,NEEDS_REVIEW,1.0
Чесночный хлеб,чесночный хлеб,чесночный хлеб,FOOD,READY_DISH,Выпечка | Хлеба,6,6,,,NEEDS_REVIEW,0.8
Яблочный пирог,яблочный пирог,яблочный пирог,FOOD,READY_DISH,Ассортимент сиропов | Десерты | Пироги,6,6,,,NEEDS_REVIEW,0.8
Ягодный,ягодный,ягодный,FOOD,PRODUCT,Ice Tea | Ice tea,6,6,,,NEEDS_REVIEW,1.0
Имбирный чай,имбирный чай,имбирный чай,FOOD,READY_DISH,Горячие напитки (Чай-Какао) | Фирменные чаи | Чай,5,5,,,NEEDS_REVIEW,1.0
Котлеты говядина,котлеты говядина,котлеты говядина,FOOD,PRODUCT,Замороженная продукция | Котлеты,5,5,,,NEEDS_REVIEW,0.91
Котлеты говяжьи,котлеты говяжьи,котлеты говяжьи,FOOD,PRODUCT,Полуфабрикаты,5,5,,,NEEDS_REVIEW,0.7857142857142857
Котлеты куриные,котлеты куриные,котлеты куриные,FOOD,PRODUCT,Полуфабрикаты,5,5,,,NEEDS_REVIEW,0.7777777777777777
Котлеты курица,котлеты курица,котлеты курица,FOOD,PRODUCT,Замороженная продукция | Котлеты,5,5,,,NEEDS_REVIEW,0.91
Овсяная каша,овсяная каша,овсяная каша,FOOD,READY_DISH,Завтраки | Завтраки от 11:00 до 12:30 | СЛАДКИЕ ЗАВТРАКИ,5,5,,,NEEDS_REVIEW,0.8333333333333333
Пшенная каша,пшенная каша,пшенная каша,FOOD,READY_DISH,Завтраки | Завтраки от 11:00 до 12:30,5,5,,,NEEDS_REVIEW,0.7692307692307692
Ташкентский чай,ташкентский чай,ташкентский чай,FOOD,READY_DISH,Авторские чаи | Горячие напитки (Чай-Какао) | Фирменные чаи | Чайная карта,5,5,,,NEEDS_REVIEW,1.0
"Ташкентский чай 0,9",ташкентский чай 0 9,ташкентский чай 0 9,FOOD,PRODUCT,Авторские чаи,5,5,,,NEEDS_REVIEW,1.0
Фисташка-малина,фисташка малина,фисташка малина,FOOD,READY_DISH,Целые торты,5,5,,,NEEDS_REVIEW,0.91
"Чай по-казахски 0,4",чай по казахски 0 4,чай по казахски 0 4,FOOD,PRODUCT,Авторские чаи,5,5,,,NEEDS_REVIEW,1.0
"Чай по-казахски 0,9",чай по казахски 0 9,чай по казахски 0 9,FOOD,PRODUCT,Авторские чаи,5,5,,,NEEDS_REVIEW,1.0
Ягодный микс 1000 ml,ягодный микс 1000 ml,ягодный микс,FOOD,READY_DISH,Лимонады,5,5,,,NEEDS_REVIEW,0.8333333333333333
Ягодный микс 400 ml,ягодный микс 400 ml,ягодный микс,FOOD,READY_DISH,Лимонады,5,5,,,NEEDS_REVIEW,0.8333333333333333
Багет ржано-пшеничный,багет ржано пшеничный,багет ржано пшеничный,FOOD,PRODUCT,Хлебные изделия,4,4,,,NEEDS_REVIEW,0.91
Батон нарезной,батон нарезной,батон нарезной,FOOD,PRODUCT,Хлебные изделия,4,4,,,NEEDS_REVIEW,0.91
"Бельгийские Вафли (Мед, Карамель, Ягодное Компоте)",бельгийские вафли мед карамель ягодное компоте,бельгийские вафли мед карамель ягодное компоте,FOOD,READY_DISH,Сладкие завтраки,4,4,,,NEEDS_REVIEW,1.0
Бешбармак с бараниной,бешбармак с бараниной,бешбармак с бараниной,FOOD,READY_DISH,Вторые блюда,4,4,,,NEEDS_REVIEW,0.8181818181818181
Бешбармак с говядиной,бешбармак с говядиной,бешбармак с говядиной,FOOD,READY_DISH,Вторые блюда,4,4,,,NEEDS_REVIEW,0.8181818181818181
Бешбармак с кониной,бешбармак с кониной,бешбармак с кониной,FOOD,READY_DISH,Вторые блюда,4,4,,,NEEDS_REVIEW,0.75
Блинчики Nesquik творог-банан,блинчики nesquik творог банан,блинчики nesquik творог банан,FOOD,PRODUCT,Блинчики,4,4,,,NEEDS_REVIEW,0.91
Блинчики Nesquik творог-шоколад дропсы,блинчики nesquik творог шоколад дропсы,блинчики nesquik творог шоколад дропсы,FOOD,PRODUCT,Блинчики,4,4,,,NEEDS_REVIEW,0.91
Блинчики банан-сгущенка,блинчики банан сгущенка,блинчики банан сгущенка,FOOD,PRODUCT,Блинчики,4,4,,,NEEDS_REVIEW,0.88
Блинчики курица - грибы,блинчики курица грибы,блинчики курица грибы,FOOD,PRODUCT,Блинчики,4,4,,,NEEDS_REVIEW,0.91
Блинчики мак вишня,блинчики мак вишня,блинчики мак вишня,FOOD,PRODUCT,Блинчики,4,4,,,NEEDS_REVIEW,0.91
Блинчики с мясом (говядина),блинчики с мясом говядина,блинчики с мясом говядина,FOOD,PRODUCT,Блинчики,4,4,,,NEEDS_REVIEW,0.91
Блинчики сладкий творог,блинчики сладкий творог,блинчики сладкий творог,FOOD,PRODUCT,Блинчики,4,4,,,NEEDS_REVIEW,0.91
Блинчики со сгущенным молоком,блинчики со сгущенным молоком,блинчики со сгущенным молоком,FOOD,READY_DISH,Завтраки,4,4,,,NEEDS_REVIEW,0.84
Блинчики творог-клубника,блинчики творог клубника,блинчики творог клубника,FOOD,PRODUCT,Блинчики,4,4,,,NEEDS_REVIEW,0.91
Блинчики творог-черника,блинчики творог черника,блинчики творог черника,FOOD,PRODUCT,Блинчики,4,4,,,NEEDS_REVIEW,0.91
Блинчики яблоко в карамели,блинчики яблоко в карамели,блинчики яблоко в карамели,FOOD,PRODUCT,Блинчики,4,4,,,NEEDS_REVIEW,0.91
Вафли из цукини с малосольным лососем,вафли из цукини с малосольным лососем,вафли из цукини с малосольным лососем,FOOD,READY_DISH,Завтраки,4,4,,,NEEDS_REVIEW,0.91
Говядина с овощами,говядина с овощами,говядина с овощами,FOOD,PRODUCT,Паназия,4,4,,,NEEDS_REVIEW,0.91
Говядина Фрикадельки,говядина фрикадельки,говядина фрикадельки,FOOD,PRODUCT,Котлеты,4,4,,,NEEDS_REVIEW,0.91
Жареный рис с хрустящей курочкой,жареный рис с хрустящей курочкой,жареный рис с хрустящей курочкой,FOOD,PRODUCT,Паназия,4,4,,,NEEDS_REVIEW,1.0
"Карак чай 0,3L",карак чай 0 3l,карак чай,FOOD,READY_DISH,Смузи | Чай,4,3,,,NEEDS_REVIEW,1.0
Каша рисовая,каша рисовая,каша рисовая,FOOD,READY_DISH,Завтраки | Каши: | Сладкие завтраки,4,4,,,NEEDS_REVIEW,0.88
Клаб,клаб,клаб,FOOD,PRODUCT,Говядина,4,2,,,NEEDS_REVIEW,0.75
Куриные котлетки на подушке из пюре,куриные котлетки на подушке из пюре,куриные котлетки на подушке из пюре,FOOD,READY_DISH,Вторые блюда,4,4,,,NEEDS_REVIEW,0.7777777777777777
Куриные Фрикадельки,куриные фрикадельки,куриные фрикадельки,FOOD,PRODUCT,Котлеты,4,4,,,NEEDS_REVIEW,0.7777777777777777
Куриный рулет с моцареллой и рисом в соусе терияки,куриный рулет с моцареллой и рисом в соусе терияки,куриный рулет с моцареллой и рисом в соусе терияки,FOOD,READY_DISH,Горячие блюда,4,4,,,NEEDS_REVIEW,0.84
Курица карри с рисом пито лепёшкой,курица карри с рисом пито лепешкой,курица карри с рисом пито лепешкой,FOOD,READY_DISH,Горячие блюда,4,4,,,NEEDS_REVIEW,0.91
Курица по-тайски с рисом,курица по тайски с рисом,курица по тайски с рисом,FOOD,PRODUCT,Паназия,4,4,,,NEEDS_REVIEW,0.91
Курица терияки с рисом,курица терияки с рисом,курица терияки с рисом,FOOD,PRODUCT,Паназия,4,4,,,NEEDS_REVIEW,0.91
Лепешка Патыр нан,лепешка патыр нан,лепешка патыр нан,FOOD,PRODUCT,Хлебные изделия,4,4,,,NEEDS_REVIEW,0.91
Лепешка с пюре и сыром,лепешка с пюре и сыром,лепешка с пюре и сыром,FOOD,READY_DISH,Фастфуд,4,4,,,NEEDS_REVIEW,0.91
Люля из говядины с салатом и питой,люля из говядины с салатом и питой,люля из говядины с салатом и питой,FOOD,READY_DISH,Блюда на гриле,4,4,,,NEEDS_REVIEW,0.8
Мини багет,мини багет,мини багет,FOOD,PRODUCT,Хлебные изделия,4,4,,,NEEDS_REVIEW,0.91
Мини ржаной багет,мини ржаной багет,мини ржаной багет,FOOD,PRODUCT,Хлебные изделия,4,4,,,NEEDS_REVIEW,0.91
Мини чебуреки картофель-сыр,мини чебуреки картофель сыр,мини чебуреки картофель сыр,FOOD,PRODUCT,Чебуреки,4,4,,,NEEDS_REVIEW,0.91
Морковча,морковча,морковча,FOOD,READY_DISH,Салаты,4,4,,,NEEDS_REVIEW,0.8
Морс клюква 500 мл,морс клюква 500 мл,морс клюква,FOOD,READY_DISH,Напитки,4,4,,,NEEDS_REVIEW,0.91
Огурцы с чесноком,огурцы с чесноком,огурцы с чесноком,FOOD,READY_DISH,Салаты,4,4,,,NEEDS_REVIEW,0.88
Пельмени Алматинские баранина курица,пельмени алматинские баранина курица,пельмени алматинские баранина курица,FOOD,PRODUCT,Пельмени,4,4,,,NEEDS_REVIEW,0.91
Пельмени из говядины,пельмени из говядины,пельмени из говядины,FOOD,PRODUCT,Пельмени,4,4,,,NEEDS_REVIEW,0.8
Пельмени курица и говядина,пельмени курица и говядина,пельмени курица и говядина,FOOD,PRODUCT,Пельмени,4,4,,,NEEDS_REVIEW,0.91
Пельмени Любительские курица говядина,пельмени любительские курица говядина,пельмени любительские курица говядина,FOOD,PRODUCT,Пельмени,4,4,,,NEEDS_REVIEW,0.91
Рамен сливочный с курицей,рамен сливочный с курицей,рамен сливочный с курицей,FOOD,PRODUCT,Паназия,4,4,,,NEEDS_REVIEW,0.8181818181818181
Салат Домашний,салат домашний,салат домашний,FOOD,READY_DISH,Салаты,4,4,,,NEEDS_REVIEW,0.7692307692307692
Салат с киноа и форелью,салат с киноа и форелью,салат с киноа и форелью,FOOD,READY_DISH,Салаты,4,4,,,NEEDS_REVIEW,0.91
Салат Фаттуш,салат фаттуш,салат фаттуш,FOOD,READY_DISH,Салаты,4,4,,,NEEDS_REVIEW,0.782608695652174
Салат Ширин,салат ширин,салат ширин,FOOD,READY_DISH,Салаты,4,4,,,NEEDS_REVIEW,0.7619047619047619
Сметанник,сметанник,сметанник,FOOD,READY_DISH,Десерты | Пироги,4,4,,,NEEDS_REVIEW,0.75
"Смузи молочная голубика 0,3L",смузи молочная голубика 0 3l,смузи молочная голубика,FOOD,PRODUCT,Смузи,4,3,,,NEEDS_REVIEW,0.91
"Телятина с грибами ""Муэр""",телятина с грибами муэр,телятина с грибами муэр,FOOD,READY_DISH,Теплые салаты,4,4,,,NEEDS_REVIEW,0.91
Телятина с перцем и баклажанами,телятина с перцем и баклажанами,телятина с перцем и баклажанами,FOOD,READY_DISH,Теплые салаты,4,4,,,NEEDS_REVIEW,0.91
Томленая говядина с картофельным пюре,томленая говядина с картофельным пюре,томленая говядина с картофельным пюре,FOOD,READY_DISH,Горячие блюда,4,4,,,NEEDS_REVIEW,0.91
Торт «Медовый»,торт медовый,торт медовый,FOOD,READY_DISH,Большие торты | Торты,4,2,,,NEEDS_REVIEW,0.75
Торт Маракуйя,торт маракуйя,торт маракуйя,FOOD,READY_DISH,"Кондитерские изделия, торты",4,4,,,NEEDS_REVIEW,0.91
Торт Трюфель,торт трюфель,торт трюфель,FOOD,READY_DISH,"Кондитерские изделия, торты",4,4,,,NEEDS_REVIEW,0.91
Треугольники курица и сыр,треугольники курица и сыр,треугольники курица и сыр,FOOD,PRODUCT,Самса и хачапури,4,4,,,NEEDS_REVIEW,0.91
"Фраппучино тары 0,3L",фраппучино тары 0 3l,фраппучино тары,FOOD,READY_DISH,Горячий кофе | Холодный кофе,4,3,,,NEEDS_REVIEW,1.0
Хлеб бездрожжевой пшенично-ржаной,хлеб бездрожжевой пшенично ржаной,хлеб бездрожжевой пшенично ржаной,FOOD,PRODUCT,Линия здоровых хлебов,4,4,,,NEEDS_REVIEW,0.84
Хлеб бездрожжевой пшеничный,хлеб бездрожжевой пшеничный,хлеб бездрожжевой пшеничный,FOOD,PRODUCT,Линия здоровых хлебов,4,4,,,NEEDS_REVIEW,0.84
Хлеб Гречишный,хлеб гречишный,хлеб гречишный,FOOD,PRODUCT,Хлебные изделия,4,4,,,NEEDS_REVIEW,0.8181818181818181
Хлеб ржаное чудо с сухофруктами и семенами тыквы,хлеб ржаное чудо с сухофруктами и семенами тыквы,хлеб ржаное чудо с сухофруктами и семенами тыквы,FOOD,PRODUCT,Линия здоровых хлебов,4,4,,,NEEDS_REVIEW,0.84
"Хлеб Ржаное чудо с сухофруктами, с грецким орехом и миндалем",хлеб ржаное чудо с сухофруктами с грецким орехом и миндалем,хлеб ржаное чудо с сухофруктами с грецким орехом и миндалем,FOOD,PRODUCT,Линия здоровых хлебов,4,4,,,NEEDS_REVIEW,0.84
"Хлеб Ржаное чудо с сухофруктами, с грецким орехом и фундуком",хлеб ржаное чудо с сухофруктами с грецким орехом и фундуком,хлеб ржаное чудо с сухофруктами с грецким орехом и фундуком,FOOD,PRODUCT,Линия здоровых хлебов,4,4,,,NEEDS_REVIEW,0.84
Хлеб Сливочный,хлеб сливочный,хлеб сливочный,FOOD,PRODUCT,Хлебные изделия,4,4,,,NEEDS_REVIEW,0.8181818181818181
Хлеб Финский зерновой,хлеб финский зерновой,хлеб финский зерновой,FOOD,PRODUCT,Линия здоровых хлебов,4,4,,,NEEDS_REVIEW,0.7619047619047619
Цельнозерновой хлеб с сухофруктами и орехами,цельнозерновой хлеб с сухофруктами и орехами,цельнозерновой хлеб с сухофруктами и орехами,FOOD,PRODUCT,Линия здоровых хлебов,4,4,,,NEEDS_REVIEW,0.84
Шашлычки из говядины с питой,шашлычки из говядины с питой,шашлычки из говядины с питой,FOOD,READY_DISH,Блюда на гриле,4,4,,,NEEDS_REVIEW,0.8
Щи зеленые,щи зеленые,щи зеленые,FOOD,READY_DISH,Супы,4,4,,,NEEDS_REVIEW,0.8235294117647058
Batch brew с гранатовым соком,batch brew с гранатовым соком,batch brew с гранатовым соком,FOOD,READY_DISH,Кофе,3,3,,,NEEDS_REVIEW,0.84
"SEN SOY Чипсы нори из морс капусты 4,5 г",sen soy чипсы нори из морс капусты 4 5 г,sen soy чипсы нори из морс капусты,FOOD,PRODUCT,Бакалея,3,1,,,NEEDS_REVIEW,1.0
Авокадо тост на солодовом хлебе с клюквой,авокадо тост на солодовом хлебе с клюквой,авокадо тост на солодовом хлебе с клюквой,FOOD,READY_DISH,ЗАВТРАКИ,3,3,,,NEEDS_REVIEW,0.91
Алмалы даршын бәліші-пирог яблочный с миндалем,алмалы даршын бәліші пирог яблочный с миндалем,алмалы даршын бәліші пирог яблочный с миндалем,FOOD,PRODUCT,Пироги,3,3,,,NEEDS_REVIEW,0.8
"Апельсиновый с облепихой 1,6L",апельсиновый с облепихой 1 6l,апельсиновый с облепихой,FOOD,READY_DISH,Чай,3,3,,,NEEDS_REVIEW,0.8571428571428571
"Апельсиновый чай с мятой 1,6L",апельсиновый чай с мятой 1 6l,апельсиновый чай с мятой,FOOD,READY_DISH,Чай,3,3,,,NEEDS_REVIEW,1.0
Батат фри,батат фри,батат фри,FOOD,READY_DISH,Закуски/Салаты,3,3,,,NEEDS_REVIEW,0.91
Бедро цыпленка с рисом басмати и овощами,бедро цыпленка с рисом басмати и овощами,бедро цыпленка с рисом басмати и овощами,FOOD,PRODUCT,Основное меню,3,3,,,NEEDS_REVIEW,0.84
Бенто Малина,бенто малина,бенто малина,FOOD,READY_DISH,Торты,3,3,,,NEEDS_REVIEW,0.91
Блины со сгущенкой и кедровым орехом,блины со сгущенкой и кедровым орехом,блины со сгущенкой и кедровым орехом,FOOD,READY_DISH,Сладкие завтраки,3,3,,,NEEDS_REVIEW,0.84
Буррата с томатами,буррата с томатами,буррата с томатами,FOOD,READY_DISH,Закуски | Салаты и закуски,3,3,,,NEEDS_REVIEW,0.91
Зеленая аджика,зеленая аджика,зеленая аджика,FOOD,PRODUCT,Соусы,3,3,,,NEEDS_REVIEW,0.91
Зеленая греча с соусом песто и пармезаном,зеленая греча с соусом песто и пармезаном,зеленая греча с соусом песто и пармезаном,FOOD,PRODUCT,ОСНОВНОЕ МЕНЮ,3,3,,,NEEDS_REVIEW,0.91
Зелёный Лун Цзинь,зеленый лун цзинь,зеленый лун цзинь,FOOD,READY_DISH,КИТАЙСКИЙ ЧАЙ,3,3,,,NEEDS_REVIEW,0.7777777777777777
Йогурт с гранолой,йогурт с гранолой,йогурт с гранолой,FOOD,READY_DISH,Пирожные,3,3,,,NEEDS_REVIEW,0.91
Картофельный драник с кониной,картофельный драник с кониной,картофельный драник с кониной,FOOD,READY_DISH,Сытные завтраки,3,3,,,NEEDS_REVIEW,0.75
Картофельный драник с лососем,картофельный драник с лососем,картофельный драник с лососем,FOOD,READY_DISH,Сытные завтраки,3,3,,,NEEDS_REVIEW,0.75
Каша овсяная,каша овсяная,каша овсяная,FOOD,READY_DISH,Завтраки | Каши:,3,3,,,NEEDS_REVIEW,0.8333333333333333
Котлета из судака с молодым картофелем,котлета из судака с молодым картофелем,котлета из судака с молодым картофелем,FOOD,PRODUCT,ОСНОВНОЕ МЕНЮ,3,3,,,NEEDS_REVIEW,0.84
Красный (чёрный) Цзинь Цзюнь Мэй,красный черный цзинь цзюнь мэй,красный черный цзинь цзюнь мэй,FOOD,READY_DISH,Китайский чай,3,3,,,NEEDS_REVIEW,0.7777777777777777
Куриные котлеты с картофельными ньокки,куриные котлеты с картофельными ньокки,куриные котлеты с картофельными ньокки,FOOD,PRODUCT,Основное меню,3,3,,,NEEDS_REVIEW,0.7777777777777777
Курица миланезе со сливочным Орзо,курица миланезе со сливочным орзо,курица миланезе со сливочным орзо,FOOD,PRODUCT,Основное меню,3,3,,,NEEDS_REVIEW,0.91
Мини буррата с помидорами,мини буррата с помидорами,мини буррата с помидорами,FOOD,READY_DISH,Закуски/Салаты,3,3,,,NEEDS_REVIEW,0.91
Мини пирог яблочный,мини пирог яблочный,мини пирог яблочный,FOOD,READY_DISH,Витрина,3,3,,,NEEDS_REVIEW,0.8
Мороженое,мороженое,мороженое,FOOD,READY_DISH,MINI MENU | Десерты,3,3,,,NEEDS_REVIEW,1.0
Облепиховый чай,облепиховый чай,облепиховый чай,FOOD,READY_DISH,Горячие напитки (Чай-Какао) | Фирменные чаи,3,3,,,NEEDS_REVIEW,1.0
Печенье курага-орех,печенье курага орех,печенье курага орех,FOOD,PRODUCT,Печенье,3,3,,,NEEDS_REVIEW,0.91
Салат Греческий,салат греческий,салат греческий,FOOD,READY_DISH,Салаты | Салаты и закуски,3,3,,,NEEDS_REVIEW,0.75
Салат с запечённой свеклой и муссом фета,салат с запеченной свеклой и муссом фета,салат с запеченной свеклой и муссом фета,FOOD,READY_DISH,Закуски/Салаты,3,3,,,NEEDS_REVIEW,1.0
Синнабон с грецким орехом,синнабон с грецким орехом,синнабон с грецким орехом,FOOD,READY_DISH,Выпечка,3,3,,,NEEDS_REVIEW,0.84
Скрэмбл с сулугуни и трюфелем,скрэмбл с сулугуни и трюфелем,скрэмбл с сулугуни и трюфелем,FOOD,READY_DISH,ЗАВТРАКИ,3,3,,,NEEDS_REVIEW,0.91
Спагетти в соусе наполи и страчателлой,спагетти в соусе наполи и страчателлой,спагетти в соусе наполи и страчателлой,FOOD,READY_DISH,Паста,3,3,,,NEEDS_REVIEW,0.91
"Спелый банан 0,3L",спелый банан 0 3l,спелый банан,FOOD,PRODUCT,Молочные коктейли,3,3,,,NEEDS_REVIEW,0.91
Стейк из конины,стейк из конины,стейк из конины,FOOD,READY_DISH,Горячее | Хоспер,3,3,,,NEEDS_REVIEW,0.8125
Тирамису Фундук,тирамису фундук,тирамису фундук,FOOD,READY_DISH,Торты,3,3,,,NEEDS_REVIEW,0.91
Тост с риетом из тунца и авокадо,тост с риетом из тунца и авокадо,тост с риетом из тунца и авокадо,FOOD,READY_DISH,Сытные завтраки,3,3,,,NEEDS_REVIEW,0.91
Удон с говядиной,удон с говядиной,удон с говядиной,FOOD,READY_DISH,Горячие блюда | Паназиатская кухня | Паста,3,3,,,NEEDS_REVIEW,1.0
Фетучини с курицей и грибами,фетучини с курицей и грибами,фетучини с курицей и грибами,FOOD,READY_DISH,Итальянская кухня,3,3,,,NEEDS_REVIEW,0.91
Французский омлет с сыром маасдам и взбитым маслом,французский омлет с сыром маасдам и взбитым маслом,французский омлет с сыром маасдам и взбитым маслом,FOOD,READY_DISH,ЗАВТРАКИ,3,3,,,NEEDS_REVIEW,0.91
"Фрапучино банан 0,4L",фрапучино банан 0 4l,фрапучино банан,FOOD,READY_DISH,Холодный кофе,3,3,,,NEEDS_REVIEW,0.91
Цитрусовый чай с Лун Цзинь,цитрусовый чай с лун цзинь,цитрусовый чай с лун цзинь,FOOD,PRODUCT,Авторские Чаи,3,3,,,NEEDS_REVIEW,1.0
"Чай глинтвейн 1,6L",чай глинтвейн 1 6l,чай глинтвейн,FOOD,READY_DISH,Чай,3,3,,,NEEDS_REVIEW,1.0
Чиа йогурт с домашней гранолой,чиа йогурт с домашней гранолой,чиа йогурт с домашней гранолой,FOOD,READY_DISH,Сладкие завтраки,3,3,,,NEEDS_REVIEW,0.91
Чиабатта с сыром чеддер и куриной грудкой,чиабатта с сыром чеддер и куриной грудкой,чиабатта с сыром чеддер и куриной грудкой,FOOD,READY_DISH,СЭНДВИЧИ,3,3,,,NEEDS_REVIEW,0.91
Чиабатта с томатами и куриной грудкой,чиабатта с томатами и куриной грудкой,чиабатта с томатами и куриной грудкой,FOOD,READY_DISH,СЭНДВИЧИ,3,3,,,NEEDS_REVIEW,0.84
Шашлык из куриного филе,шашлык из куриного филе,шашлык из куриного филе,FOOD,PRODUCT,Шашлыки,3,3,,,NEEDS_REVIEW,0.84
Шашлык из куриных крыльев,шашлык из куриных крыльев,шашлык из куриных крыльев,FOOD,READY_DISH,Фастфуд | Шашлыки,3,3,,,NEEDS_REVIEW,0.84
Шашлык из курицы,шашлык из курицы,шашлык из курицы,FOOD,READY_DISH,Горячее | Шашлыки | Шашлычки,3,3,,,NEEDS_REVIEW,0.7647058823529411
Шницель с салатом романо,шницель с салатом романо,шницель с салатом романо,FOOD,PRODUCT,ОСНОВНОЕ МЕНЮ,3,3,,,NEEDS_REVIEW,0.84
Шу малина,шу малина,шу малина,FOOD,READY_DISH,Пирожные,3,3,,,NEEDS_REVIEW,0.91
"Эко чай 1,6L",эко чай 1 6l,эко чай,FOOD,READY_DISH,Чай,3,3,,,NEEDS_REVIEW,1.0
Яблочный кекс,яблочный кекс,яблочный кекс,FOOD,READY_DISH,Пирожные,3,3,,,NEEDS_REVIEW,0.8148148148148148
Яйца по-турецки с лососем,яйца по турецки с лососем,яйца по турецки с лососем,FOOD,READY_DISH,Сытные завтраки,3,3,,,NEEDS_REVIEW,1.0
Яйцо бенедикт с жая,яйцо бенедикт с жая,яйцо бенедикт с жая,FOOD,READY_DISH,Сытные завтраки,3,3,,,NEEDS_REVIEW,1.0
Ice Latte Гранат 450мл,ice latte гранат 450мл,ice latte гранат,FOOD,READY_DISH,Сезонные напитки,2,2,,,NEEDS_REVIEW,0.91
авторский чай /500 мл,авторский чай 500 мл,авторский чай,FOOD,PRODUCT,БАР,2,2,,,NEEDS_REVIEW,1.0
Аджика из спелых томатов,аджика из спелых томатов,аджика из спелых томатов,FOOD,PRODUCT,Соусы,2,2,,,NEEDS_REVIEW,0.91
Апашкин чай,апашкин чай,апашкин чай,FOOD,PRODUCT,Фирменные чаи,2,2,,,NEEDS_REVIEW,1.0
Аткан Чай,аткан чай,аткан чай,FOOD,PRODUCT,Фирменные чаи,2,2,,,NEEDS_REVIEW,1.0
Байский чай,байский чай,байский чай,FOOD,PRODUCT,Фирменные чаи,2,2,,,NEEDS_REVIEW,1.0
говяжьи щечки,говяжьи щечки,говяжьи щечки,FOOD,READY_DISH,КУХНЯ,2,2,,,NEEDS_REVIEW,0.96
Горный,горный,горный,FOOD,READY_DISH,Чай,2,2,,,NEEDS_REVIEW,1.0
Дубайский пломбир,дубайский пломбир,дубайский пломбир,FOOD,READY_DISH,Десерты,2,2,,,NEEDS_REVIEW,0.88
"Йогурт 1,5% 0,3 ПЭТ",йогурт 1 5 0 3 пэт,йогурт 0 3 пэт,FOOD,PRODUCT,Товары,2,2,,,NEEDS_REVIEW,0.91
"Йогурт Immunivit 2,8%, 0,18л",йогурт immunivit 2 8 0 18л,йогурт immunivit,FOOD,PRODUCT,Товары,2,2,,,NEEDS_REVIEW,0.91
ЙОГУРТОВОЕ,йогуртовое,йогуртовое,FOOD,READY_DISH,НА БАНКЕТЫ | ПИРОЖНЫЕ,2,1,,,NEEDS_REVIEW,0.75
Каша гречневая,каша гречневая,каша гречневая,FOOD,READY_DISH,Завтраки | Каши:,2,2,,,NEEDS_REVIEW,0.8571428571428571
Каша Овсянная,каша овсянная,каша овсянная,FOOD,READY_DISH,Завтраки | Сладкие завтраки,2,2,,,NEEDS_REVIEW,0.8
"Кефир Живой 2,5%",кефир живой 2 5,кефир живой,FOOD,PRODUCT,Товары,2,2,,,NEEDS_REVIEW,0.91
"Кефир Живой 3,2%",кефир живой 3 2,кефир живой,FOOD,PRODUCT,Товары,2,2,,,NEEDS_REVIEW,0.91
Клубника замороженная 1кг,клубника замороженная 1кг,клубника замороженная,FOOD,PRODUCT,Замороженные ягоды | Сухофрукты,2,2,,,NEEDS_REVIEW,0.91
Копченый лосось,копченый лосось,копченый лосось,FOOD,READY_DISH,Острые суши | Суши,2,1,,,NEEDS_REVIEW,0.88
Котлеты гамбургерные говядина - 0.1,котлеты гамбургерные говядина 0 1,котлеты гамбургерные говядина 0 1,FOOD,PRODUCT,Говядина,2,2,,,NEEDS_REVIEW,0.91
Котлеты гамбургерные говядина - 0.15,котлеты гамбургерные говядина 0 15,котлеты гамбургерные говядина 0 15,FOOD,PRODUCT,Говядина,2,2,,,NEEDS_REVIEW,0.91
Крылышки BBQ,крылышки bbq,крылышки bbq,FOOD,READY_DISH,Салаты и закуски,2,2,,,NEEDS_REVIEW,0.8
куриные котлеты,куриные котлеты,куриные котлеты,FOOD,READY_DISH,КУХНЯ,2,2,,,NEEDS_REVIEW,0.7777777777777777
Куриные наггетсы,куриные наггетсы,куриные наггетсы,FOOD,READY_DISH,Закуски | Холодные закуски,2,2,,,NEEDS_REVIEW,0.7777777777777777
Курица в кисло-сладком соусе,курица в кисло сладком соусе,курица в кисло сладком соусе,FOOD,READY_DISH,Вторые блюда,2,2,,,NEEDS_REVIEW,0.91
Курица с кунжутом,курица с кунжутом,курица с кунжутом,FOOD,READY_DISH,Вторые блюда,2,2,,,NEEDS_REVIEW,0.91
Курочка в соусе терияки,курочка в соусе терияки,курочка в соусе терияки,FOOD,PRODUCT,Новинки в меню,2,2,,,NEEDS_REVIEW,0.84
Кырма Чай,кырма чай,кырма чай,FOOD,PRODUCT,Фирменные чаи,2,2,,,NEEDS_REVIEW,1.0
Махаббат чай,махаббат чай,махаббат чай,FOOD,PRODUCT,Фирменные чаи,2,2,,,NEEDS_REVIEW,1.0
Медовая дыня 450мл,медовая дыня 450мл,медовая дыня,FOOD,PRODUCT,Молочные коктейли,2,2,,,NEEDS_REVIEW,1.0
Морковный,морковный,морковный,FOOD,READY_DISH,Салаты | Торты по предзаказу,2,2,,,NEEDS_REVIEW,0.75
Национальный чай,национальный чай,национальный чай,FOOD,PRODUCT,Фирменные чаи,2,2,,,NEEDS_REVIEW,1.0
"Паста творожная Immunivit 9%, 0,1кг",паста творожная immunivit 9 0 1кг,паста творожная immunivit,FOOD,PRODUCT,Товары,2,2,,,NEEDS_REVIEW,0.75
Половина торта «Пломбир»,половина торта пломбир,половина торта пломбир,FOOD,READY_DISH,Половинки тортов,2,2,,,NEEDS_REVIEW,0.88
"Простокваша к\молочный продукт 3,5%, 0,38л",простокваша к молочный продукт 3 5 0 38л,простокваша к молочный продукт,FOOD,PRODUCT,Товары,2,2,,,NEEDS_REVIEW,0.91
Раф арахисовый урбеч 360мл,раф арахисовый урбеч 360мл,раф арахисовый урбеч,FOOD,READY_DISH,Фирменные напитки,2,2,,,NEEDS_REVIEW,0.91
Скумбрия х\к,скумбрия х к,скумбрия х к,FOOD,PRODUCT,Рыба | Солено-копченая рыба,2,2,,,NEEDS_REVIEW,0.91
"Сметана Immunivit 20%, 0,15кг",сметана immunivit 20 0 15кг,сметана immunivit,FOOD,PRODUCT,Товары,2,2,,,NEEDS_REVIEW,0.91
"Сметана Immunivit 20%, 0,38 кг",сметана immunivit 20 0 38 кг,сметана immunivit,FOOD,PRODUCT,Товары,2,2,,,NEEDS_REVIEW,0.91
Смородиновый чай,смородиновый чай,смородиновый чай,FOOD,PRODUCT,Фирменные чаи,2,2,,,NEEDS_REVIEW,1.0
Соус ореховый / красный,соус ореховый красный,соус ореховый красный,FOOD,READY_DISH,КУХНЯ,2,2,,,NEEDS_REVIEW,0.7777777777777777
Сырная лепешка /1шт,сырная лепешка 1шт,сырная лепешка,FOOD,READY_DISH,КУХНЯ,2,2,,,NEEDS_REVIEW,0.91
Тары шай 360мл,тары шай 360мл,тары шай,FOOD,READY_DISH,Горячие напитки,2,2,,,NEEDS_REVIEW,1.0
"Творог Immunivit 0%, 0,22кг",творог immunivit 0 0 22кг,творог immunivit,FOOD,PRODUCT,Товары,2,2,,,NEEDS_REVIEW,0.91
"Творог Immunivit 9%, 0,22кг",творог immunivit 9 0 22кг,творог immunivit,FOOD,PRODUCT,Товары,2,2,,,NEEDS_REVIEW,0.91
"Творог Immunivit зерновой 9%, 0,1кг",творог immunivit зерновой 9 0 1кг,творог immunivit зерновой,FOOD,PRODUCT,Товары,2,2,,,NEEDS_REVIEW,0.91
Ти-бон стейк (говядина) - 0.5,ти бон стейк говядина 0 5,ти бон стейк говядина 0 5,FOOD,PRODUCT,Говядина,2,2,,,NEEDS_REVIEW,0.91
Торт «Пломбир»,торт пломбир,торт пломбир,FOOD,READY_DISH,Торты,2,2,,,NEEDS_REVIEW,0.88
Фирменный чай NAVAT,фирменный чай navat,фирменный чай navat,FOOD,PRODUCT,Фирменные чаи,2,2,,,NEEDS_REVIEW,1.0
фреш паста карбонара (с пастрами из говядины),фреш паста карбонара с пастрами из говядины,фреш паста карбонара с пастрами из говядины,FOOD,READY_DISH,КУХНЯ,2,2,,,NEEDS_REVIEW,0.8
Фруктовый Чай,фруктовый чай,фруктовый чай,FOOD,PRODUCT,Фирменные чаи,2,2,,,NEEDS_REVIEW,0.84
Фунчоза с говядиной,фунчоза с говядиной,фунчоза с говядиной,FOOD,READY_DISH,Салаты,2,2,,,NEEDS_REVIEW,0.91
Ханский чай,ханский чай,ханский чай,FOOD,PRODUCT,Фирменные чаи,2,2,,,NEEDS_REVIEW,1.0
Чай клубника-малина-мята 360мл,чай клубника малина мята 360мл,чай клубника малина мята,FOOD,READY_DISH,Горячие напитки,2,2,,,NEEDS_REVIEW,0.91
Чай сенча с мятой и чабрецом 360мл,чай сенча с мятой и чабрецом 360мл,чай сенча с мятой и чабрецом,FOOD,READY_DISH,Горячие напитки,2,2,,,NEEDS_REVIEW,1.0
ШАРЛИН,шарлин,шарлин,FOOD,READY_DISH,НА БАНКЕТЫ | ПИРОЖНЫЕ,2,1,,,NEEDS_REVIEW,0.8333333333333333
Шоколадный трюфель,шоколадный трюфель,шоколадный трюфель,FOOD,READY_DISH,Десерты,2,2,,,NEEDS_REVIEW,0.91
Ягодный микс,ягодный микс,ягодный микс,FOOD,READY_DISH,Лимонады | Лимонады 1л,2,2,,,NEEDS_REVIEW,0.8333333333333333
Ягодный чай,ягодный чай,ягодный чай,FOOD,READY_DISH,Горячие напитки (Чай-Какао) | Чайная карта,2,2,,,NEEDS_REVIEW,1.0
Яйцо,яйцо,яйцо,FOOD,READY_DISH,КУХНЯ,2,2,,,NEEDS_REVIEW,0.75
Яйцо /1 шт,яйцо 1 шт,яйцо,FOOD,READY_DISH,КУХНЯ,2,2,,,NEEDS_REVIEW,0.75
Банан салмасы бар ақуыз орамасы | Меренговый рулет с банановой начинкой,банан салмасы бар ақуыз орамасы меренговый рулет с банановой начинкой,банан салмасы бар ақуыз орамасы меренговый рулет с банановой начинкой,AMBIGUOUS,PRODUCT,Рулет,8,8,,,NEEDS_REVIEW,0.91
Манго-маракуйя,манго маракуйя,манго маракуйя,AMBIGUOUS,READY_DISH,Лимонады | Лимонады 1л | Лимонады: | Фирменные чаи,7,7,,,NEEDS_REVIEW,0.91
Сүт / Молоко (50мл.),сүт молоко 50мл,сүт молоко,AMBIGUOUS,PRODUCT,Чаи | Шай,7,7,,,NEEDS_REVIEW,1.0
Жасмин,жасмин,жасмин,AMBIGUOUS,READY_DISH,Листовые чаи | Чай,6,6,,,NEEDS_REVIEW,1.0
"Чипсы из морской капусты, 4,5 г",чипсы из морской капусты 4 5 г,чипсы из морской капусты,AMBIGUOUS,PRODUCT,Еда | Популярное,6,3,,,NEEDS_REVIEW,0.84
Ананас черника 1000 ml,ананас черника 1000 ml,ананас черника,AMBIGUOUS,READY_DISH,Лимонады,5,5,,,NEEDS_REVIEW,0.91
Ананас черника 400 ml,ананас черника 400 ml,ананас черника,AMBIGUOUS,READY_DISH,Лимонады,5,5,,,NEEDS_REVIEW,0.91
Апельсин с облепихой,апельсин с облепихой,апельсин с облепихой,AMBIGUOUS,PRODUCT,Глинтвейн,5,5,,,NEEDS_REVIEW,0.91
Грейпфрутовый,грейпфрутовый,грейпфрутовый,AMBIGUOUS,READY_DISH,Фреши,5,5,,,NEEDS_REVIEW,0.8181818181818181
"Груша мята 0,4",груша мята 0 4,груша мята 0 4,AMBIGUOUS,PRODUCT,Авторские чаи,5,5,,,NEEDS_REVIEW,0.91
"Груша мята 0,9",груша мята 0 9,груша мята 0 9,AMBIGUOUS,PRODUCT,Авторские чаи,5,5,,,NEEDS_REVIEW,0.91
Жасмин яблоко,жасмин яблоко,жасмин яблоко,AMBIGUOUS,PRODUCT,Ice Tea,5,5,,,NEEDS_REVIEW,0.91
Зеленый,зеленый,зеленый,AMBIGUOUS,PRODUCT,Смузи,5,5,,,NEEDS_REVIEW,1.0
Киви яблоко 1000 ml,киви яблоко 1000 ml,киви яблоко,AMBIGUOUS,READY_DISH,Лимонады,5,5,,,NEEDS_REVIEW,0.91
Киви яблоко 400 ml,киви яблоко 400 ml,киви яблоко,AMBIGUOUS,READY_DISH,Лимонады,5,5,,,NEEDS_REVIEW,0.91
Куриные нагетсы,куриные нагетсы,куриные нагетсы,AMBIGUOUS,PRODUCT,Детское меню | Прочее,5,5,,,NEEDS_REVIEW,0.7777777777777777
Малина банан,малина банан,малина банан,AMBIGUOUS,PRODUCT,Смузи,5,5,,,NEEDS_REVIEW,0.91
"Малина имбирь 0,4",малина имбирь 0 4,малина имбирь 0 4,AMBIGUOUS,PRODUCT,Авторские чаи,5,5,,,NEEDS_REVIEW,0.91
"Малина имбирь 0,9",малина имбирь 0 9,малина имбирь 0 9,AMBIGUOUS,PRODUCT,Авторские чаи,5,5,,,NEEDS_REVIEW,0.91
Манго груша,манго груша,манго груша,AMBIGUOUS,PRODUCT,Ice Tea,5,5,,,NEEDS_REVIEW,0.91
Манго чиа,манго чиа,манго чиа,AMBIGUOUS,PRODUCT,Смузи,5,5,,,NEEDS_REVIEW,0.91
Манго-маракуйя 1000 ml,манго маракуйя 1000 ml,манго маракуйя,AMBIGUOUS,READY_DISH,Лимонады,5,5,,,NEEDS_REVIEW,0.91
Манго-маракуйя 400 ml,манго маракуйя 400 ml,манго маракуйя,AMBIGUOUS,READY_DISH,Лимонады,5,5,,,NEEDS_REVIEW,0.91
Персиковый,персиковый,персиковый,AMBIGUOUS,PRODUCT,Ice Tea,5,5,,,NEEDS_REVIEW,0.75
Черника банан,черника банан,черника банан,AMBIGUOUS,PRODUCT,Смузи,5,5,,,NEEDS_REVIEW,0.91
Яблочный,яблочный,яблочный,AMBIGUOUS,PRODUCT,Глинтвейн,5,5,,,NEEDS_REVIEW,1.0
Дорадо по-восточному,дорадо по восточному,дорадо по восточному,AMBIGUOUS,READY_DISH,Вторые блюда,4,4,,,NEEDS_REVIEW,0.91
Куриные бедра фаршированные,куриные бедра фаршированные,куриные бедра фаршированные,AMBIGUOUS,PRODUCT,Прочее,4,4,,,NEEDS_REVIEW,0.84
Облепиха-апельсин,облепиха апельсин,облепиха апельсин,AMBIGUOUS,READY_DISH,Авторсике чаи | Авторский чай,4,4,,,NEEDS_REVIEW,0.91
Печенье Кокосовое,печенье кокосовое,печенье кокосовое,AMBIGUOUS,PRODUCT,Печенье,4,4,,,NEEDS_REVIEW,0.75
Рибай на кости (300 гр.),рибай на кости 300 гр,рибай на кости,AMBIGUOUS,READY_DISH,Блюда на гриле,4,4,,,NEEDS_REVIEW,0.7741935483870968
"Смузи манго-имбирь 0,3L",смузи манго имбирь 0 3l,смузи манго имбирь,AMBIGUOUS,PRODUCT,Смузи,4,3,,,NEEDS_REVIEW,0.88
Сухари Гренки,сухари гренки,сухари гренки,AMBIGUOUS,PRODUCT,Сухарные изделия,4,4,,,NEEDS_REVIEW,0.91
"Сухари панировочные 0,350",сухари панировочные 0 350,сухари панировочные 0 350,AMBIGUOUS,PRODUCT,Сухарные изделия,4,4,,,NEEDS_REVIEW,0.91
Сухари панировочные 1 кг,сухари панировочные 1 кг,сухари панировочные,AMBIGUOUS,PRODUCT,Сухарные изделия,4,4,,,NEEDS_REVIEW,0.91
Сухарики со вкусом Красной икры,сухарики со вкусом красной икры,сухарики со вкусом красной икры,AMBIGUOUS,PRODUCT,Сухарные изделия,4,4,,,NEEDS_REVIEW,0.84
Тесто для лагмана,тесто для лагмана,тесто для лагмана,AMBIGUOUS,PRODUCT,Тесто,4,4,,,NEEDS_REVIEW,0.7567567567567568
Тесто на бешбармак,тесто на бешбармак,тесто на бешбармак,AMBIGUOUS,PRODUCT,Тесто,4,4,,,NEEDS_REVIEW,0.8571428571428571
Ти-бон стейк с молодым картофелем (300 гр.),ти бон стейк с молодым картофелем 300 гр,ти бон стейк с молодым картофелем,AMBIGUOUS,READY_DISH,Блюда на гриле,4,4,,,NEEDS_REVIEW,0.84
Альтернативное молоко,альтернативное молоко,альтернативное молоко,AMBIGUOUS,PRODUCT,БАР | Дополнительно,3,3,,,NEEDS_REVIEW,1.0
безлактозное молоко,безлактозное молоко,безлактозное молоко,AMBIGUOUS,PRODUCT,БАР | Допы и Альтернатива,3,3,,,NEEDS_REVIEW,0.84
Боул JULIUS с куриной грудкой,боул julius с куриной грудкой,боул julius с куриной грудкой,AMBIGUOUS,PRODUCT,ОСНОВНОЕ МЕНЮ,3,3,,,NEEDS_REVIEW,0.84
Боул с Киноа,боул с киноа,боул с киноа,AMBIGUOUS,PRODUCT,SPECIAL,3,3,,,NEEDS_REVIEW,0.91
Брауни-Банан,брауни банан,брауни банан,AMBIGUOUS,READY_DISH,Витрина,3,3,,,NEEDS_REVIEW,0.91
"Вода Bonaqua 0,5L",вода bonaqua 0 5l,вода bonaqua,AMBIGUOUS,PRODUCT,Вода-соки,3,3,,,NEEDS_REVIEW,1.0
Зеленый боул,зеленый боул,зеленый боул,AMBIGUOUS,PRODUCT,Здоровое питание,3,3,,,NEEDS_REVIEW,0.782608695652174
Картофель по домашнему,картофель по домашнему,картофель по домашнему,AMBIGUOUS,READY_DISH,Гарниры | Горячее,3,3,,,NEEDS_REVIEW,0.91
Картошка BAL,картошка bal,картошка bal,AMBIGUOUS,READY_DISH,Витрина,3,3,,,NEEDS_REVIEW,0.88
Кунжутное печенье,кунжутное печенье,кунжутное печенье,AMBIGUOUS,PRODUCT,Печенье,3,3,,,NEEDS_REVIEW,0.75
Лосось с картофелем и брокколи,лосось с картофелем и брокколи,лосось с картофелем и брокколи,AMBIGUOUS,PRODUCT,Основное меню,3,3,,,NEEDS_REVIEW,0.91
Мадлен (нутелла/малина),мадлен нутелла малина,мадлен нутелла малина,AMBIGUOUS,READY_DISH,Витрина,3,3,,,NEEDS_REVIEW,0.91
Малина-мята,малина мята,малина мята,AMBIGUOUS,PRODUCT,Авторсике чаи,3,3,,,NEEDS_REVIEW,0.91
"Смузи груша-руккола 0,3L",смузи груша руккола 0 3l,смузи груша руккола,AMBIGUOUS,PRODUCT,Смузи,3,3,,,NEEDS_REVIEW,0.91
"Смузи малина-груша 0,3L",смузи малина груша 0 3l,смузи малина груша,AMBIGUOUS,PRODUCT,Смузи,3,3,,,NEEDS_REVIEW,0.91
"Смузи манго ананас 0,4L",смузи манго ананас 0 4l,смузи манго ананас,AMBIGUOUS,PRODUCT,Смузи,3,3,,,NEEDS_REVIEW,0.91
"Смузи манго клубника 0,4L",смузи манго клубника 0 4l,смузи манго клубника,AMBIGUOUS,PRODUCT,Смузи,3,3,,,NEEDS_REVIEW,0.91
"Смузи шпинат-сельдерей 0,3L",смузи шпинат сельдерей 0 3l,смузи шпинат сельдерей,AMBIGUOUS,PRODUCT,Смузи,3,3,,,NEEDS_REVIEW,0.91
Стейк из утки,стейк из утки,стейк из утки,AMBIGUOUS,READY_DISH,Горячее | Хоспер,3,3,,,NEEDS_REVIEW,0.8461538461538461
творожная запеканка,творожная запеканка,творожная запеканка,AMBIGUOUS,READY_DISH,Десерты | КУХНЯ,3,3,,,NEEDS_REVIEW,0.75
Тефтели,тефтели,тефтели,FOOD,READY_DISH,Блюда | Замороженная продукция | Котлеты | Полуфабрикаты,9,8,,,UNRESOLVED,0.0
Чебуреки с фаршем,чебуреки с фаршем,чебуреки с фаршем,FOOD,READY_DISH,Полуфабрикаты | Фастфуд,9,5,,,UNRESOLVED,0.0
«Бал» торты | Торт «Медовый»,бал торты торт медовый,бал торты торт медовый,FOOD,READY_DISH,Торт,8,8,,,UNRESOLVED,0.0
«Вупи пай» торты | Торт «Вупи пай»,вупи пай торты торт вупи пай,вупи пай торты торт вупи пай,FOOD,READY_DISH,Торт,8,8,,,UNRESOLVED,0.0
«Карамель қыз» торты | Торт «Карамельная девочка»,карамель қыз торты торт карамельная девочка,карамель қыз торты торт карамельная девочка,FOOD,READY_DISH,Торт,8,8,,,UNRESOLVED,0.0
«Классикалық тирамису» торты | Торт «Тирамису классический»,классикалық тирамису торты торт тирамису классический,классикалық тирамису торты торт тирамису классический,FOOD,READY_DISH,Торт,8,8,,,UNRESOLVED,0.0
«Орео» торты | Торт «Орео»,орео торты торт орео,орео торты торт орео,FOOD,READY_DISH,Торт,8,8,,,UNRESOLVED,0.0
«Қаражидек» торты | Торт «Черничный»,қаражидек торты торт черничный,қаражидек торты торт черничный,FOOD,READY_DISH,Торт,8,8,,,UNRESOLVED,0.0
Алмалы қаттама | Слоенка с яблоком,алмалы қаттама слоенка с яблоком,алмалы қаттама слоенка с яблоком,FOOD,READY_DISH,Выпечка | Нан өнімдері,8,8,,,UNRESOLVED,0.0
Антрекот стейк,антрекот стейк,антрекот стейк,FOOD,PRODUCT,Говядина,8,2,,,UNRESOLVED,0.0
Бананды кекс | Кекс банановый,бананды кекс кекс банановый,бананды кекс кекс банановый,FOOD,PRODUCT,Бәліш | Пирог,8,8,,,UNRESOLVED,0.0
Баннофи-пай | Баннофи-пай,баннофи пай баннофи пай,баннофи пай баннофи пай,FOOD,PRODUCT,Бәліш | Пирог,8,8,,,UNRESOLVED,0.0
Бауырсақ | Бауырсак (500 гр),бауырсақ бауырсак 500 гр,бауырсақ бауырсак,FOOD,PRODUCT,Нан өнімдері | Хлебобулочные изделия,8,8,,,UNRESOLVED,0.0
Бенто торт шоколадты-шие | шоколадно-вишневый,бенто торт шоколадты шие шоколадно вишневый,бенто торт шоколадты шие шоколадно вишневый,FOOD,READY_DISH,Бенто торт,8,8,,,UNRESOLVED,0.0
Ванильді эклер | Ванильный эклер,ванильді эклер ванильный эклер,ванильді эклер ванильный эклер,FOOD,READY_DISH,Пирожное | Тәттілер,8,8,,,UNRESOLVED,0.0
Вареники,вареники,вареники,FOOD,PRODUCT,Детское меню | Полуфабрикаты,8,8,,,UNRESOLVED,0.0
Ет қосылған бәліш | Мясной пирог,ет қосылған бәліш мясной пирог,ет қосылған бәліш мясной пирог,FOOD,PRODUCT,Бәліш | Пирог,8,8,,,UNRESOLVED,0.0
Жаңғақты мини-тарт | Мини-тарт с орехом,жаңғақты мини тарт мини тарт с орехом,жаңғақты мини тарт мини тарт с орехом,FOOD,READY_DISH,Пирожное | Тәттілер,8,8,,,UNRESOLVED,0.0
Көкнәр қосылған тоқаш | Булочка с маком,көкнәр қосылған тоқаш булочка с маком,көкнәр қосылған тоқаш булочка с маком,FOOD,READY_DISH,Выпечка | Нан өнімдері,8,8,,,UNRESOLVED,0.0
Муравейник,муравейник,муравейник,FOOD,READY_DISH,"Витрина | Десерты | Кондитерские изделия, торты",8,8,,,UNRESOLVED,0.0
Орман жаңғақты шу | Шу фундучный,орман жаңғақты шу шу фундучный,орман жаңғақты шу шу фундучный,FOOD,READY_DISH,Пирожное | Тәттілер,8,8,,,UNRESOLVED,0.0
Пирог «Кара кыз» | «Қара қыз» бәліші,пирог кара кыз қара қыз бәліші,пирог кара кыз қара қыз бәліші,FOOD,PRODUCT,Бәліш | Пирог,8,8,,,UNRESOLVED,0.0
Пирог творожно-ягодный | Сүзбе-жидек бәліші,пирог творожно ягодный сүзбе жидек бәліші,пирог творожно ягодный сүзбе жидек бәліші,FOOD,PRODUCT,Бәліш | Пирог,8,8,,,UNRESOLVED,0.0
Пирог творожный | Сүзбе бәліші,пирог творожный сүзбе бәліші,пирог творожный сүзбе бәліші,FOOD,PRODUCT,Бәліш | Пирог,8,8,,,UNRESOLVED,0.0
Пісте шуы | Фисташковое шу,пісте шуы фисташковое шу,пісте шуы фисташковое шу,FOOD,READY_DISH,Пирожное | Тәттілер,8,8,,,UNRESOLVED,0.0
Сникерс трайфл,сникерс трайфл,сникерс трайфл,FOOD,READY_DISH,Пирожное | Тәттілер,8,8,,,UNRESOLVED,0.0
Сырные палочки,сырные палочки,сырные палочки,FOOD,READY_DISH,Детское меню | Закуски | Закуски к пиву | Прочее,8,8,,,UNRESOLVED,0.0
Сүзбе қосылған тоқаш | Булочка с творогом,сүзбе қосылған тоқаш булочка с творогом,сүзбе қосылған тоқаш булочка с творогом,FOOD,READY_DISH,Выпечка | Нан өнімдері,8,8,,,UNRESOLVED,0.0
Сүзбелі дөңгелек тоқаш | Творожное кольцо,сүзбелі дөңгелек тоқаш творожное кольцо,сүзбелі дөңгелек тоқаш творожное кольцо,FOOD,READY_DISH,Пирожное | Тәттілер,8,8,,,UNRESOLVED,0.0
Сүзбелі нан | Ватрушка с творогом,сүзбелі нан ватрушка с творогом,сүзбелі нан ватрушка с творогом,FOOD,READY_DISH,Выпечка | Нан өнімдері,8,8,,,UNRESOLVED,0.0
Сүзбелі печенье | Печенье с творогом,сүзбелі печенье печенье с творогом,сүзбелі печенье печенье с творогом,FOOD,PRODUCT,Печенье,8,8,,,UNRESOLVED,0.0
Сүзбелі қаттама | Слоенка с творогом,сүзбелі қаттама слоенка с творогом,сүзбелі қаттама слоенка с творогом,FOOD,READY_DISH,Выпечка | Нан өнімдері,8,8,,,UNRESOLVED,0.0
Тауық еті қосылған бәліш | Куриный пирог,тауық еті қосылған бәліш куриный пирог,тауық еті қосылған бәліш куриный пирог,FOOD,PRODUCT,Бәліш | Пирог,8,8,,,UNRESOLVED,0.0
Тирамису трайфл,тирамису трайфл,тирамису трайфл,FOOD,READY_DISH,Пирожное | Тәттілер,8,8,,,UNRESOLVED,0.0
Фин бәліші | Финский пирог,фин бәліші финский пирог,фин бәліші финский пирог,FOOD,PRODUCT,Бәліш | Пирог,8,8,,,UNRESOLVED,0.0
Флэт Уайт,флэт уайт,флэт уайт,FOOD,READY_DISH,Горячие кофейные напитки | Кофе,8,8,,,UNRESOLVED,0.0
Фраппучино,фраппучино,фраппучино,FOOD,READY_DISH,Ice Кофе | КОКТЕЙЛЬ | Остальное | Холодный кофе:,8,8,,,UNRESOLVED,0.0
Хлебная корзина,хлебная корзина,хлебная корзина,FOOD,READY_DISH,Выпечка | Закуски/Салаты | Хлеба,8,8,,,UNRESOLVED,0.0
Черничный пирог | Қаражидек бәліші,черничный пирог қаражидек бәліші,черничный пирог қаражидек бәліші,FOOD,PRODUCT,Бәліш | Пирог,8,8,,,UNRESOLVED,0.0
Шоколадты торт | Шоколадный торт,шоколадты торт шоколадный торт,шоколадты торт шоколадный торт,FOOD,READY_DISH,Торт,8,8,,,UNRESOLVED,0.0
Шоколадты эклер | Шоколадный эклер,шоколадты эклер шоколадный эклер,шоколадты эклер шоколадный эклер,FOOD,READY_DISH,Пирожное | Тәттілер,8,8,,,UNRESOLVED,0.0
Шпинатты торт | Шпинатный торт,шпинатты торт шпинатный торт,шпинатты торт шпинатный торт,FOOD,READY_DISH,Торт,8,8,,,UNRESOLVED,0.0
Шу,шу,шу,FOOD,READY_DISH,Пирожное | Тәттілер,8,8,,,UNRESOLVED,0.0
Эскимо,эскимо,эскимо,FOOD,READY_DISH,Пирожное | Тәттілер,8,8,,,UNRESOLVED,0.0
Қою сүтті рогалик | Рогалик со сгущенкой,қою сүтті рогалик рогалик со сгущенкой,қою сүтті рогалик рогалик со сгущенкой,FOOD,READY_DISH,Выпечка | Нан өнімдері,8,8,,,UNRESOLVED,0.0
Құлпынайлы мини-тарт | Мини-тарт с клубникой,құлпынайлы мини тарт мини тарт с клубникой,құлпынайлы мини тарт мини тарт с клубникой,FOOD,READY_DISH,Пирожное | Тәттілер,8,8,,,UNRESOLVED,0.0
Ұлу пішінді тоқаш | Булочка Улитка,ұлу пішінді тоқаш булочка улитка,ұлу пішінді тоқаш булочка улитка,FOOD,READY_DISH,Выпечка | Нан өнімдері,8,8,,,UNRESOLVED,0.0
БИСКВИТ МЕДВЕЖОНОК БАРНИ,бисквит медвежонок барни,бисквит медвежонок барни,FOOD,PRODUCT,кондитерские изделия,7,7,,,UNRESOLVED,0.0
Меренговый рулет,меренговый рулет,меренговый рулет,FOOD,READY_DISH,Десерты | Торты по предзаказу,7,7,,,UNRESOLVED,0.0
Наггетсы,наггетсы,наггетсы,FOOD,READY_DISH,Закуски | Замороженная продукция | Фастфуд,7,7,,,UNRESOLVED,0.0
Орео шейк 450 мл,орео шейк 450 мл,орео шейк,FOOD,PRODUCT,Молочные коктейли | Сүтті коктейль,7,7,,,UNRESOLVED,0.0
Пирог Восточный,пирог восточный,пирог восточный,FOOD,READY_DISH,"Витрина | Кондитерские изделия, торты",7,7,,,UNRESOLVED,0.0
Блинчики с мясом,блинчики с мясом,блинчики с мясом,FOOD,READY_DISH,Выпечка | Завтраки,6,5,,,UNRESOLVED,0.0
Блинчики с творогом,блинчики с творогом,блинчики с творогом,FOOD,READY_DISH,Выпечка | Завтраки,6,5,,,UNRESOLVED,0.0
Ванильный милкшейк,ванильный милкшейк,ванильный милкшейк,FOOD,PRODUCT,Молочные коктейли | Молочные коктейли:,6,6,,,UNRESOLVED,0.0
Вареники с вишней,вареники с вишней,вареники с вишней,FOOD,PRODUCT,Вареники | Замороженная продукция | Полуфабрикаты,6,6,,,UNRESOLVED,0.0
Винегрет,винегрет,винегрет,FOOD,READY_DISH,Закуски | Салаты,6,6,,,UNRESOLVED,0.0
Графские развалины,графские развалины,графские развалины,FOOD,READY_DISH,Пирожные | ТОРТЫ масовочные | Торты по предзаказу,6,6,,,UNRESOLVED,0.0
Картофельные дольки,картофельные дольки,картофельные дольки,FOOD,READY_DISH,Гарниры | Дополнительное | Закуски,6,6,,,UNRESOLVED,0.0
Клубничный милкшейк,клубничный милкшейк,клубничный милкшейк,FOOD,PRODUCT,Молочные коктейли | Молочные коктейли:,6,6,,,UNRESOLVED,0.0
Куриный пирог,куриный пирог,куриный пирог,FOOD,READY_DISH,Витрина | Пироги,6,6,,,UNRESOLVED,0.0
Оливье,оливье,оливье,FOOD,READY_DISH,Салаты,6,6,,,UNRESOLVED,0.0
Оссобуко,оссобуко,оссобуко,FOOD,PRODUCT,Говядина,6,2,,,UNRESOLVED,0.0
Суп лапша,суп лапша,суп лапша,FOOD,READY_DISH,Супы,6,6,,,UNRESOLVED,0.0
Торт Прага,торт прага,торт прага,FOOD,READY_DISH,"Кондитерские изделия, торты | Торты",6,6,,,UNRESOLVED,0.0
"Хлебцы хрустящие с отрубями, Секрет здоровья, 130 г",хлебцы хрустящие с отрубями секрет здоровья 130 г,хлебцы хрустящие с отрубями секрет здоровья,FOOD,PRODUCT,Еда | Популярное,6,3,,,UNRESOLVED,0.0
чечевичный крем-суп,чечевичный крем суп,чечевичный крем суп,FOOD,READY_DISH,КУХНЯ | Супы,6,6,,,UNRESOLVED,0.0
Bumble кофе,bumble кофе,bumble кофе,FOOD,READY_DISH,Ice Кофе,5,5,,,UNRESOLVED,0.0
Ice americano,ice americano,ice americano,FOOD,READY_DISH,Ice Кофе,5,5,,,UNRESOLVED,0.0
Ice cream-Cola,ice cream cola,ice cream cola,FOOD,READY_DISH,Ice Кофе,5,5,,,UNRESOLVED,0.0
Oreo милкшейк,oreo милкшейк,oreo милкшейк,FOOD,PRODUCT,Молочные коктейли,5,5,,,UNRESOLVED,0.0
Ачичук,ачичук,ачичук,FOOD,READY_DISH,Салаты,5,5,,,UNRESOLVED,0.0
Бариста сет,бариста сет,бариста сет,FOOD,PRODUCT,БАР | Бариста сет,5,5,,,UNRESOLVED,0.0
Боул с курицей,боул с курицей,боул с курицей,FOOD,READY_DISH,Боулы | Горячие блюда,5,5,,,UNRESOLVED,0.0
Буратта с томатами,буратта с томатами,буратта с томатами,FOOD,READY_DISH,Новинки в меню | Салаты,5,5,,,UNRESOLVED,0.0
Вареники с творогом сладкие,вареники с творогом сладкие,вареники с творогом сладкие,FOOD,PRODUCT,Вареники | Замороженная продукция,5,5,,,UNRESOLVED,0.0
Ватрушка с творогом,ватрушка с творогом,ватрушка с творогом,FOOD,READY_DISH,Витрина | Десерты | ПИРОЖНЫЕ,5,5,,,UNRESOLVED,0.0
Восточный пирог,восточный пирог,восточный пирог,FOOD,PRODUCT,Пироги,5,5,,,UNRESOLVED,0.0
Доппио,доппио,доппио,FOOD,READY_DISH,Кофе,5,5,,,UNRESOLVED,0.0
Дубайский,дубайский,дубайский,FOOD,READY_DISH,Целые торты,5,5,,,UNRESOLVED,0.0
Кекс Столичный,кекс столичный,кекс столичный,FOOD,READY_DISH,"Кондитерские изделия, торты | ПИРОЖНЫЕ",5,5,,,UNRESOLVED,0.0
Колд-брю цитрус 330 мл,колд брю цитрус 330 мл,колд брю цитрус,FOOD,READY_DISH,Ice Кофе,5,5,,,UNRESOLVED,0.0
Кукис,кукис,кукис,FOOD,READY_DISH,Десерты,5,5,,,UNRESOLVED,0.0
Манты говяжьи,манты говяжьи,манты говяжьи,FOOD,PRODUCT,Полуфабрикаты,5,5,,,UNRESOLVED,0.0
Манты с говядиной,манты с говядиной,манты с говядиной,FOOD,READY_DISH,Восточная кухня | Манты,5,5,,,UNRESOLVED,0.0
Матча-тоник с пюре малины,матча тоник с пюре малины,матча тоник с пюре малины,FOOD,READY_DISH,Ice Кофе,5,5,,,UNRESOLVED,0.0
Маффин,маффин,маффин,FOOD,READY_DISH,Десерты,5,5,,,UNRESOLVED,0.0
Моккачино,моккачино,моккачино,FOOD,READY_DISH,Сладкий кофе,5,5,,,UNRESOLVED,0.0
Овощи На Гриле,овощи на гриле,овощи на гриле,FOOD,READY_DISH,Гарниры,5,5,,,UNRESOLVED,0.0
Пирог с курицей,пирог с курицей,пирог с курицей,FOOD,PRODUCT,Кулинария | Кулинарные изделия,5,5,,,UNRESOLVED,0.0
Плов Праздничный,плов праздничный,плов праздничный,FOOD,READY_DISH,Восточная кухня | Вторые блюда,5,5,,,UNRESOLVED,0.0
Профитроли,профитроли,профитроли,FOOD,READY_DISH,Витрина | Десерты | Мини десерты,5,5,,,UNRESOLVED,0.0
Пуровер V 60,пуровер v 60,пуровер v 60,FOOD,READY_DISH,Кофе,5,5,,,UNRESOLVED,0.0
Салат Мергенчи,салат мергенчи,салат мергенчи,FOOD,READY_DISH,Салаты,5,4,,,UNRESOLVED,0.0
Салат с баклажанами,салат с баклажанами,салат с баклажанами,FOOD,READY_DISH,Закуски/Салаты | Салаты и закуски,5,5,,,UNRESOLVED,0.0
Салат с тунцом,салат с тунцом,салат с тунцом,FOOD,READY_DISH,Салаты,5,5,,,UNRESOLVED,0.0
Салат Цезарь,салат цезарь,салат цезарь,FOOD,READY_DISH,Салаты | Салаты и закуски,5,5,,,UNRESOLVED,0.0
"Флэт уайт 0,2",флэт уайт 0 2,флэт уайт 0 2,FOOD,READY_DISH,Кофе,5,5,,,UNRESOLVED,0.0
Хачапури по-аджарски,хачапури по аджарски,хачапури по аджарски,FOOD,READY_DISH,Выпечка | Грузинская кухня | ХАЧАПУРИ,5,5,,,UNRESOLVED,0.0
Чебуреки с мясом и джусаем,чебуреки с мясом и джусаем,чебуреки с мясом и джусаем,FOOD,PRODUCT,Полуфабрикаты,5,5,,,UNRESOLVED,0.0
Яичница глазунья,яичница глазунья,яичница глазунья,FOOD,READY_DISH,Завтраки,5,4,,,UNRESOLVED,0.0
1кг,1кг,,FOOD,PRODUCT,Вареники | Манты с тыквой | Пельмени | Хинкали,4,1,,,UNRESOLVED,0.0
Sweet chilli,sweet chilli,sweet chilli,FOOD,PRODUCT,Соусы,4,4,,,UNRESOLVED,0.0
Алматинский Завтрак,алматинский завтрак,алматинский завтрак,FOOD,READY_DISH,Завтраки,4,4,,,UNRESOLVED,0.0
Альфредо с курицей и грибами,альфредо с курицей и грибами,альфредо с курицей и грибами,FOOD,READY_DISH,Паста фреш,4,4,,,UNRESOLVED,0.0
Асель,асель,асель,FOOD,READY_DISH,Пирожные,4,4,,,UNRESOLVED,0.0
Ассорти кавказское,ассорти кавказское,ассорти кавказское,FOOD,READY_DISH,Закуски,4,4,,,UNRESOLVED,0.0
Ассорти национальное,ассорти национальное,ассорти национальное,FOOD,READY_DISH,Закуски,4,4,,,UNRESOLVED,0.0
Ассорти рыбное,ассорти рыбное,ассорти рыбное,FOOD,READY_DISH,Закуски,4,4,,,UNRESOLVED,0.0
Ассорти солений,ассорти солений,ассорти солений,FOOD,READY_DISH,Закуски,4,4,,,UNRESOLVED,0.0
Ачичук острый,ачичук острый,ачичук острый,FOOD,READY_DISH,Салаты,4,4,,,UNRESOLVED,0.0
Бамбл-кофе,бамбл кофе,бамбл кофе,FOOD,READY_DISH,Кофе | Холодные напитки,4,4,,,UNRESOLVED,0.0
Бефстроганов с гарниром,бефстроганов с гарниром,бефстроганов с гарниром,FOOD,READY_DISH,Вторые блюда,4,4,,,UNRESOLVED,0.0
Блинный торт,блинный торт,блинный торт,FOOD,READY_DISH,Витрина | Торт,4,4,,,UNRESOLVED,0.0
Блинчики с бананом,блинчики с бананом,блинчики с бананом,FOOD,READY_DISH,Завтраки,4,4,,,UNRESOLVED,0.0
Блинчики с вареньем,блинчики с вареньем,блинчики с вареньем,FOOD,READY_DISH,Завтраки,4,4,,,UNRESOLVED,0.0
Блинчики со сметаной,блинчики со сметаной,блинчики со сметаной,FOOD,READY_DISH,Завтраки,4,4,,,UNRESOLVED,0.0
Блины С Бананом И Шоколадом,блины с бананом и шоколадом,блины с бананом и шоколадом,FOOD,READY_DISH,Сладкие завтраки,4,4,,,UNRESOLVED,0.0
Блины Со Сметаной И Медом,блины со сметаной и медом,блины со сметаной и медом,FOOD,READY_DISH,Сладкие завтраки,4,4,,,UNRESOLVED,0.0
Бургер бриошь с куриной котлетой и омлетом,бургер бриошь с куриной котлетой и омлетом,бургер бриошь с куриной котлетой и омлетом,FOOD,READY_DISH,Завтраки,4,4,,,UNRESOLVED,0.0
Бургер классический к картофелем фри,бургер классический к картофелем фри,бургер классический к картофелем фри,FOOD,READY_DISH,Фастфуд,4,4,,,UNRESOLVED,0.0
Бургер с томленой говядиной,бургер с томленой говядиной,бургер с томленой говядиной,FOOD,READY_DISH,Фастфуд,4,4,,,UNRESOLVED,0.0
Вареники с картошкой 500 гр,вареники с картошкой 500 гр,вареники с картошкой,FOOD,PRODUCT,Полуфабрикаты,4,4,,,UNRESOLVED,0.0
"Вареники с курицей, грибами моцарелой",вареники с курицей грибами моцарелой,вареники с курицей грибами моцарелой,FOOD,PRODUCT,Вареники,4,4,,,UNRESOLVED,0.0
Вареники с мясом,вареники с мясом,вареники с мясом,FOOD,PRODUCT,Вареники,4,4,,,UNRESOLVED,0.0
Вареники с творогом,вареники с творогом,вареники с творогом,FOOD,READY_DISH,Полуфабрикаты | Сладкие завтраки,4,4,,,UNRESOLVED,0.0
Вегетарианский суп,вегетарианский суп,вегетарианский суп,FOOD,READY_DISH,Супы,4,4,,,UNRESOLVED,0.0
Витаминка капустная,витаминка капустная,витаминка капустная,FOOD,READY_DISH,Салаты,4,4,,,UNRESOLVED,0.0
Витаминка свекольная,витаминка свекольная,витаминка свекольная,FOOD,READY_DISH,Салаты,4,4,,,UNRESOLVED,0.0
Восточный салат,восточный салат,восточный салат,FOOD,READY_DISH,Салаты,4,3,,,UNRESOLVED,0.0
Гнездо,гнездо,гнездо,FOOD,READY_DISH,Салаты,4,4,,,UNRESOLVED,0.0
Говяжий шницель,говяжий шницель,говяжий шницель,FOOD,READY_DISH,Горячие блюда,4,4,,,UNRESOLVED,0.0
Голубцы с говядиной,голубцы с говядиной,голубцы с говядиной,FOOD,PRODUCT,Голубцы и перцы,4,4,,,UNRESOLVED,0.0
Горчичный,горчичный,горчичный,FOOD,PRODUCT,Соусы,4,4,,,UNRESOLVED,0.0
Дамди вегетарианский,дамди вегетарианский,дамди вегетарианский,FOOD,READY_DISH,Теплые салаты,4,3,,,UNRESOLVED,0.0
Датский завтрак,датский завтрак,датский завтрак,FOOD,READY_DISH,Завтраки,4,4,,,UNRESOLVED,0.0
Дзадзики,дзадзики,дзадзики,FOOD,PRODUCT,Соусы,4,4,,,UNRESOLVED,0.0
Домино,домино,домино,FOOD,READY_DISH,Пирожные,4,4,,,UNRESOLVED,0.0
Дәмді,дәмді,дәмді,FOOD,READY_DISH,Теплые салаты,4,3,,,UNRESOLVED,0.0
Ерофеевский,ерофеевский,ерофеевский,FOOD,READY_DISH,Салаты,4,4,,,UNRESOLVED,0.0
Жаренные манты с мясом,жаренные манты с мясом,жаренные манты с мясом,FOOD,READY_DISH,Вторые блюда,4,4,,,UNRESOLVED,0.0
Женское счастье,женское счастье,женское счастье,FOOD,READY_DISH,Салаты,4,4,,,UNRESOLVED,0.0
Завтрак с лососем,завтрак с лососем,завтрак с лососем,FOOD,READY_DISH,Завтраки,4,4,,,UNRESOLVED,0.0
Закуска любимая,закуска любимая,закуска любимая,FOOD,READY_DISH,Закуски,4,4,,,UNRESOLVED,0.0
Картофельные драники с лососем соусом голландес,картофельные драники с лососем соусом голландес,картофельные драники с лососем соусом голландес,FOOD,READY_DISH,Завтраки,4,4,,,UNRESOLVED,0.0
Картофельные зразы с говядиной,картофельные зразы с говядиной,картофельные зразы с говядиной,FOOD,PRODUCT,Зразы,4,4,,,UNRESOLVED,0.0
Каша овсяная с гранолой и персиком,каша овсяная с гранолой и персиком,каша овсяная с гранолой и персиком,FOOD,READY_DISH,Завтраки,4,4,,,UNRESOLVED,0.0
Каша рисовая с гранолой и бананом,каша рисовая с гранолой и бананом,каша рисовая с гранолой и бананом,FOOD,READY_DISH,Завтраки,4,4,,,UNRESOLVED,0.0
Кекс Мраморный,кекс мраморный,кекс мраморный,FOOD,READY_DISH,Пирожные,4,4,,,UNRESOLVED,0.0
Кекс шоколадный с орехом,кекс шоколадный с орехом,кекс шоколадный с орехом,FOOD,READY_DISH,Пирожные,4,4,,,UNRESOLVED,0.0
Кесадилья с курицей,кесадилья с курицей,кесадилья с курицей,FOOD,READY_DISH,Фастфуд,4,4,,,UNRESOLVED,0.0
Клаб сэндвич с курицей и картофелем фри,клаб сэндвич с курицей и картофелем фри,клаб сэндвич с курицей и картофелем фри,FOOD,READY_DISH,Фастфуд,4,4,,,UNRESOLVED,0.0
Котлеты говяжьи по домашнему с пюре,котлеты говяжьи по домашнему с пюре,котлеты говяжьи по домашнему с пюре,FOOD,READY_DISH,Горячие блюда,4,4,,,UNRESOLVED,0.0
Котлеты кордон блю,котлеты кордон блю,котлеты кордон блю,FOOD,PRODUCT,Котлеты,4,4,,,UNRESOLVED,0.0
Котлеты по-домашнему,котлеты по домашнему,котлеты по домашнему,FOOD,READY_DISH,Вторые блюда,4,4,,,UNRESOLVED,0.0
Котлеты пожарские,котлеты пожарские,котлеты пожарские,FOOD,READY_DISH,Горячие блюда,4,4,,,UNRESOLVED,0.0
Котлеты рыбные,котлеты рыбные,котлеты рыбные,FOOD,PRODUCT,Котлеты,4,4,,,UNRESOLVED,0.0
Крок мадам с копченой индейкой,крок мадам с копченой индейкой,крок мадам с копченой индейкой,FOOD,READY_DISH,Завтраки,4,4,,,UNRESOLVED,0.0
Курочка в сливочном соусе с грибами и рисом,курочка в сливочном соусе с грибами и рисом,курочка в сливочном соусе с грибами и рисом,FOOD,READY_DISH,Горячие блюда,4,4,,,UNRESOLVED,0.0
Кыз-жибек,кыз жибек,кыз жибек,FOOD,READY_DISH,Пирожные,4,4,,,UNRESOLVED,0.0
Лапша ручная на суп,лапша ручная на суп,лапша ручная на суп,FOOD,PRODUCT,Тесто,4,4,,,UNRESOLVED,0.0
Лянсай,лянсай,лянсай,FOOD,READY_DISH,Салаты,4,4,,,UNRESOLVED,0.0
Мампар,мампар,мампар,FOOD,READY_DISH,Супы,4,4,,,UNRESOLVED,0.0
Манты с джусаем,манты с джусаем,манты с джусаем,FOOD,PRODUCT,Манты,4,4,,,UNRESOLVED,0.0
Манты с картофелем и мясом,манты с картофелем и мясом,манты с картофелем и мясом,FOOD,PRODUCT,Манты,4,4,,,UNRESOLVED,0.0
Манты с овощами,манты с овощами,манты с овощами,FOOD,PRODUCT,Манты,4,4,,,UNRESOLVED,0.0
Манты с рубленной говядиной 1 кг,манты с рубленной говядиной 1 кг,манты с рубленной говядиной,FOOD,PRODUCT,Полуфабрикаты,4,4,,,UNRESOLVED,0.0
Манты с рубленным мясом,манты с рубленным мясом,манты с рубленным мясом,FOOD,PRODUCT,Манты,4,4,,,UNRESOLVED,0.0
Манты с тыквой и мясом,манты с тыквой и мясом,манты с тыквой и мясом,FOOD,PRODUCT,Манты,4,4,,,UNRESOLVED,0.0
Мастава,мастава,мастава,FOOD,READY_DISH,Супы,4,4,,,UNRESOLVED,0.0
Мини панкейки,мини панкейки,мини панкейки,FOOD,READY_DISH,Сладкие завтраки,4,4,,,UNRESOLVED,0.0
Мини чебуреки мясо-джусай,мини чебуреки мясо джусай,мини чебуреки мясо джусай,FOOD,PRODUCT,Чебуреки,4,4,,,UNRESOLVED,0.0
Мини чебуреки с мясом,мини чебуреки с мясом,мини чебуреки с мясом,FOOD,PRODUCT,Чебуреки,4,4,,,UNRESOLVED,0.0
Мини чебуреки яйцо -джусай,мини чебуреки яйцо джусай,мини чебуреки яйцо джусай,FOOD,PRODUCT,Чебуреки,4,4,,,UNRESOLVED,0.0
Мужской каприз,мужской каприз,мужской каприз,FOOD,READY_DISH,Салаты,4,4,,,UNRESOLVED,0.0
Муссовый панчо,муссовый панчо,муссовый панчо,FOOD,READY_DISH,"Кондитерские изделия, торты",4,4,,,UNRESOLVED,0.0
Мясо по-казахски,мясо по казахски,мясо по казахски,FOOD,READY_DISH,Супы,4,4,,,UNRESOLVED,0.0
Набор десертных пирожных,набор десертных пирожных,набор десертных пирожных,FOOD,READY_DISH,"Кондитерские изделия, торты",4,4,,,UNRESOLVED,0.0
Нью Йорк,нью йорк,нью йорк,FOOD,PRODUCT,Говядина,4,2,,,UNRESOLVED,0.0
Омлет Байский,омлет байский,омлет байский,FOOD,READY_DISH,Завтраки,4,4,,,UNRESOLVED,0.0
Омлет со страчателлой,омлет со страчателлой,омлет со страчателлой,FOOD,READY_DISH,Завтраки,4,4,,,UNRESOLVED,0.0
Орешки,орешки,орешки,FOOD,READY_DISH,Витрина | Десерты,4,4,,,UNRESOLVED,0.0
Пельмени говяжьи 500 гр,пельмени говяжьи 500 гр,пельмени говяжьи,FOOD,PRODUCT,Полуфабрикаты,4,4,,,UNRESOLVED,0.0
Пельмени детские,пельмени детские,пельмени детские,FOOD,PRODUCT,Пельмени,4,4,,,UNRESOLVED,0.0
Пельмени домашние 500 гр,пельмени домашние 500 гр,пельмени домашние,FOOD,PRODUCT,Полуфабрикаты,4,4,,,UNRESOLVED,0.0
Пельмени из курицы,пельмени из курицы,пельмени из курицы,FOOD,PRODUCT,Пельмени,4,4,,,UNRESOLVED,0.0
Пельмени из курицы и сыра,пельмени из курицы и сыра,пельмени из курицы и сыра,FOOD,PRODUCT,Пельмени,4,4,,,UNRESOLVED,0.0
Пельмени Любительские из курицы,пельмени любительские из курицы,пельмени любительские из курицы,FOOD,PRODUCT,Пельмени,4,4,,,UNRESOLVED,0.0
Пельмени Любительские с говядиной,пельмени любительские с говядиной,пельмени любительские с говядиной,FOOD,PRODUCT,Пельмени,4,4,,,UNRESOLVED,0.0
Пельмени мусульманские,пельмени мусульманские,пельмени мусульманские,FOOD,PRODUCT,Пельмени,4,4,,,UNRESOLVED,0.0
Пельмени с индейкой,пельмени с индейкой,пельмени с индейкой,FOOD,PRODUCT,Пельмени,4,4,,,UNRESOLVED,0.0
Перец фаршированный с говядиной,перец фаршированный с говядиной,перец фаршированный с говядиной,FOOD,PRODUCT,Голубцы и перцы,4,4,,,UNRESOLVED,0.0
Пирог От тети Сони с клюквой,пирог от тети сони с клюквой,пирог от тети сони с клюквой,FOOD,READY_DISH,"Кондитерские изделия, торты",4,4,,,UNRESOLVED,0.0
Пирог От тети Сони с малиной,пирог от тети сони с малиной,пирог от тети сони с малиной,FOOD,READY_DISH,"Кондитерские изделия, торты",4,4,,,UNRESOLVED,0.0
Пирог От тети Сони с творогом,пирог от тети сони с творогом,пирог от тети сони с творогом,FOOD,READY_DISH,"Кондитерские изделия, торты",4,4,,,UNRESOLVED,0.0
Пирог От тети Сони со сметаной,пирог от тети сони со сметаной,пирог от тети сони со сметаной,FOOD,READY_DISH,"Кондитерские изделия, торты",4,4,,,UNRESOLVED,0.0
Пирог с капустой,пирог с капустой,пирог с капустой,FOOD,PRODUCT,Кулинарные изделия,4,4,,,UNRESOLVED,0.0
Пирожки с капустой,пирожки с капустой,пирожки с капустой,FOOD,PRODUCT,Кулинарные изделия,4,4,,,UNRESOLVED,0.0
Пирожки с картошкой,пирожки с картошкой,пирожки с картошкой,FOOD,PRODUCT,Кулинарные изделия,4,4,,,UNRESOLVED,0.0
"Пирожное ""Кофейно-муссовое""",пирожное кофейно муссовое,пирожное кофейно муссовое,FOOD,READY_DISH,"Кондитерские изделия, торты",4,4,,,UNRESOLVED,0.0
"Пирожное ""Шоколадно-муссовое""",пирожное шоколадно муссовое,пирожное шоколадно муссовое,FOOD,READY_DISH,"Кондитерские изделия, торты",4,4,,,UNRESOLVED,0.0
"Пирожное ""Ягодно-муссовое""",пирожное ягодно муссовое,пирожное ягодно муссовое,FOOD,READY_DISH,"Кондитерские изделия, торты",4,4,,,UNRESOLVED,0.0
Пирожное бисквитное,пирожное бисквитное,пирожное бисквитное,FOOD,READY_DISH,Пирожные,4,4,,,UNRESOLVED,0.0
Пирожное Буше,пирожное буше,пирожное буше,FOOD,READY_DISH,Пирожные,4,4,,,UNRESOLVED,0.0
Плов Той аши,плов той аши,плов той аши,FOOD,READY_DISH,Вторые блюда,4,4,,,UNRESOLVED,0.0
Рогалик Овсяный,рогалик овсяный,рогалик овсяный,FOOD,PRODUCT,Хлебные изделия,4,4,,,UNRESOLVED,0.0
Рулет с орехами,рулет с орехами,рулет с орехами,FOOD,READY_DISH,"Кондитерские изделия, торты",4,4,,,UNRESOLVED,0.0
Рулет со сгущенкой,рулет со сгущенкой,рулет со сгущенкой,FOOD,READY_DISH,"Кондитерские изделия, торты",4,4,,,UNRESOLVED,0.0
Рыба по-домашнему,рыба по домашнему,рыба по домашнему,FOOD,READY_DISH,Вторые блюда,4,4,,,UNRESOLVED,0.0
Салат с жаренным сыром от бренд-шефа,салат с жаренным сыром от бренд шефа,салат с жаренным сыром от бренд шефа,FOOD,READY_DISH,Салаты,4,4,,,UNRESOLVED,0.0
Салат с цыплёнком гриль,салат с цыпленком гриль,салат с цыпленком гриль,FOOD,READY_DISH,Салаты,4,4,,,UNRESOLVED,0.0
Салат со стейком,салат со стейком,салат со стейком,FOOD,READY_DISH,Салаты,4,4,,,UNRESOLVED,0.0
Сантавру,сантавру,сантавру,FOOD,READY_DISH,Супы,4,4,,,UNRESOLVED,0.0
Свекольный с орехами,свекольный с орехами,свекольный с орехами,FOOD,READY_DISH,Салаты,4,4,,,UNRESOLVED,0.0
Селедочка по-домашнему,селедочка по домашнему,селедочка по домашнему,FOOD,READY_DISH,Закуски,4,4,,,UNRESOLVED,0.0
Снежок,снежок,снежок,FOOD,READY_DISH,Пирожные,4,4,,,UNRESOLVED,0.0
"Снеки ""Мультизерновые"" 0,125",снеки мультизерновые 0 125,снеки мультизерновые 0 125,FOOD,PRODUCT,Низкокалорийные товары,4,4,,,UNRESOLVED,0.0
"Снеки ""Мультизерновые"" 0,350",снеки мультизерновые 0 350,снеки мультизерновые 0 350,FOOD,PRODUCT,Низкокалорийные товары,4,4,,,UNRESOLVED,0.0
сочник с творогом,сочник с творогом,сочник с творогом,FOOD,READY_DISH,Витрина | Выпечка,4,4,,,UNRESOLVED,0.0
Суп овощной на мясном бульоне,суп овощной на мясном бульоне,суп овощной на мясном бульоне,FOOD,READY_DISH,Супы,4,4,,,UNRESOLVED,0.0
Суп-лапша куриная,суп лапша куриная,суп лапша куриная,FOOD,READY_DISH,Супы,4,4,,,UNRESOLVED,0.0
Сухарики со вкусом Сметаны с зеленью,сухарики со вкусом сметаны с зеленью,сухарики со вкусом сметаны с зеленью,FOOD,PRODUCT,Сухарные изделия,4,4,,,UNRESOLVED,0.0
Сырный,сырный,сырный,FOOD,PRODUCT,Соусы,4,4,,,UNRESOLVED,0.0
Сэндвич с куриным шницелем,сэндвич с куриным шницелем,сэндвич с куриным шницелем,FOOD,READY_DISH,Фастфуд,4,4,,,UNRESOLVED,0.0
"Тарталетки ""Лимонные""",тарталетки лимонные,тарталетки лимонные,FOOD,READY_DISH,Пирожные,4,4,,,UNRESOLVED,0.0
Теплый салат из баклажана с соусом Ассай,теплый салат из баклажана с соусом ассай,теплый салат из баклажана с соусом ассай,FOOD,READY_DISH,Салаты,4,4,,,UNRESOLVED,0.0
Том ям с курицей,том ям с курицей,том ям с курицей,FOOD,PRODUCT,Паназия,4,4,,,UNRESOLVED,0.0
"Торт ""Шоко-торт""",торт шоко торт,торт шоко торт,FOOD,READY_DISH,"Кондитерские изделия, торты",4,4,,,UNRESOLVED,0.0
Торт Бисквитно-кремовый,торт бисквитно кремовый,торт бисквитно кремовый,FOOD,READY_DISH,"Кондитерские изделия, торты",4,4,,,UNRESOLVED,0.0
Торт Вуппи Пай,торт вуппи пай,торт вуппи пай,FOOD,READY_DISH,"Кондитерские изделия, торты",4,4,,,UNRESOLVED,0.0
Торт Глория,торт глория,торт глория,FOOD,READY_DISH,"Кондитерские изделия, торты",4,4,,,UNRESOLVED,0.0
Торт Графские развалины,торт графские развалины,торт графские развалины,FOOD,READY_DISH,"Кондитерские изделия, торты",4,4,,,UNRESOLVED,0.0
Торт Карамельная девочка,торт карамельная девочка,торт карамельная девочка,FOOD,READY_DISH,"Кондитерские изделия, торты",4,4,,,UNRESOLVED,0.0
Торт Кыз-жибек,торт кыз жибек,торт кыз жибек,FOOD,READY_DISH,"Кондитерские изделия, торты",4,4,,,UNRESOLVED,0.0
Торт Меруерт,торт меруерт,торт меруерт,FOOD,READY_DISH,"Кондитерские изделия, торты",4,4,,,UNRESOLVED,0.0
Торт Монтблан,торт монтблан,торт монтблан,FOOD,READY_DISH,"Кондитерские изделия, торты",4,4,,,UNRESOLVED,0.0
Торт Панчо,торт панчо,торт панчо,FOOD,READY_DISH,"Кондитерские изделия, торты",4,4,,,UNRESOLVED,0.0
Торт печеночный,торт печеночный,торт печеночный,FOOD,PRODUCT,Тесто,4,4,,,UNRESOLVED,0.0
Торт Подарочный,торт подарочный,торт подарочный,FOOD,READY_DISH,"Кондитерские изделия, торты",4,4,,,UNRESOLVED,0.0
Торт Сказка,торт сказка,торт сказка,FOOD,READY_DISH,"Кондитерские изделия, торты",4,4,,,UNRESOLVED,0.0
Торт Шахеризада,торт шахеризада,торт шахеризада,FOOD,READY_DISH,"Кондитерские изделия, торты",4,4,,,UNRESOLVED,0.0
Треугольники с говядиной,треугольники с говядиной,треугольники с говядиной,FOOD,PRODUCT,Самса и хачапури,4,4,,,UNRESOLVED,0.0
Тыквенный крем-суп,тыквенный крем суп,тыквенный крем суп,FOOD,READY_DISH,Супы,4,4,,,UNRESOLVED,0.0
Фарфалле с лососем,фарфалле с лососем,фарфалле с лососем,FOOD,READY_DISH,Паста фреш,4,4,,,UNRESOLVED,0.0
Фарфалле с томленой говядиной,фарфалле с томленой говядиной,фарфалле с томленой говядиной,FOOD,READY_DISH,Паста фреш,4,4,,,UNRESOLVED,0.0
Филе миньон,филе миньон,филе миньон,FOOD,PRODUCT,Говядина,4,2,,,UNRESOLVED,0.0
Фри,фри,фри,FOOD,READY_DISH,Гарниры | Сэндвичи и бургеры,4,4,,,UNRESOLVED,0.0
Фрикасе с гарниром,фрикасе с гарниром,фрикасе с гарниром,FOOD,READY_DISH,Вторые блюда,4,4,,,UNRESOLVED,0.0
Хачапури лодочка,хачапури лодочка,хачапури лодочка,FOOD,PRODUCT,Самса и хачапури,4,4,,,UNRESOLVED,0.0
Хашбраун со сметаной,хашбраун со сметаной,хашбраун со сметаной,FOOD,READY_DISH,Гарниры,4,4,,,UNRESOLVED,0.0
Хинкали,хинкали,хинкали,FOOD,READY_DISH,Горячие блюда | Полуфабрикаты,4,4,,,UNRESOLVED,0.0
Хинкали с говядиной,хинкали с говядиной,хинкали с говядиной,FOOD,PRODUCT,Хинкали,4,4,,,UNRESOLVED,0.0
"Хлеб ""Аччаролли""",хлеб аччаролли,хлеб аччаролли,FOOD,PRODUCT,Хлебные изделия,4,4,,,UNRESOLVED,0.0
Хлеб Бородинский,хлеб бородинский,хлеб бородинский,FOOD,PRODUCT,Хлебные изделия,4,4,,,UNRESOLVED,0.0
Хлеб Здоровье,хлеб здоровье,хлеб здоровье,FOOD,PRODUCT,Хлебные изделия,4,4,,,UNRESOLVED,0.0
Хлеб Иммунити,хлеб иммунити,хлеб иммунити,FOOD,PRODUCT,Хлебные изделия,4,4,,,UNRESOLVED,0.0
Хлеб Клетчатка с черносливом,хлеб клетчатка с черносливом,хлеб клетчатка с черносливом,FOOD,PRODUCT,Линия здоровых хлебов,4,4,,,UNRESOLVED,0.0
Хлеб Крестьянский,хлеб крестьянский,хлеб крестьянский,FOOD,PRODUCT,Хлебные изделия,4,4,,,UNRESOLVED,0.0
Хлеб Президентский,хлеб президентский,хлеб президентский,FOOD,PRODUCT,Хлебные изделия,4,4,,,UNRESOLVED,0.0
Хлеб Тостовый,хлеб тостовый,хлеб тостовый,FOOD,PRODUCT,Хлебные изделия,4,4,,,UNRESOLVED,0.0
Хлебцы Зернистые,хлебцы зернистые,хлебцы зернистые,FOOD,PRODUCT,Хлебцы,4,4,,,UNRESOLVED,0.0
Хлебцы Морские,хлебцы морские,хлебцы морские,FOOD,PRODUCT,Хлебцы,4,4,,,UNRESOLVED,0.0
Цезарь аға с курочкой,цезарь аға с курочкой,цезарь аға с курочкой,FOOD,READY_DISH,Салаты,4,3,,,UNRESOLVED,0.0
Чак-чак,чак чак,чак чак,FOOD,READY_DISH,Десерты,4,4,,,UNRESOLVED,0.0
Чебуреки с джусаем,чебуреки с джусаем,чебуреки с джусаем,FOOD,READY_DISH,Домашняя выпечка,4,4,,,UNRESOLVED,0.0
Чебуреки с курочкой и сыром,чебуреки с курочкой и сыром,чебуреки с курочкой и сыром,FOOD,READY_DISH,Домашняя выпечка,4,4,,,UNRESOLVED,0.0
чесночный соус,чесночный соус,чесночный соус,FOOD,PRODUCT,Соусы,4,4,,,UNRESOLVED,0.0
Чечевичный,чечевичный,чечевичный,FOOD,READY_DISH,Супы,4,4,,,UNRESOLVED,0.0
Чураско стейк,чураско стейк,чураско стейк,FOOD,PRODUCT,Говядина,4,2,,,UNRESOLVED,0.0
Чучвара (пельмени с говядиной),чучвара пельмени с говядиной,чучвара пельмени с говядиной,FOOD,READY_DISH,Супы,4,4,,,UNRESOLVED,0.0
Шакшука с тартином,шакшука с тартином,шакшука с тартином,FOOD,READY_DISH,Завтраки,4,4,,,UNRESOLVED,0.0
Шоколадное пирожное,шоколадное пирожное,шоколадное пирожное,FOOD,READY_DISH,Пирожные,4,4,,,UNRESOLVED,0.0
Шоколадный бриз,шоколадный бриз,шоколадный бриз,FOOD,READY_DISH,Пирожные,4,4,,,UNRESOLVED,0.0
Шорпа,шорпа,шорпа,FOOD,READY_DISH,Супы,4,4,,,UNRESOLVED,0.0
Шрирача,шрирача,шрирача,FOOD,PRODUCT,Соусы,4,4,,,UNRESOLVED,0.0
Штрудель с фруктовой начинкой,штрудель с фруктовой начинкой,штрудель с фруктовой начинкой,FOOD,PRODUCT,Булочные изделия,4,4,,,UNRESOLVED,0.0
Эклер с заварным кремом,эклер с заварным кремом,эклер с заварным кремом,FOOD,READY_DISH,Пирожные,4,4,,,UNRESOLVED,0.0
Эклер с карамельным кремом,эклер с карамельным кремом,эклер с карамельным кремом,FOOD,READY_DISH,Пирожные,4,4,,,UNRESOLVED,0.0
Эклер со сливочным кремом,эклер со сливочным кремом,эклер со сливочным кремом,FOOD,READY_DISH,Пирожные,4,4,,,UNRESOLVED,0.0
Язык в соусе,язык в соусе,язык в соусе,FOOD,READY_DISH,Салаты,4,4,,,UNRESOLVED,0.0
Яичница скрэмбл,яичница скрэмбл,яичница скрэмбл,FOOD,READY_DISH,Завтраки,4,4,,,UNRESOLVED,0.0
4 сыра,4 сыра,4 сыра,FOOD,READY_DISH,Итальянская кухня,3,3,,,UNRESOLVED,0.0
Batch brew,batch brew,batch brew,FOOD,READY_DISH,Кофе,3,3,,,UNRESOLVED,0.0
"Batch Brew 0,3L",batch brew 0 3l,batch brew,FOOD,READY_DISH,Горячий кофе,3,3,,,UNRESOLVED,0.0
Bumble coffee,bumble coffee,bumble coffee,FOOD,READY_DISH,Ice coffee | Кофе,3,2,,,UNRESOLVED,0.0
FOOD MASTER Творожный продукт живой 18% 90 г,food master творожный продукт живой 18 90 г,food master творожный продукт живой,FOOD,PRODUCT,Молочная продукция,3,1,,,UNRESOLVED,0.0
"Ice capuccino 0,4L",ice capuccino 0 4l,ice capuccino,FOOD,READY_DISH,Холодный кофе,3,3,,,UNRESOLVED,0.0
"Ice coffee 0,4L",ice coffee 0 4l,ice coffee,FOOD,READY_DISH,Холодный кофе,3,3,,,UNRESOLVED,0.0
"Ice Coffee Boom 0,4L",ice coffee boom 0 4l,ice coffee boom,FOOD,READY_DISH,Холодный кофе,3,3,,,UNRESOLVED,0.0
"Ice latte 0,4L",ice latte 0 4l,ice latte,FOOD,READY_DISH,Холодный кофе,3,3,,,UNRESOLVED,0.0
"Ice мокко 0,4L",ice мокко 0 4l,ice мокко,FOOD,READY_DISH,Холодный кофе,3,3,,,UNRESOLVED,0.0
Kids Box с бургером,kids box с бургером,kids box с бургером,FOOD,PRODUCT,Детское меню,3,3,,,UNRESOLVED,0.0
"M&M's 0,3L",m m s 0 3l,m m s,FOOD,PRODUCT,Молочные коктейли,3,3,,,UNRESOLVED,0.0
Red velvet кіші,red velvet кіші,red velvet кіші,FOOD,READY_DISH,Маленькие торты,3,3,,,UNRESOLVED,0.0
Whoopie торт (кіші),whoopie торт кіші,whoopie торт кіші,FOOD,READY_DISH,Маленькие торты,3,3,,,UNRESOLVED,0.0
АМАРЕТТО,амаретто,амаретто,FOOD,READY_DISH,Ice Latte | ТОРТЫ масовочные,3,3,,,UNRESOLVED,0.0
"Бамбл кофе 0,3L",бамбл кофе 0 3l,бамбл кофе,FOOD,READY_DISH,Холодный кофе,3,3,,,UNRESOLVED,0.0
Банановый пирог маленький,банановый пирог маленький,банановый пирог маленький,FOOD,PRODUCT,Пироги,3,3,,,UNRESOLVED,0.0
Банановый тарт большой,банановый тарт большой,банановый тарт большой,FOOD,PRODUCT,Пироги,3,3,,,UNRESOLVED,0.0
Банановый эклер,банановый эклер,банановый эклер,FOOD,READY_DISH,Пирожные,3,3,,,UNRESOLVED,0.0
Баноффи Пай,баноффи пай,баноффи пай,FOOD,READY_DISH,Десерты | Пироги,3,2,,,UNRESOLVED,0.0
Белковый омлет с кабачками,белковый омлет с кабачками,белковый омлет с кабачками,FOOD,READY_DISH,Сытные завтраки,3,3,,,UNRESOLVED,0.0
Белый Шоу Мэй,белый шоу мэй,белый шоу мэй,FOOD,READY_DISH,КИТАЙСКИЙ ЧАЙ,3,3,,,UNRESOLVED,0.0
Берлинер,берлинер,берлинер,FOOD,READY_DISH,Пирожные,3,3,,,UNRESOLVED,0.0
Бефстроганов с кониной,бефстроганов с кониной,бефстроганов с кониной,FOOD,PRODUCT,Основное меню,3,3,,,UNRESOLVED,0.0
Блины с медовым маслом,блины с медовым маслом,блины с медовым маслом,FOOD,READY_DISH,Сладкие завтраки,3,3,,,UNRESOLVED,0.0
Боул с черным рисом,боул с черным рисом,боул с черным рисом,FOOD,PRODUCT,SPECIAL,3,3,,,UNRESOLVED,0.0
Брускетта с овощами,брускетта с овощами,брускетта с овощами,FOOD,READY_DISH,Закуски/Салаты,3,3,,,UNRESOLVED,0.0
Бургер говяжий с картошкой фри,бургер говяжий с картошкой фри,бургер говяжий с картошкой фри,FOOD,PRODUCT,Основное меню,3,3,,,UNRESOLVED,0.0
В сливочном соусе,в сливочном соусе,в сливочном соусе,FOOD,PRODUCT,Готовим крабов | Готовим креветки | Готовим морепродуктыы,3,1,,,UNRESOLVED,0.0
В соусе Том-Ям,в соусе том ям,в соусе том ям,FOOD,PRODUCT,Готовим крабов | Готовим креветки | Готовим морепродуктыы,3,1,,,UNRESOLVED,0.0
Витаминный салат,витаминный салат,витаминный салат,FOOD,READY_DISH,Закуски/Салаты,3,3,,,UNRESOLVED,0.0
"Вишневый 0,4L",вишневый 0 4l,вишневый,FOOD,PRODUCT,Молочные коктейли,3,3,,,UNRESOLVED,0.0
Восточные сладости,восточные сладости,восточные сладости,FOOD,READY_DISH,Десерты,3,3,,,UNRESOLVED,0.0
Глазунья с овощами,глазунья с овощами,глазунья с овощами,FOOD,READY_DISH,Сытные завтраки,3,3,,,UNRESOLVED,0.0
"Грушевый с корицей 1,6L",грушевый с корицей 1 6l,грушевый с корицей,FOOD,READY_DISH,Чай,3,3,,,UNRESOLVED,0.0
Драник с лососем и сливочным муссом,драник с лососем и сливочным муссом,драник с лососем и сливочным муссом,FOOD,READY_DISH,ЗАВТРАКИ,3,3,,,UNRESOLVED,0.0
Картофельное фри,картофельное фри,картофельное фри,FOOD,READY_DISH,Закуски/Салаты,3,3,,,UNRESOLVED,0.0
Каша овсянная с бананом,каша овсянная с бананом,каша овсянная с бананом,FOOD,READY_DISH,Сладкие завтраки,3,3,,,UNRESOLVED,0.0
Каша пшенная с тыквой и миндалём,каша пшенная с тыквой и миндалем,каша пшенная с тыквой и миндалем,FOOD,READY_DISH,Сладкие завтраки,3,3,,,UNRESOLVED,0.0
Каша рисовая с клубникой,каша рисовая с клубникой,каша рисовая с клубникой,FOOD,READY_DISH,Сладкие завтраки,3,3,,,UNRESOLVED,0.0
"Классический 0,4L",классический 0 4l,классический,FOOD,PRODUCT,Молочные коктейли,3,3,,,UNRESOLVED,0.0
"Клубничный 0,4L",клубничный 0 4l,клубничный,FOOD,PRODUCT,Молочные коктейли,3,3,,,UNRESOLVED,0.0
"Клубничный микс 0,3L",клубничный микс 0 3l,клубничный микс,FOOD,PRODUCT,Молочные коктейли,3,3,,,UNRESOLVED,0.0
Клубничный торт,клубничный торт,клубничный торт,FOOD,READY_DISH,Торты,3,3,,,UNRESOLVED,0.0
Куриный бифштекс с трюфельным соусом и яицом,куриный бифштекс с трюфельным соусом и яицом,куриный бифштекс с трюфельным соусом и яицом,FOOD,READY_DISH,Сытные завтраки,3,3,,,UNRESOLVED,0.0
Куриный бульон с лапшой,куриный бульон с лапшой,куриный бульон с лапшой,FOOD,READY_DISH,Супы,3,3,,,UNRESOLVED,0.0
Куриный бульон с тортеллини,куриный бульон с тортеллини,куриный бульон с тортеллини,FOOD,PRODUCT,ОСНОВНОЕ МЕНЮ,3,3,,,UNRESOLVED,0.0
Лесные ягоды,лесные ягоды,лесные ягоды,FOOD,PRODUCT,Фирменные чаи,3,3,,,UNRESOLVED,0.0
Лимонное ризотто с лососем,лимонное ризотто с лососем,лимонное ризотто с лососем,FOOD,READY_DISH,Паста,3,3,,,UNRESOLVED,0.0
Лимонный тарт,лимонный тарт,лимонный тарт,FOOD,READY_DISH,Пирожные,3,3,,,UNRESOLVED,0.0
Мадлены в ассортименте,мадлены в ассортименте,мадлены в ассортименте,FOOD,READY_DISH,Пирожные,3,3,,,UNRESOLVED,0.0
"Малиновый 1,6L",малиновый 1 6l,малиновый,FOOD,READY_DISH,Чай,3,3,,,UNRESOLVED,0.0
Манты с мясом,манты с мясом,манты с мясом,FOOD,READY_DISH,Блюда | Вторые блюда,3,3,,,UNRESOLVED,0.0
"Масала 1,6L",масала 1 6l,масала,FOOD,READY_DISH,Чай,3,3,,,UNRESOLVED,0.0
"Матча с сырной пенкой 0,4L",матча с сырной пенкой 0 4l,матча с сырной пенкой,FOOD,PRODUCT,Матча,3,3,,,UNRESOLVED,0.0
Микс тортов 1,микс тортов 1,микс тортов 1,FOOD,READY_DISH,Торты,3,3,,,UNRESOLVED,0.0
Микс тортов 2,микс тортов 2,микс тортов 2,FOOD,READY_DISH,Торты,3,3,,,UNRESOLVED,0.0
Мини Муравейник,мини муравейник,мини муравейник,FOOD,READY_DISH,Пирожные,3,3,,,UNRESOLVED,0.0
Мини пирог восточный,мини пирог восточный,мини пирог восточный,FOOD,READY_DISH,Витрина,3,3,,,UNRESOLVED,0.0
Мини пирог с вишней,мини пирог с вишней,мини пирог с вишней,FOOD,READY_DISH,Витрина,3,3,,,UNRESOLVED,0.0
Мини пирог с грушей,мини пирог с грушей,мини пирог с грушей,FOOD,READY_DISH,Витрина,3,3,,,UNRESOLVED,0.0
Мини пирог творожный,мини пирог творожный,мини пирог творожный,FOOD,READY_DISH,Витрина,3,3,,,UNRESOLVED,0.0
Мини пирог творожный с изюмом,мини пирог творожный с изюмом,мини пирог творожный с изюмом,FOOD,READY_DISH,Витрина,3,3,,,UNRESOLVED,0.0
"Мокко 0,3L",мокко 0 3l,мокко,FOOD,READY_DISH,Горячий кофе,3,3,,,UNRESOLVED,0.0
"Мокко 0,4L",мокко 0 4l,мокко,FOOD,READY_DISH,Горячий кофе,3,3,,,UNRESOLVED,0.0
Молочный ломтик,молочный ломтик,молочный ломтик,FOOD,READY_DISH,Витрина,3,3,,,UNRESOLVED,0.0
Монт Бланк,монт бланк,монт бланк,FOOD,READY_DISH,Холодные напитки,3,3,,,UNRESOLVED,0.0
Мясной пирог,мясной пирог,мясной пирог,FOOD,PRODUCT,Пироги,3,3,,,UNRESOLVED,0.0
"Облепиховый с грейпфрутом 1,6L",облепиховый с грейпфрутом 1 6l,облепиховый с грейпфрутом,FOOD,READY_DISH,Чай,3,3,,,UNRESOLVED,0.0
Овощи гриль,овощи гриль,овощи гриль,FOOD,READY_DISH,Гарниры | Дополнительное,3,3,,,UNRESOLVED,0.0
Омлет с мортаделлой,омлет с мортаделлой,омлет с мортаделлой,FOOD,READY_DISH,Сытные завтраки,3,3,,,UNRESOLVED,0.0
"Орео 0,3L",орео 0 3l,орео,FOOD,PRODUCT,Молочные коктейли,3,3,,,UNRESOLVED,0.0
Ореховая гранола с творогом и йогуртом,ореховая гранола с творогом и йогуртом,ореховая гранола с творогом и йогуртом,FOOD,READY_DISH,СЛАДКИЕ ЗАВТРАКИ,3,3,,,UNRESOLVED,0.0
Панкейки с банановым кремом и смородиновым джемом,панкейки с банановым кремом и смородиновым джемом,панкейки с банановым кремом и смородиновым джемом,FOOD,READY_DISH,СЛАДКИЕ ЗАВТРАКИ,3,3,,,UNRESOLVED,0.0
Панна Котта с клубникой,панна котта с клубникой,панна котта с клубникой,FOOD,READY_DISH,Сладкие завтраки,3,3,,,UNRESOLVED,0.0
Пельмени цветные без бульона,пельмени цветные без бульона,пельмени цветные без бульона,FOOD,PRODUCT,Детское меню,3,3,,,UNRESOLVED,0.0
Пельмени цветные с бульоном,пельмени цветные с бульоном,пельмени цветные с бульоном,FOOD,PRODUCT,Детское меню,3,3,,,UNRESOLVED,0.0
Пирог с вишней,пирог с вишней,пирог с вишней,FOOD,READY_DISH,Витрина,3,3,,,UNRESOLVED,0.0
Пирог с персиком,пирог с персиком,пирог с персиком,FOOD,READY_DISH,Витрина,3,3,,,UNRESOLVED,0.0
Пирог с творогом,пирог с творогом,пирог с творогом,FOOD,READY_DISH,Витрина,3,3,,,UNRESOLVED,0.0
Пирог с яблоком,пирог с яблоком,пирог с яблоком,FOOD,READY_DISH,Витрина,3,3,,,UNRESOLVED,0.0
Пирожное Snickers,пирожное snickers,пирожное snickers,FOOD,READY_DISH,Пирожные,3,3,,,UNRESOLVED,0.0
Плов ташкентский,плов ташкентский,плов ташкентский,FOOD,READY_DISH,Блюда | Заказные блюда,3,3,,,UNRESOLVED,0.0
"По-казахски 1,6L",по казахски 1 6l,по казахски,FOOD,READY_DISH,Чай,3,3,,,UNRESOLVED,0.0
Пюре,пюре,пюре,FOOD,READY_DISH,Гарниры,3,3,,,UNRESOLVED,0.0
Раф,раф,раф,FOOD,READY_DISH,Кофе,3,3,,,UNRESOLVED,0.0
"Раф кофе 0,3L",раф кофе 0 3l,раф кофе,FOOD,READY_DISH,Горячий кофе,3,3,,,UNRESOLVED,0.0
РОМАШКА,ромашка,ромашка,FOOD,READY_DISH,ПЕЧЕНЬЕ | ПИРОЖНЫЕ | Чай,3,2,,,UNRESOLVED,0.0
Русская закуска,русская закуска,русская закуска,FOOD,READY_DISH,Закуски | На компанию | Холодные закуски,3,3,,,UNRESOLVED,0.0
"С клубникой и чабрецом 1,6L",с клубникой и чабрецом 1 6l,с клубникой и чабрецом,FOOD,READY_DISH,Чай,3,3,,,UNRESOLVED,0.0
с курицей,с курицей,с курицей,FOOD,READY_DISH,Клаб сэндвичи | ПИРОГИ | Панини,3,2,,,UNRESOLVED,0.0
"С малиной и имбирем 1,6L",с малиной и имбирем 1 6l,с малиной и имбирем,FOOD,READY_DISH,Чай,3,3,,,UNRESOLVED,0.0
"С сосновыми шишками 0,6L",с сосновыми шишками 0 6l,с сосновыми шишками,FOOD,READY_DISH,Чай,3,3,,,UNRESOLVED,0.0
Салат по-грузински,салат по грузински,салат по грузински,FOOD,READY_DISH,Грузинская кухня,3,3,,,UNRESOLVED,0.0
Салат с лососем,салат с лососем,салат с лососем,FOOD,READY_DISH,Салаты | Салаты и закуски,3,3,,,UNRESOLVED,0.0
Сборный завтрак с крокетами,сборный завтрак с крокетами,сборный завтрак с крокетами,FOOD,READY_DISH,ЗАВТРАКИ,3,3,,,UNRESOLVED,0.0
Сендвич с томлёной говядиной в соусе барбекю,сендвич с томленой говядиной в соусе барбекю,сендвич с томленой говядиной в соусе барбекю,FOOD,READY_DISH,Сытные завтраки,3,3,,,UNRESOLVED,0.0
Сендвич с тунцом,сендвич с тунцом,сендвич с тунцом,FOOD,READY_DISH,Сытные завтраки,3,3,,,UNRESOLVED,0.0
Синнабон классика,синнабон классика,синнабон классика,FOOD,READY_DISH,Выпечка,3,3,,,UNRESOLVED,0.0
Скандинавский завтрак,скандинавский завтрак,скандинавский завтрак,FOOD,READY_DISH,Сытные завтраки,3,3,,,UNRESOLVED,0.0
Скрэмбл тост с грибами,скрэмбл тост с грибами,скрэмбл тост с грибами,FOOD,READY_DISH,Сытные завтраки,3,3,,,UNRESOLVED,0.0
"Смузи ягодный 0,4L",смузи ягодный 0 4l,смузи ягодный,FOOD,PRODUCT,Смузи,3,3,,,UNRESOLVED,0.0
Стейк пиканья с яйцом и овощами гриль,стейк пиканья с яйцом и овощами гриль,стейк пиканья с яйцом и овощами гриль,FOOD,READY_DISH,Сытные завтраки,3,3,,,UNRESOLVED,0.0
Сузьма,сузьма,сузьма,FOOD,PRODUCT,Соусы,3,3,,,UNRESOLVED,0.0
Суп с куриными фрикадельками,суп с куриными фрикадельками,суп с куриными фрикадельками,FOOD,PRODUCT,Детское меню,3,3,,,UNRESOLVED,0.0
Сырная пенка,сырная пенка,сырная пенка,FOOD,PRODUCT,Допы и Альтернатива | Растительное молоко,3,3,,,UNRESOLVED,0.0
Сэндвич с индейкой,сэндвич с индейкой,сэндвич с индейкой,FOOD,READY_DISH,Сытные завтраки,3,3,,,UNRESOLVED,0.0
Сүзбелі тарт бадам,сүзбелі тарт бадам,сүзбелі тарт бадам,FOOD,READY_DISH,Пирожные,3,3,,,UNRESOLVED,0.0
Сәбізді торт (кіші),сәбізді торт кіші,сәбізді торт кіші,FOOD,READY_DISH,Маленькие торты,3,3,,,UNRESOLVED,0.0
Творожно-ягодный пирог с малиной,творожно ягодный пирог с малиной,творожно ягодный пирог с малиной,FOOD,PRODUCT,Пироги,3,3,,,UNRESOLVED,0.0
Творожные панкейки с клубникой,творожные панкейки с клубникой,творожные панкейки с клубникой,FOOD,READY_DISH,Сладкие завтраки,3,3,,,UNRESOLVED,0.0
Творожный пирог (бол),творожный пирог бол,творожный пирог бол,FOOD,PRODUCT,Пироги,3,3,,,UNRESOLVED,0.0
Творожный пирог (мал),творожный пирог мал,творожный пирог мал,FOOD,PRODUCT,Пироги,3,3,,,UNRESOLVED,0.0
Творожный тарт,творожный тарт,творожный тарт,FOOD,READY_DISH,Пирожные,3,3,,,UNRESOLVED,0.0
Тирамису классический,тирамису классический,тирамису классический,FOOD,READY_DISH,Торты,3,3,,,UNRESOLVED,0.0
Тирамису Шоколад,тирамису шоколад,тирамису шоколад,FOOD,READY_DISH,Торты,3,3,,,UNRESOLVED,0.0
Том Ям,том ям,том ям,FOOD,READY_DISH,Супы | Тайские,3,3,,,UNRESOLVED,0.0
Томлёные щёки с орзо в грибном соусе,томленые щеки с орзо в грибном соусе,томленые щеки с орзо в грибном соусе,FOOD,PRODUCT,Основное меню,3,3,,,UNRESOLVED,0.0
Трайфл Милка,трайфл милка,трайфл милка,FOOD,READY_DISH,Пирожные,3,3,,,UNRESOLVED,0.0
Трайфл Сникерс,трайфл сникерс,трайфл сникерс,FOOD,READY_DISH,Пирожные,3,3,,,UNRESOLVED,0.0
Трилече,трилече,трилече,FOOD,READY_DISH,Торты,3,3,,,UNRESOLVED,0.0
Тёплый салат с кониной и шпинатом,теплый салат с кониной и шпинатом,теплый салат с кониной и шпинатом,FOOD,READY_DISH,Закуски/Салаты,3,3,,,UNRESOLVED,0.0
Улун Да Хун Пао,улун да хун пао,улун да хун пао,FOOD,READY_DISH,КИТАЙСКИЙ ЧАЙ,3,3,,,UNRESOLVED,0.0
Фарфалле с курицей и грибами,фарфалле с курицей и грибами,фарфалле с курицей и грибами,FOOD,READY_DISH,Итальянская кухня,3,3,,,UNRESOLVED,0.0
Феттучини Альфредо с курицей,феттучини альфредо с курицей,феттучини альфредо с курицей,FOOD,READY_DISH,Паста,3,3,,,UNRESOLVED,0.0
Феттучини с лососем,феттучини с лососем,феттучини с лососем,FOOD,READY_DISH,Паста,3,3,,,UNRESOLVED,0.0
Филе конины с картофельным драником и шпинатом,филе конины с картофельным драником и шпинатом,филе конины с картофельным драником и шпинатом,FOOD,PRODUCT,Основное меню,3,3,,,UNRESOLVED,0.0
Финский пирог,финский пирог,финский пирог,FOOD,PRODUCT,Пироги,3,3,,,UNRESOLVED,0.0
"Флет уайт 0,3L",флет уайт 0 3l,флет уайт,FOOD,READY_DISH,Горячий кофе,3,3,,,UNRESOLVED,0.0
Флэт уайт 250мл,флэт уайт 250мл,флэт уайт,FOOD,READY_DISH,Кофе | Кофейная карта,3,3,,,UNRESOLVED,0.0
Французский завтрак,французский завтрак,французский завтрак,FOOD,READY_DISH,Сытные завтраки,3,3,,,UNRESOLVED,0.0
"Фрапучино в асcортименте 0,4L",фрапучино в асcортименте 0 4l,фрапучино в асcортименте,FOOD,READY_DISH,Холодный кофе,3,3,,,UNRESOLVED,0.0
Хачапури по-имеретински,хачапури по имеретински,хачапури по имеретински,FOOD,READY_DISH,Грузинская кухня,3,3,,,UNRESOLVED,0.0
Хачапури с мясом,хачапури с мясом,хачапури с мясом,FOOD,READY_DISH,Грузинская кухня,3,3,,,UNRESOLVED,0.0
Хачапури с фаршем,хачапури с фаршем,хачапури с фаршем,FOOD,READY_DISH,Грузинская кухня,3,3,,,UNRESOLVED,0.0
Ходзича облако,ходзича облако,ходзича облако,FOOD,READY_DISH,Холодные напитки,3,3,,,UNRESOLVED,0.0
Цезарь салат с курицей,цезарь салат с курицей,цезарь салат с курицей,FOOD,READY_DISH,Закуски/Салаты,3,3,,,UNRESOLVED,0.0
Чайный сет 1,чайный сет 1,чайный сет 1,FOOD,READY_DISH,Чайные сеты,3,3,,,UNRESOLVED,0.0
Чайный сет 2,чайный сет 2,чайный сет 2,FOOD,READY_DISH,Чайные сеты,3,3,,,UNRESOLVED,0.0
Чайный сет 3,чайный сет 3,чайный сет 3,FOOD,READY_DISH,Чайные сеты,3,3,,,UNRESOLVED,0.0
Чак-Чак Национальный,чак чак национальный,чак чак национальный,FOOD,READY_DISH,Десерты,3,3,,,UNRESOLVED,0.0
Чечевичный суп с йогуртом,чечевичный суп с йогуртом,чечевичный суп с йогуртом,FOOD,READY_DISH,Супы,3,3,,,UNRESOLVED,0.0
Чиабатта JULIUS,чиабатта julius,чиабатта julius,FOOD,READY_DISH,СЭНДВИЧИ,3,3,,,UNRESOLVED,0.0
Шакшука,шакшука,шакшука,FOOD,READY_DISH,Завтраки | КУХНЯ,3,3,,,UNRESOLVED,0.0
Шакшука с яйцом пашот и сыром,шакшука с яйцом пашот и сыром,шакшука с яйцом пашот и сыром,FOOD,READY_DISH,Сытные завтраки,3,3,,,UNRESOLVED,0.0
Шашлык из шампиньонов,шашлык из шампиньонов,шашлык из шампиньонов,FOOD,PRODUCT,Шашлыки,3,3,,,UNRESOLVED,0.0
Шеф бургер,шеф бургер,шеф бургер,FOOD,READY_DISH,Бургеры | Горячее,3,3,,,UNRESOLVED,0.0
"Шоколадный 0,4L",шоколадный 0 4l,шоколадный,FOOD,PRODUCT,Молочные коктейли,3,3,,,UNRESOLVED,0.0
"Шоколадный батончик 0,3L",шоколадный батончик 0 3l,шоколадный батончик,FOOD,PRODUCT,Молочные коктейли,3,3,,,UNRESOLVED,0.0
Шоколадный бенто торт,шоколадный бенто торт,шоколадный бенто торт,FOOD,READY_DISH,Торты,3,3,,,UNRESOLVED,0.0
Шоколадный капкейк,шоколадный капкейк,шоколадный капкейк,FOOD,READY_DISH,Пирожные,3,3,,,UNRESOLVED,0.0
Шоколадный пирог,шоколадный пирог,шоколадный пирог,FOOD,PRODUCT,Пироги,3,3,,,UNRESOLVED,0.0
Шоколадный тарт,шоколадный тарт,шоколадный тарт,FOOD,READY_DISH,Пирожные,3,3,,,UNRESOLVED,0.0
Шоколадты маффин,шоколадты маффин,шоколадты маффин,FOOD,READY_DISH,Пирожные,3,3,,,UNRESOLVED,0.0
Шпинатный торт,шпинатный торт,шпинатный торт,FOOD,READY_DISH,Торты,3,3,,,UNRESOLVED,0.0
Шпинатный торт (кіші),шпинатный торт кіші,шпинатный торт кіші,FOOD,READY_DISH,Маленькие торты,3,3,,,UNRESOLVED,0.0
Шу классический,шу классический,шу классический,FOOD,READY_DISH,Пирожные,3,3,,,UNRESOLVED,0.0
Эклер ванильный,эклер ванильный,эклер ванильный,FOOD,READY_DISH,Пирожные,3,3,,,UNRESOLVED,0.0
Эклер шоколад,эклер шоколад,эклер шоколад,FOOD,READY_DISH,Пирожные,3,3,,,UNRESOLVED,0.0
Эспрпессо-тоник,эспрпессо тоник,эспрпессо тоник,FOOD,READY_DISH,Холодные напитки,3,3,,,UNRESOLVED,0.0
Яйцо бенедикт с лососем,яйцо бенедикт с лососем,яйцо бенедикт с лососем,FOOD,READY_DISH,Сытные завтраки,3,3,,,UNRESOLVED,0.0
5 Таежных ягод 450мл,5 таежных ягод 450мл,5 таежных ягод,FOOD,READY_DISH,Лимонады,2,2,,,UNRESOLVED,0.0
Bumble coffee 350мл,bumble coffee 350мл,bumble coffee,FOOD,READY_DISH,Сезонные напитки,2,2,,,UNRESOLVED,0.0
Espresso tonic 350мл,espresso tonic 350мл,espresso tonic,FOOD,READY_DISH,Сезонные напитки,2,2,,,UNRESOLVED,0.0
Ice Cherry 450мл,ice cherry 450мл,ice cherry,FOOD,READY_DISH,Сезонные напитки,2,2,,,UNRESOLVED,0.0
Ice Spanish Peach 450мл,ice spanish peach 450мл,ice spanish peach,FOOD,READY_DISH,Сезонные напитки,2,2,,,UNRESOLVED,0.0
Ice Tea Peach 450мл,ice tea peach 450мл,ice tea peach,FOOD,READY_DISH,Сезонные напитки,2,2,,,UNRESOLVED,0.0
Rainbow Unicorn 450мл,rainbow unicorn 450мл,rainbow unicorn,FOOD,PRODUCT,Молочные коктейли,2,2,,,UNRESOLVED,0.0
Айс ти,айс ти,айс ти,FOOD,READY_DISH,Напитки,2,2,,,UNRESOLVED,0.0
Айс-Кофе,айс кофе,айс кофе,FOOD,READY_DISH,Кофе | Остальное,2,2,,,UNRESOLVED,0.0
Американский завтрак,американский завтрак,американский завтрак,FOOD,READY_DISH,КУХНЯ,2,2,,,UNRESOLVED,0.0
Арт десерт «Кофе» 1 шт.,арт десерт кофе 1 шт,арт десерт кофе,FOOD,READY_DISH,Десерты,2,2,,,UNRESOLVED,0.0
Арт десерт «Фисташка»,арт десерт фисташка,арт десерт фисташка,FOOD,READY_DISH,Десерты,2,2,,,UNRESOLVED,0.0
Ассорти бокс,ассорти бокс,ассорти бокс,FOOD,READY_DISH,Салаты и закуски,2,2,,,UNRESOLVED,0.0
Ассорти сухофруктов,ассорти сухофруктов,ассорти сухофруктов,FOOD,READY_DISH,Десерты,2,2,,,UNRESOLVED,0.0
Бамбл кофе /400 мл,бамбл кофе 400 мл,бамбл кофе,FOOD,PRODUCT,БАР,2,2,,,UNRESOLVED,0.0
Безглютеновая паста /80 гр,безглютеновая паста 80 гр,безглютеновая паста,FOOD,READY_DISH,КУХНЯ,2,2,,,UNRESOLVED,0.0
Бельгийские вафли,бельгийские вафли,бельгийские вафли,FOOD,READY_DISH,Десерты,2,2,,,UNRESOLVED,0.0
Бенедикт с лососем,бенедикт с лососем,бенедикт с лососем,FOOD,READY_DISH,Завтраки,2,2,,,UNRESOLVED,0.0
Бургер классик,бургер классик,бургер классик,FOOD,PRODUCT,Бургеры,2,2,,,UNRESOLVED,0.0
Бургер с кусочками курицы,бургер с кусочками курицы,бургер с кусочками курицы,FOOD,PRODUCT,Бургеры,2,2,,,UNRESOLVED,0.0
Бургер халапеньо,бургер халапеньо,бургер халапеньо,FOOD,PRODUCT,Бургеры,2,2,,,UNRESOLVED,0.0
Ваниль 450мл,ваниль 450мл,ваниль,FOOD,PRODUCT,Молочные коктейли,2,2,,,UNRESOLVED,0.0
Восточный завтрак,восточный завтрак,восточный завтрак,FOOD,READY_DISH,КУХНЯ,2,2,,,UNRESOLVED,0.0
Вяленое ассорти,вяленое ассорти,вяленое ассорти,FOOD,READY_DISH,Закуски к пенному,2,2,,,UNRESOLVED,0.0
Глинтвейн 360мл,глинтвейн 360мл,глинтвейн,FOOD,READY_DISH,Горячие напитки,2,2,,,UNRESOLVED,0.0
Голубцы,голубцы,голубцы,FOOD,READY_DISH,Горячие блюда | Замороженная продукция,2,2,,,UNRESOLVED,0.0
Горячая закуска к пенному,горячая закуска к пенному,горячая закуска к пенному,FOOD,READY_DISH,Закуски к пенному,2,2,,,UNRESOLVED,0.0
Грибной бургер,грибной бургер,грибной бургер,FOOD,PRODUCT,Бургеры,2,2,,,UNRESOLVED,0.0
Гриль салат с индейкой,гриль салат с индейкой,гриль салат с индейкой,FOOD,READY_DISH,Салаты и закуски,2,2,,,UNRESOLVED,0.0
Десерт «Ананасовый мусс-кейк»,десерт ананасовый мусс кейк,десерт ананасовый мусс кейк,FOOD,READY_DISH,Десерты,2,2,,,UNRESOLVED,0.0
Десерт «Ананасовый мусс-кейк»-4шт,десерт ананасовый мусс кейк 4шт,десерт ананасовый мусс кейк,FOOD,READY_DISH,Десерты,2,2,,,UNRESOLVED,0.0
Десерт Павлова,десерт павлова,десерт павлова,FOOD,READY_DISH,Десерты,2,2,,,UNRESOLVED,0.0
Добавьте ингредиенты и соберите свой завтрак,добавьте ингредиенты и соберите свой завтрак,добавьте ингредиенты и соберите свой завтрак,FOOD,READY_DISH,КУХНЯ,2,2,,,UNRESOLVED,0.0
Донер в батоне ассорти,донер в батоне ассорти,донер в батоне ассорти,FOOD,PRODUCT,Донер/Бургет/Сеты | Донеры,2,2,,,UNRESOLVED,0.0
Донер в батоне говяжий,донер в батоне говяжий,донер в батоне говяжий,FOOD,PRODUCT,Донер/Бургет/Сеты | Донеры,2,2,,,UNRESOLVED,0.0
Жаренные манты с картофелем,жаренные манты с картофелем,жаренные манты с картофелем,FOOD,READY_DISH,Вторые блюда,2,2,,,UNRESOLVED,0.0
завтрак восстановления,завтрак восстановления,завтрак восстановления,FOOD,READY_DISH,КУХНЯ,2,2,,,UNRESOLVED,0.0
Завтрак из 3-х яиц,завтрак из 3 х яиц,завтрак из 3 х яиц,FOOD,READY_DISH,КУХНЯ,2,2,,,UNRESOLVED,0.0
Завтрак марафонца,завтрак марафонца,завтрак марафонца,FOOD,READY_DISH,КУХНЯ,2,2,,,UNRESOLVED,0.0
Запеченные косточки,запеченные косточки,запеченные косточки,FOOD,READY_DISH,Салаты и закуски,2,2,,,UNRESOLVED,0.0
К завтраку вы можете выбрать фильтр кофе или чайник чая ассам/сенча,к завтраку вы можете выбрать фильтр кофе или чайник чая ассам сенча,к завтраку вы можете выбрать фильтр кофе или чайник чая ассам сенча,FOOD,PRODUCT,Остальное,2,2,,,UNRESOLVED,0.0
Кавказский,кавказский,кавказский,FOOD,PRODUCT,Соусы,2,2,,,UNRESOLVED,0.0
Казан-кебаб с фри бараниной,казан кебаб с фри бараниной,казан кебаб с фри бараниной,FOOD,READY_DISH,Вторые блюда,2,2,,,UNRESOLVED,0.0
Карак шай 250мл,карак шай 250мл,карак шай,FOOD,READY_DISH,Горячие напитки,2,2,,,UNRESOLVED,0.0
Карак шай 360мл,карак шай 360мл,карак шай,FOOD,READY_DISH,Горячие напитки,2,2,,,UNRESOLVED,0.0
Комбо,комбо,комбо,FOOD,PRODUCT,Бургеры,2,2,,,UNRESOLVED,0.0
Котлета по-киевски,котлета по киевски,котлета по киевски,FOOD,READY_DISH,Горячее | Горячие блюда,2,2,,,UNRESOLVED,0.0
Криспи бургер,криспи бургер,криспи бургер,FOOD,PRODUCT,Бургеры,2,2,,,UNRESOLVED,0.0
Кунафе по рецепту от Анвара Бабаджанова,кунафе по рецепту от анвара бабаджанова,кунафе по рецепту от анвара бабаджанова,FOOD,READY_DISH,Десерты,2,2,,,UNRESOLVED,0.0
Кунг Пао,кунг пао,кунг пао,FOOD,PRODUCT,Воки | Курица,2,2,,,UNRESOLVED,0.0
Куриный суп с лапшой,куриный суп с лапшой,куриный суп с лапшой,FOOD,READY_DISH,Супы,2,2,,,UNRESOLVED,0.0
Маковый пирог,маковый пирог,маковый пирог,FOOD,PRODUCT,Пироги,2,2,,,UNRESOLVED,0.0
Манты с картофелем и курочкой,манты с картофелем и курочкой,манты с картофелем и курочкой,FOOD,READY_DISH,Вторые блюда,2,2,,,UNRESOLVED,0.0
Манты с тыквой,манты с тыквой,манты с тыквой,FOOD,READY_DISH,Блюда | Восточная кухня,2,2,,,UNRESOLVED,0.0
Манты с тыквой/ с джусаем по сезону,манты с тыквой с джусаем по сезону,манты с тыквой с джусаем по сезону,FOOD,READY_DISH,Вторые блюда,2,2,,,UNRESOLVED,0.0
Марокканский,марокканский,марокканский,FOOD,READY_DISH,Чай,2,2,,,UNRESOLVED,0.0
Микс салата /30 гр,микс салата 30 гр,микс салата,FOOD,READY_DISH,КУХНЯ,2,2,,,UNRESOLVED,0.0
Мини бургеры,мини бургеры,мини бургеры,FOOD,READY_DISH,Закуски | Сэндвичи и бургеры,2,2,,,UNRESOLVED,0.0
Моккачино 250мл,моккачино 250мл,моккачино,FOOD,READY_DISH,Кофейная карта,2,2,,,UNRESOLVED,0.0
Моккачино 360мл,моккачино 360мл,моккачино,FOOD,READY_DISH,Кофейная карта,2,2,,,UNRESOLVED,0.0
Моккачино 480мл,моккачино 480мл,моккачино,FOOD,READY_DISH,Кофейная карта,2,2,,,UNRESOLVED,0.0
Мороженое фруктами,мороженое фруктами,мороженое фруктами,FOOD,READY_DISH,Десерты,2,2,,,UNRESOLVED,0.0
"Напиток сывороточный ЛактоАс, 0,5%, 0,5л",напиток сывороточный лактоас 0 5 0 5л,напиток сывороточный лактоас,FOOD,PRODUCT,Товары,2,2,,,UNRESOLVED,0.0
Национальные сладости,национальные сладости,национальные сладости,FOOD,READY_DISH,Десерты,2,2,,,UNRESOLVED,0.0
Омлет,омлет,омлет,FOOD,READY_DISH,Завтраки | Завтраки от 11:00 до 12:30,2,2,,,UNRESOLVED,0.0
Орео шейк 360мл,орео шейк 360мл,орео шейк,FOOD,READY_DISH,Детские напитки,2,2,,,UNRESOLVED,0.0
Орешки количество 18 шт,орешки количество 18 шт,орешки количество,FOOD,READY_DISH,Десерты,2,2,,,UNRESOLVED,0.0
Орешки количество-9 шт,орешки количество 9 шт,орешки количество,FOOD,READY_DISH,Десерты,2,2,,,UNRESOLVED,0.0
Персиковый пирог,персиковый пирог,персиковый пирог,FOOD,PRODUCT,Пироги,2,2,,,UNRESOLVED,0.0
Пирожное «Milka»,пирожное milka,пирожное milka,FOOD,READY_DISH,Пирожное,2,2,,,UNRESOLVED,0.0
Пирожное «Медовый»,пирожное медовый,пирожное медовый,FOOD,READY_DISH,Пирожное,2,2,,,UNRESOLVED,0.0
Пирожное «Эклер-4шт»,пирожное эклер 4шт,пирожное эклер,FOOD,READY_DISH,Пирожное,2,2,,,UNRESOLVED,0.0
Пирожное «Эклер-профитроли»-9 шт,пирожное эклер профитроли 9 шт,пирожное эклер профитроли,FOOD,READY_DISH,Пирожное,2,2,,,UNRESOLVED,0.0
Пирожное Шу,пирожное шу,пирожное шу,FOOD,READY_DISH,Десерты,2,2,,,UNRESOLVED,0.0
Пирожное “Прага”,пирожное прага,пирожное прага,FOOD,READY_DISH,Пирожное,2,2,,,UNRESOLVED,0.0
Плов Узгенский,плов узгенский,плов узгенский,FOOD,READY_DISH,Заказные блюда,2,2,,,UNRESOLVED,0.0
Половина торта «Блинный”,половина торта блинный,половина торта блинный,FOOD,READY_DISH,Половинки тортов,2,2,,,UNRESOLVED,0.0
Половина торта «Карамельно-медовый»,половина торта карамельно медовый,половина торта карамельно медовый,FOOD,READY_DISH,Половинки тортов,2,2,,,UNRESOLVED,0.0
Половина торта «Карамельно-ореховый»,половина торта карамельно ореховый,половина торта карамельно ореховый,FOOD,READY_DISH,Половинки тортов,2,2,,,UNRESOLVED,0.0
Половина торта «Королевский»,половина торта королевский,половина торта королевский,FOOD,READY_DISH,Половинки тортов,2,2,,,UNRESOLVED,0.0
Половина торта «Прага»,половина торта прага,половина торта прага,FOOD,READY_DISH,Половинки тортов,2,2,,,UNRESOLVED,0.0
Половина торта «Фисташковый»,половина торта фисташковый,половина торта фисташковый,FOOD,READY_DISH,Половинки тортов,2,2,,,UNRESOLVED,0.0
Половина торта «Шоколадно-блинный»,половина торта шоколадно блинный,половина торта шоколадно блинный,FOOD,READY_DISH,Половинки тортов,2,2,,,UNRESOLVED,0.0
Портерхаус,портерхаус,портерхаус,FOOD,PRODUCT,Говядина,2,2,,,UNRESOLVED,0.0
ПРАГА,прага,прага,FOOD,READY_DISH,ТОРТЫ масовочные | Торты по предзаказу,2,2,,,UNRESOLVED,0.0
Припущенные овощи,припущенные овощи,припущенные овощи,FOOD,READY_DISH,Гарниры,2,2,,,UNRESOLVED,0.0
Рамён,рамен,рамен,FOOD,READY_DISH,Супы,2,2,,,UNRESOLVED,0.0
Раф 250мл,раф 250мл,раф,FOOD,READY_DISH,Кофейная карта,2,2,,,UNRESOLVED,0.0
Раф 360мл,раф 360мл,раф,FOOD,READY_DISH,Кофейная карта,2,2,,,UNRESOLVED,0.0
Раф 480мл,раф 480мл,раф,FOOD,READY_DISH,Кофейная карта,2,2,,,UNRESOLVED,0.0
Раф классический,раф классический,раф классический,FOOD,READY_DISH,Горячие кофейные напитки | Кофе,2,2,,,UNRESOLVED,0.0
Раф лаванда 360мл,раф лаванда 360мл,раф лаванда,FOOD,READY_DISH,Фирменные напитки,2,2,,,UNRESOLVED,0.0
Раф цитрусовый 360мл,раф цитрусовый 360мл,раф цитрусовый,FOOD,READY_DISH,Фирменные напитки,2,2,,,UNRESOLVED,0.0
РАФАЭЛЛО,рафаэлло,рафаэлло,FOOD,READY_DISH,ПАНКЕЙКТЕР | ТОРТЫ масовочные,2,2,,,UNRESOLVED,0.0
Ройбуш карамельный,ройбуш карамельный,ройбуш карамельный,FOOD,READY_DISH,Чай,2,2,,,UNRESOLVED,0.0
Рыба в кисло-сладком соусе,рыба в кисло сладком соусе,рыба в кисло сладком соусе,FOOD,READY_DISH,Вторые блюда,2,2,,,UNRESOLVED,0.0
Рыба запеченная,рыба запеченная,рыба запеченная,FOOD,READY_DISH,Заказные блюда,2,2,,,UNRESOLVED,0.0
Салат коул слоу,салат коул слоу,салат коул слоу,FOOD,READY_DISH,КУХНЯ,2,2,,,UNRESOLVED,0.0
САЛАТ МАЛИБУ,салат малибу,салат малибу,FOOD,READY_DISH,Салаты,2,2,,,UNRESOLVED,0.0
Салат с хрустящими баклажанами,салат с хрустящими баклажанами,салат с хрустящими баклажанами,FOOD,READY_DISH,Салаты,2,2,,,UNRESOLVED,0.0
Со смородиной,со смородиной,со смородиной,FOOD,READY_DISH,Чай,2,2,,,UNRESOLVED,0.0
Соленья,соленья,соленья,FOOD,READY_DISH,Салаты и закуски,2,2,,,UNRESOLVED,0.0
Соте из курицы,соте из курицы,соте из курицы,FOOD,READY_DISH,Горячее,2,2,,,UNRESOLVED,0.0
Стейк Нью-Йорк,стейк нью йорк,стейк нью йорк,FOOD,READY_DISH,Горячие блюда | Мясные Стейки,2,2,,,UNRESOLVED,0.0
суп лапша с фрикадельками,суп лапша с фрикадельками,суп лапша с фрикадельками,FOOD,READY_DISH,КУХНЯ,2,2,,,UNRESOLVED,0.0
Сырное плато,сырное плато,сырное плато,FOOD,READY_DISH,Закуски | На компанию,2,2,,,UNRESOLVED,0.0
Сытный завтрак,сытный завтрак,сытный завтрак,FOOD,READY_DISH,КУХНЯ,2,2,,,UNRESOLVED,0.0
Ташкентский,ташкентский,ташкентский,FOOD,READY_DISH,Чай,2,2,,,UNRESOLVED,0.0
ТВОРОЖНЫЙ,творожный,творожный,FOOD,READY_DISH,Пироги | ТОРТЫ масовочные,2,2,,,UNRESOLVED,0.0
теплый салат с индейкой,теплый салат с индейкой,теплый салат с индейкой,FOOD,READY_DISH,КУХНЯ,2,2,,,UNRESOLVED,0.0
Теплый салат с кониной,теплый салат с кониной,теплый салат с кониной,FOOD,READY_DISH,Салаты,2,2,,,UNRESOLVED,0.0
Той Бешбармак с кониной,той бешбармак с кониной,той бешбармак с кониной,FOOD,READY_DISH,Заказные блюда,2,2,,,UNRESOLVED,0.0
Том ям с морепродуктами,том ям с морепродуктами,том ям с морепродуктами,FOOD,READY_DISH,Супы,2,2,,,UNRESOLVED,0.0
Торт «Блинный»,торт блинный,торт блинный,FOOD,READY_DISH,Большие торты,2,2,,,UNRESOLVED,0.0
Торт «Карамельно-медовый»,торт карамельно медовый,торт карамельно медовый,FOOD,READY_DISH,Торты,2,2,,,UNRESOLVED,0.0
Торт «Карамельно-ореховый»,торт карамельно ореховый,торт карамельно ореховый,FOOD,READY_DISH,Торты,2,2,,,UNRESOLVED,0.0
Торт «Королевский»,торт королевский,торт королевский,FOOD,READY_DISH,Торты,2,2,,,UNRESOLVED,0.0
Торт «Фисташковый»,торт фисташковый,торт фисташковый,FOOD,READY_DISH,Торты,2,2,,,UNRESOLVED,0.0
Торт «Шоколадный блинный»,торт шоколадный блинный,торт шоколадный блинный,FOOD,READY_DISH,Большие торты,2,2,,,UNRESOLVED,0.0
Трайфл «Whoopie pie»,трайфл whoopie pie,трайфл whoopie pie,FOOD,READY_DISH,Десерты,2,2,,,UNRESOLVED,0.0
Трайфл «Карамельный»,трайфл карамельный,трайфл карамельный,FOOD,READY_DISH,Десерты,2,2,,,UNRESOLVED,0.0
Трайфл «Три шоколада»,трайфл три шоколада,трайфл три шоколада,FOOD,READY_DISH,Десерты,2,2,,,UNRESOLVED,0.0
Турецкий завтрак,турецкий завтрак,турецкий завтрак,FOOD,READY_DISH,Завтраки от 11:00 до 12:30 | Сытные завтраки,2,2,,,UNRESOLVED,0.0
Тёплый салат с брынзой,теплый салат с брынзой,теплый салат с брынзой,FOOD,READY_DISH,Салаты и закуски,2,2,,,UNRESOLVED,0.0
Тұран кофе 360мл,тұран кофе 360мл,тұран кофе,FOOD,READY_DISH,Фирменные напитки,2,2,,,UNRESOLVED,0.0
Фирменный завтрак,фирменный завтрак,фирменный завтрак,FOOD,READY_DISH,Завтраки: | Сытные завтраки,2,2,,,UNRESOLVED,0.0
Фирменный плов NAVAT,фирменный плов navat,фирменный плов navat,FOOD,READY_DISH,Заказные блюда,2,2,,,UNRESOLVED,0.0
Фитнес завтрак,фитнес завтрак,фитнес завтрак,FOOD,READY_DISH,Завтраки: | Фитнес,2,2,,,UNRESOLVED,0.0
фреш паста с курицей и грибами,фреш паста с курицей и грибами,фреш паста с курицей и грибами,FOOD,READY_DISH,КУХНЯ,2,2,,,UNRESOLVED,0.0
фреш паста с лососем,фреш паста с лососем,фреш паста с лососем,FOOD,READY_DISH,КУХНЯ,2,2,,,UNRESOLVED,0.0
фреш паста с томленой говядиной,фреш паста с томленой говядиной,фреш паста с томленой говядиной,FOOD,READY_DISH,КУХНЯ,2,2,,,UNRESOLVED,0.0
Фруктовое ассорти (по сезону),фруктовое ассорти по сезону,фруктовое ассорти по сезону,FOOD,READY_DISH,Десерты,2,2,,,UNRESOLVED,0.0
Хан Плов,хан плов,хан плов,FOOD,READY_DISH,Заказные блюда,2,2,,,UNRESOLVED,0.0
хворост,хворост,хворост,FOOD,READY_DISH,Выпечка | Десерты,2,2,,,UNRESOLVED,0.0
Холодная закуска к пенному,холодная закуска к пенному,холодная закуска к пенному,FOOD,READY_DISH,Закуски к пенному,2,2,,,UNRESOLVED,0.0
Цезарь с курицей,цезарь с курицей,цезарь с курицей,FOOD,READY_DISH,Салаты,2,2,,,UNRESOLVED,0.0
чебуреки,чебуреки,чебуреки,FOOD,READY_DISH,Выпечка | Горячие блюда,2,2,,,UNRESOLVED,0.0
Чечевичный суп,чечевичный суп,чечевичный суп,FOOD,READY_DISH,Супы,2,2,,,UNRESOLVED,0.0
Эрл грей,эрл грей,эрл грей,FOOD,READY_DISH,Чай,2,2,,,UNRESOLVED,0.0
Қазақ шай 360мл,қазақ шай 360мл,қазақ шай,FOOD,READY_DISH,Горячие напитки,2,2,,,UNRESOLVED,0.0
Классический,классический,классический,AMBIGUOUS,READY_DISH,Ice Tea | Лимонад | Раф,11,6,,,UNRESOLVED,0.0
тартин,тартин,тартин,AMBIGUOUS,READY_DISH,КУХНЯ | Нан өнімдері | Хлебобулочные изделия,10,10,,,UNRESOLVED,0.0
Promo от Мираторг,promo от мираторг,promo от мираторг,AMBIGUOUS,PRODUCT,Каталог,9,9,,,UNRESOLVED,0.0
Америкалық шоколадты печенье | Американское шоколадное печенье,америкалық шоколадты печенье американское шоколадное печенье,америкалық шоколадты печенье американское шоколадное печенье,AMBIGUOUS,PRODUCT,Печенье,8,8,,,UNRESOLVED,0.0
Безе қосылған печенье | Печенье с безе,безе қосылған печенье печенье с безе,безе қосылған печенье печенье с безе,AMBIGUOUS,PRODUCT,Печенье,8,8,,,UNRESOLVED,0.0
Бискотти,бискотти,бискотти,AMBIGUOUS,PRODUCT,Печенье,8,8,,,UNRESOLVED,0.0
Бискотти шоколадты | шоколадный,бискотти шоколадты шоколадный,бискотти шоколадты шоколадный,AMBIGUOUS,PRODUCT,Печенье,8,8,,,UNRESOLVED,0.0
Пісте салмасы бар ақуыз орамасы | Меренговый рулет с фисташковой начинкой,пісте салмасы бар ақуыз орамасы меренговый рулет с фисташковой начинкой,пісте салмасы бар ақуыз орамасы меренговый рулет с фисташковой начинкой,AMBIGUOUS,PRODUCT,Рулет,8,8,,,UNRESOLVED,0.0
Таңқурай салмасы бар ақуыз орамасы | Меренговый рулет с малиновой начинкой,таңқурай салмасы бар ақуыз орамасы меренговый рулет с малиновой начинкой,таңқурай салмасы бар ақуыз орамасы меренговый рулет с малиновой начинкой,AMBIGUOUS,PRODUCT,Рулет,8,8,,,UNRESOLVED,0.0
Қаражидек салмасы бар ақуыз орамасы | Меренговый рулет с черничной начинкой,қаражидек салмасы бар ақуыз орамасы меренговый рулет с черничной начинкой,қаражидек салмасы бар ақуыз орамасы меренговый рулет с черничной начинкой,AMBIGUOUS,PRODUCT,Рулет,8,8,,,UNRESOLVED,0.0
Құрма қосылған печенье | Печенье с финиками,құрма қосылған печенье печенье с финиками,құрма қосылған печенье печенье с финиками,AMBIGUOUS,PRODUCT,Печенье,8,8,,,UNRESOLVED,0.0
Мохито 1000 мл,мохито 1000 мл,мохито,AMBIGUOUS,READY_DISH,Лимонад,7,7,,,UNRESOLVED,0.0
Мохито 400 мл,мохито 400 мл,мохито,AMBIGUOUS,READY_DISH,Лимонад,7,7,,,UNRESOLVED,0.0
Солёная карамель,соленая карамель,соленая карамель,AMBIGUOUS,PRODUCT,Ассортимент сиропов | Раф,7,7,,,UNRESOLVED,0.0
ШАМПУНЬ ДЛЯ ВОЛОС,шампунь для волос,шампунь для волос,AMBIGUOUS,PRODUCT,средства гигиены,7,7,,,UNRESOLVED,0.0
Шәрбәт / Сироп (30 мл.),шәрбәт сироп 30 мл,шәрбәт сироп,AMBIGUOUS,PRODUCT,Чаи | Шай,7,7,,,UNRESOLVED,0.0
Ассам,ассам,ассам,AMBIGUOUS,READY_DISH,Листовые чаи | Чай,6,6,,,UNRESOLVED,0.0
"Гель чистящий универсальный, Homestar, 10 в 1, 750 г, в ассортименте",гель чистящий универсальный homestar 10 в 1 750 г в ассортименте,гель чистящий универсальный homestar 10 в 1 в ассортименте,AMBIGUOUS,PRODUCT,Бытовая химия | Популярное,6,3,,,UNRESOLVED,0.0
Домашние вареники с картофелем,домашние вареники с картофелем,домашние вареники с картофелем,AMBIGUOUS,READY_DISH,Вторые блюда | Европейская кухня,6,4,,,UNRESOLVED,0.0
Вареники с картофелем,вареники с картофелем,вареники с картофелем,AMBIGUOUS,PRODUCT,Вареники | Замороженная продукция,5,5,,,UNRESOLVED,0.0
Вареники с картофелем и грибами,вареники с картофелем и грибами,вареники с картофелем и грибами,AMBIGUOUS,PRODUCT,Вареники | Замороженная продукция,5,5,,,UNRESOLVED,0.0
Вишневый,вишневый,вишневый,AMBIGUOUS,PRODUCT,Глинтвейн,5,5,,,UNRESOLVED,0.0
Гуйру лагман,гуйру лагман,гуйру лагман,AMBIGUOUS,READY_DISH,Вторые блюда | Лагманы,5,5,,,UNRESOLVED,0.0
Клубничный мохито 1л,клубничный мохито 1л,клубничный мохито,AMBIGUOUS,READY_DISH,Лимонады,5,5,,,UNRESOLVED,0.0
Клубничный мохито 375мл,клубничный мохито 375мл,клубничный мохито,AMBIGUOUS,READY_DISH,Лимонады,5,5,,,UNRESOLVED,0.0
Клубничный улун,клубничный улун,клубничный улун,AMBIGUOUS,PRODUCT,Ice Tea,5,5,,,UNRESOLVED,0.0
"Марокканский 0,4",марокканский 0 4,марокканский 0 4,AMBIGUOUS,PRODUCT,Авторские чаи,5,5,,,UNRESOLVED,0.0
"Марокканский 0,9",марокканский 0 9,марокканский 0 9,AMBIGUOUS,PRODUCT,Авторские чаи,5,5,,,UNRESOLVED,0.0
Матча,матча,матча,AMBIGUOUS,PRODUCT,БАР | Матча,5,5,,,UNRESOLVED,0.0
Мохито 1000 ml,мохито 1000 ml,мохито,AMBIGUOUS,READY_DISH,Лимонады,5,5,,,UNRESOLVED,0.0
Мохито 400 ml,мохито 400 ml,мохито,AMBIGUOUS,READY_DISH,Лимонады,5,5,,,UNRESOLVED,0.0
"Облепиховый 0,4",облепиховый 0 4,облепиховый 0 4,AMBIGUOUS,PRODUCT,Авторские чаи,5,5,,,UNRESOLVED,0.0
"Облепиховый 0,9",облепиховый 0 9,облепиховый 0 9,AMBIGUOUS,PRODUCT,Авторские чаи,5,5,,,UNRESOLVED,0.0
Сироп,сироп,сироп,AMBIGUOUS,READY_DISH,Дополнительно | Дополнительно: | Дополнительное | Допы и Альтернатива | Кофе,5,5,,,UNRESOLVED,0.0
Тауык Тандыр,тауык тандыр,тауык тандыр,AMBIGUOUS,READY_DISH,Заказные блюда | Новинки в меню,5,3,,,UNRESOLVED,0.0
"Ташкентский 0,4",ташкентский 0 4,ташкентский 0 4,AMBIGUOUS,PRODUCT,Авторские чаи,5,5,,,UNRESOLVED,0.0
Ашлям-фу,ашлям фу,ашлям фу,AMBIGUOUS,READY_DISH,Вторые блюда,4,4,,,UNRESOLVED,0.0
Бризоль,бризоль,бризоль,AMBIGUOUS,READY_DISH,Вторые блюда,4,4,,,UNRESOLVED,0.0
Брускетта с лососем,брускетта с лососем,брускетта с лососем,AMBIGUOUS,READY_DISH,Брускетта | Закуски/Салаты,4,4,,,UNRESOLVED,0.0
Булочка Любительская,булочка любительская,булочка любительская,AMBIGUOUS,PRODUCT,Булочные изделия,4,4,,,UNRESOLVED,0.0
Булочка Плюшка,булочка плюшка,булочка плюшка,AMBIGUOUS,PRODUCT,Булочные изделия,4,4,,,UNRESOLVED,0.0
Вареники с капустой,вареники с капустой,вареники с капустой,AMBIGUOUS,PRODUCT,Вареники,4,4,,,UNRESOLVED,0.0
Вареники с черникой,вареники с черникой,вареники с черникой,AMBIGUOUS,PRODUCT,Вареники,4,4,,,UNRESOLVED,0.0
Вегетарианский гуйру лагман,вегетарианский гуйру лагман,вегетарианский гуйру лагман,AMBIGUOUS,READY_DISH,Вторые блюда,4,4,,,UNRESOLVED,0.0
Гуйру ганфан,гуйру ганфан,гуйру ганфан,AMBIGUOUS,READY_DISH,Вторые блюда,4,4,,,UNRESOLVED,0.0
Заправка для голубцов,заправка для голубцов,заправка для голубцов,AMBIGUOUS,PRODUCT,Голубцы и перцы,4,4,,,UNRESOLVED,0.0
Картофельные зразы с грибами,картофельные зразы с грибами,картофельные зразы с грибами,AMBIGUOUS,PRODUCT,Зразы,4,4,,,UNRESOLVED,0.0
Картофельные зразы с капустой,картофельные зразы с капустой,картофельные зразы с капустой,AMBIGUOUS,PRODUCT,Зразы,4,4,,,UNRESOLVED,0.0
Каурма лагман,каурма лагман,каурма лагман,AMBIGUOUS,READY_DISH,Вторые блюда,4,4,,,UNRESOLVED,0.0
Крутики со сгущенкой,крутики со сгущенкой,крутики со сгущенкой,AMBIGUOUS,PRODUCT,Булочные изделия,4,4,,,UNRESOLVED,0.0
Курочка с арахисом по-китайски,курочка с арахисом по китайски,курочка с арахисом по китайски,AMBIGUOUS,PRODUCT,Новинки в меню,4,4,,,UNRESOLVED,0.0
Лагман по-домашнему,лагман по домашнему,лагман по домашнему,AMBIGUOUS,READY_DISH,Вторые блюда,4,4,,,UNRESOLVED,0.0
Лазуро,лазуро,лазуро,AMBIGUOUS,READY_DISH,Вторые блюда,4,4,,,UNRESOLVED,0.0
Маргарита,маргарита,маргарита,AMBIGUOUS,READY_DISH,Итальянская кухня | Пицца,4,4,,,UNRESOLVED,0.0
Матча-тоник,матча тоник,матча тоник,AMBIGUOUS,READY_DISH,Кофе | Матча,4,4,,,UNRESOLVED,0.0
Меренга с арахисом,меренга с арахисом,меренга с арахисом,AMBIGUOUS,PRODUCT,Печенье,4,4,,,UNRESOLVED,0.0
Мини Шоко-сушки,мини шоко сушки,мини шоко сушки,AMBIGUOUS,PRODUCT,Сушки,4,4,,,UNRESOLVED,0.0
Мини Шоко-сушки с глазурью,мини шоко сушки с глазурью,мини шоко сушки с глазурью,AMBIGUOUS,PRODUCT,Сушки,4,4,,,UNRESOLVED,0.0
Мини-сушки Малютка,мини сушки малютка,мини сушки малютка,AMBIGUOUS,PRODUCT,Сушки,4,4,,,UNRESOLVED,0.0
Мини-штрудель,мини штрудель,мини штрудель,AMBIGUOUS,PRODUCT,Булочные изделия,4,4,,,UNRESOLVED,0.0
Мохито,мохито,мохито,AMBIGUOUS,READY_DISH,БЕЗАЛКОГОЛЬНЫЕ НАПИТКИ | Лимонады,4,4,,,UNRESOLVED,0.0
Паштет деликатесный,паштет деликатесный,паштет деликатесный,AMBIGUOUS,PRODUCT,Прочее,4,4,,,UNRESOLVED,0.0
Перец фаршированный с грибами,перец фаршированный с грибами,перец фаршированный с грибами,AMBIGUOUS,PRODUCT,Голубцы и перцы,4,4,,,UNRESOLVED,0.0
Песочное кольцо,песочное кольцо,песочное кольцо,AMBIGUOUS,PRODUCT,Печенье,4,4,,,UNRESOLVED,0.0
Печенье Американер,печенье американер,печенье американер,AMBIGUOUS,PRODUCT,Печенье,4,4,,,UNRESOLVED,0.0
Печенье Грильяж,печенье грильяж,печенье грильяж,AMBIGUOUS,PRODUCT,Печенье,4,4,,,UNRESOLVED,0.0
"Печенье Овсяное 0,4",печенье овсяное 0 4,печенье овсяное 0 4,AMBIGUOUS,PRODUCT,Печенье,4,4,,,UNRESOLVED,0.0
"Печенье овсяное весовое 2,6",печенье овсяное весовое 2 6,печенье овсяное весовое 2 6,AMBIGUOUS,PRODUCT,Печенье,4,4,,,UNRESOLVED,0.0
Печенье песочное Минутка,печенье песочное минутка,печенье песочное минутка,AMBIGUOUS,PRODUCT,Печенье,4,4,,,UNRESOLVED,0.0
Печенье Фантазия,печенье фантазия,печенье фантазия,AMBIGUOUS,PRODUCT,Печенье,4,4,,,UNRESOLVED,0.0
Печенье Шоколадный Американер,печенье шоколадный американер,печенье шоколадный американер,AMBIGUOUS,PRODUCT,Печенье,4,4,,,UNRESOLVED,0.0
Пряники Шоколадные,пряники шоколадные,пряники шоколадные,AMBIGUOUS,PRODUCT,Пряники,4,4,,,UNRESOLVED,0.0
Разноцветное безе,разноцветное безе,разноцветное безе,AMBIGUOUS,PRODUCT,Печенье,4,4,,,UNRESOLVED,0.0
Рулет Домашний,рулет домашний,рулет домашний,AMBIGUOUS,PRODUCT,Булочные изделия,4,4,,,UNRESOLVED,0.0
Рулет Салем,рулет салем,рулет салем,AMBIGUOUS,PRODUCT,Булочные изделия,4,4,,,UNRESOLVED,0.0
"Сдоба ""Бис""",сдоба бис,сдоба бис,AMBIGUOUS,PRODUCT,Булочные изделия,4,4,,,UNRESOLVED,0.0
Сдоба «Парижанка»,сдоба парижанка,сдоба парижанка,AMBIGUOUS,PRODUCT,Булочные изделия,4,4,,,UNRESOLVED,0.0
Сдоба Розанчик,сдоба розанчик,сдоба розанчик,AMBIGUOUS,PRODUCT,Булочные изделия,4,4,,,UNRESOLVED,0.0
Сухарики к бульону,сухарики к бульону,сухарики к бульону,AMBIGUOUS,PRODUCT,Сухарные изделия,4,4,,,UNRESOLVED,0.0
Сухарики со вкусом Бекона,сухарики со вкусом бекона,сухарики со вкусом бекона,AMBIGUOUS,PRODUCT,Сухарные изделия,4,4,,,UNRESOLVED,0.0
Сушки Ванильные,сушки ванильные,сушки ванильные,AMBIGUOUS,PRODUCT,Сушки,4,4,,,UNRESOLVED,0.0
"Сушки с маком 0,4",сушки с маком 0 4,сушки с маком 0 4,AMBIGUOUS,PRODUCT,Сушки,4,4,,,UNRESOLVED,0.0
"Сушки с маком 0,7",сушки с маком 0 7,сушки с маком 0 7,AMBIGUOUS,PRODUCT,Сушки,4,4,,,UNRESOLVED,0.0
Томлёные рёбра,томленые ребра,томленые ребра,AMBIGUOUS,READY_DISH,Горячие блюда,4,4,,,UNRESOLVED,0.0
"Трафарет ""С Днем рождения""",трафарет с днем рождения,трафарет с днем рождения,AMBIGUOUS,PRODUCT,,4,1,,,UNRESOLVED,0.0
Улитка с изюмом,улитка с изюмом,улитка с изюмом,AMBIGUOUS,PRODUCT,Булочные изделия,4,4,,,UNRESOLVED,0.0
Улитка с изюмом с шоколадной глазурью,улитка с изюмом с шоколадной глазурью,улитка с изюмом с шоколадной глазурью,AMBIGUOUS,PRODUCT,Булочные изделия,4,4,,,UNRESOLVED,0.0
Цезарь с куриным шницелем,цезарь с куриным шницелем,цезарь с куриным шницелем,AMBIGUOUS,READY_DISH,Горячие блюда,4,4,,,UNRESOLVED,0.0
4 сезона,4 сезона,4 сезона,AMBIGUOUS,READY_DISH,Итальянская кухня,3,3,,,UNRESOLVED,0.0
"Coca cola, Fanta, Sprite 0,25L",coca cola fanta sprite 0 25l,coca cola fanta sprite,AMBIGUOUS,PRODUCT,Вода-соки,3,3,,,UNRESOLVED,0.0
Di Roma,di roma,di roma,AMBIGUOUS,READY_DISH,Итальянская кухня,3,3,,,UNRESOLVED,0.0
Green Pine,green pine,green pine,AMBIGUOUS,READY_DISH,Лимонады,3,3,,,UNRESOLVED,0.0
Herbal Spark,herbal spark,herbal spark,AMBIGUOUS,READY_DISH,Лимонады,3,3,,,UNRESOLVED,0.0
"Ice matcha boom 0,4L",ice matcha boom 0 4l,ice matcha boom,AMBIGUOUS,PRODUCT,Матча,3,3,,,UNRESOLVED,0.0
"Ice matcha latte 0,4L",ice matcha latte 0 4l,ice matcha latte,AMBIGUOUS,PRODUCT,Матча,3,3,,,UNRESOLVED,0.0
Kids Box с наггетсами,kids box с наггетсами,kids box с наггетсами,AMBIGUOUS,PRODUCT,Детское меню,3,3,,,UNRESOLVED,0.0
"Matcha latte 0,4L",matcha latte 0 4l,matcha latte,AMBIGUOUS,PRODUCT,Матча,3,3,,,UNRESOLVED,0.0
Whoopie (вупи пай),whoopie вупи пай,whoopie вупи пай,AMBIGUOUS,PRODUCT,Печенье,3,3,,,UNRESOLVED,0.0
Арахисовое печенье,арахисовое печенье,арахисовое печенье,AMBIGUOUS,PRODUCT,Печенье,3,3,,,UNRESOLVED,0.0
Боул с индейкой,боул с индейкой,боул с индейкой,AMBIGUOUS,PRODUCT,Здоровое питание,3,3,,,UNRESOLVED,0.0
Боул с тунцом,боул с тунцом,боул с тунцом,AMBIGUOUS,PRODUCT,Здоровое питание,3,3,,,UNRESOLVED,0.0
Булочка с ванильным кремом,булочка с ванильным кремом,булочка с ванильным кремом,AMBIGUOUS,READY_DISH,Витрина,3,3,,,UNRESOLVED,0.0
Булочка с шоколадом,булочка с шоколадом,булочка с шоколадом,AMBIGUOUS,READY_DISH,Витрина,3,3,,,UNRESOLVED,0.0
Булочки с маком,булочки с маком,булочки с маком,AMBIGUOUS,READY_DISH,Витрина,3,3,,,UNRESOLVED,0.0
Ганфан по-домашнему,ганфан по домашнему,ганфан по домашнему,AMBIGUOUS,READY_DISH,Вторые блюда,3,3,,,UNRESOLVED,0.0
"Грейпфрутовый фрэш 0,3L",грейпфрутовый фрэш 0 3l,грейпфрутовый фрэш,AMBIGUOUS,READY_DISH,Фреши,3,3,,,UNRESOLVED,0.0
"Детский сок Piko 0,2L",детский сок piko 0 2l,детский сок piko,AMBIGUOUS,PRODUCT,Вода-соки,3,3,,,UNRESOLVED,0.0
Имбирный,имбирный,имбирный,AMBIGUOUS,READY_DISH,Фирменные чаи | Чай,3,3,,,UNRESOLVED,0.0
Кейк попс,кейк попс,кейк попс,AMBIGUOUS,READY_DISH,Витрина,3,3,,,UNRESOLVED,0.0
Кекс морковный,кекс морковный,кекс морковный,AMBIGUOUS,READY_DISH,Витрина,3,3,,,UNRESOLVED,0.0
"Классический мохито 0,4L",классический мохито 0 4l,классический мохито,AMBIGUOUS,READY_DISH,Лимонады,3,3,,,UNRESOLVED,0.0
"Клубничный мохито 0,4L",клубничный мохито 0 4l,клубничный мохито,AMBIGUOUS,READY_DISH,Лимонады,3,3,,,UNRESOLVED,0.0
"Клубничный с лаймом и мятой 0,4L",клубничный с лаймом и мятой 0 4l,клубничный с лаймом и мятой,AMBIGUOUS,READY_DISH,Лимонады,3,3,,,UNRESOLVED,0.0
Клубничный с лаймом и мятой 1L,клубничный с лаймом и мятой 1l,клубничный с лаймом и мятой,AMBIGUOUS,READY_DISH,Лимонады,3,3,,,UNRESOLVED,0.0
"Куриный шницель ""Цезарь""",куриный шницель цезарь,куриный шницель цезарь,AMBIGUOUS,PRODUCT,Основное меню,3,3,,,UNRESOLVED,0.0
Матча Ceremonial Grade +700,матча ceremonial grade 700,матча ceremonial grade 700,AMBIGUOUS,PRODUCT,Матча,3,3,,,UNRESOLVED,0.0
Матча Гато,матча гато,матча гато,AMBIGUOUS,PRODUCT,Матча,3,3,,,UNRESOLVED,0.0
"Матча с апельсиновым фрешем 0,4L",матча с апельсиновым фрешем 0 4l,матча с апельсиновым фрешем,AMBIGUOUS,PRODUCT,Матча,3,3,,,UNRESOLVED,0.0
Матча Солёное Ванильное Облако,матча соленое ванильное облако,матча соленое ванильное облако,AMBIGUOUS,PRODUCT,Матча,3,3,,,UNRESOLVED,0.0
Матча Тай,матча тай,матча тай,AMBIGUOUS,PRODUCT,Матча,3,3,,,UNRESOLVED,0.0
Матча Шоколад,матча шоколад,матча шоколад,AMBIGUOUS,PRODUCT,Матча,3,3,,,UNRESOLVED,0.0
Матча-бамбл,матча бамбл,матча бамбл,AMBIGUOUS,PRODUCT,Матча,3,3,,,UNRESOLVED,0.0
Матча-тропик,матча тропик,матча тропик,AMBIGUOUS,PRODUCT,Матча,3,3,,,UNRESOLVED,0.0
Меренговый рулет с малиной,меренговый рулет с малиной,меренговый рулет с малиной,AMBIGUOUS,PRODUCT,Меренговые рулеты,3,3,,,UNRESOLVED,0.0
Меренговый рулет со смородиной,меренговый рулет со смородиной,меренговый рулет со смородиной,AMBIGUOUS,PRODUCT,Меренговые рулеты,3,3,,,UNRESOLVED,0.0
"Морковный фрэш 0,3L",морковный фрэш 0 3l,морковный фрэш,AMBIGUOUS,READY_DISH,Фреши,3,3,,,UNRESOLVED,0.0
Нарын,нарын,нарын,AMBIGUOUS,READY_DISH,Вторые блюда | Национальная кухня,3,3,,,UNRESOLVED,0.0
Нью Йорк стейк,нью йорк стейк,нью йорк стейк,AMBIGUOUS,READY_DISH,Горячие блюда | Хоспер,3,3,,,UNRESOLVED,0.0
Оджахури,оджахури,оджахури,AMBIGUOUS,READY_DISH,Грузинская кухня,3,3,,,UNRESOLVED,0.0
Песочное печенье,песочное печенье,песочное печенье,AMBIGUOUS,PRODUCT,Печенье,3,3,,,UNRESOLVED,0.0
Печенье шоколадное,печенье шоколадное,печенье шоколадное,AMBIGUOUS,PRODUCT,Печенье,3,3,,,UNRESOLVED,0.0
"Протеиновый смузи 0,4L",протеиновый смузи 0 4l,протеиновый смузи,AMBIGUOUS,PRODUCT,Смузи,3,3,,,UNRESOLVED,0.0
Равиоли,равиоли,равиоли,AMBIGUOUS,READY_DISH,Итальянская кухня,3,3,,,UNRESOLVED,0.0
Стейк из цыпленка,стейк из цыпленка,стейк из цыпленка,AMBIGUOUS,READY_DISH,Горячее | Хоспер,3,3,,,UNRESOLVED,0.0
"Ташкентский Ice Tea 0,4L",ташкентский ice tea 0 4l,ташкентский ice tea,AMBIGUOUS,READY_DISH,Лимонады,3,3,,,UNRESOLVED,0.0
Ташкентский Ice Tea 1L,ташкентский ice tea 1l,ташкентский ice tea,AMBIGUOUS,READY_DISH,Лимонады,3,3,,,UNRESOLVED,0.0
Творожное,творожное,творожное,AMBIGUOUS,PRODUCT,Печенье,3,3,,,UNRESOLVED,0.0
Тропический,тропический,тропический,AMBIGUOUS,READY_DISH,Лимонады | Смузи,3,3,,,UNRESOLVED,0.0
Фокачча Veggie Vibe,фокачча veggie vibe,фокачча veggie vibe,AMBIGUOUS,PRODUCT,SPECIAL,3,3,,,UNRESOLVED,0.0
Фокачча с пастрами,фокачча с пастрами,фокачча с пастрами,AMBIGUOUS,PRODUCT,SPECIAL,3,3,,,UNRESOLVED,0.0
ХАНСКИЙ КУЫРДАК,ханский куырдак,ханский куырдак,AMBIGUOUS,READY_DISH,Заказные блюда | Национальная кухня,3,3,,,UNRESOLVED,0.0
Харчо,харчо,харчо,AMBIGUOUS,READY_DISH,Грузинская кухня,3,3,,,UNRESOLVED,0.0
Чикен Масала,чикен масала,чикен масала,AMBIGUOUS,READY_DISH,Паназиатская кухня,3,3,,,UNRESOLVED,0.0
Шарики из индейки,шарики из индейки,шарики из индейки,AMBIGUOUS,PRODUCT,Детское меню,3,3,,,UNRESOLVED,0.0
Шведские фрикадельки,шведские фрикадельки,шведские фрикадельки,AMBIGUOUS,PRODUCT,Основное меню,3,3,,,UNRESOLVED,0.0
Шу с заварным кремом,шу с заварным кремом,шу с заварным кремом,AMBIGUOUS,READY_DISH,Витрина,3,3,,,UNRESOLVED,0.0
