mapping_id,raw_title,mapped_product_id,mapped_product_name,mapping_status,mapping_method,confidence,rule_id,entity_class,categories,attributes_json,legacy_candidate_name,observations_count,branches_count
MAP-00001,Картошка,KAIDA-P0817,Пирожное Картошка,MAPPED_RULE,CTX_DESSERT_POTATO,0.99,R06,READY_DISH,Десерты | ПИРОЖНЫЕ | Пирожное | Пирожные | Тәттілер,"{""measurements"":[],""percentages"":[],""calibres"":[],""process"":[]}",Картофель,17,17
MAP-00002,Багет,KAIDA-P0684,Багет,MAPPED_AUTO,EXACT_CANONICAL,0.99,BASE_MATCH,PRODUCT,Нан өнімдері | Хлеба | Хлебные изделия | Хлебобулочные изделия,"{""measurements"":[],""percentages"":[],""calibres"":[],""process"":[]}",Багет,16,16
MAP-00003,Какао,KAIDA-P0844,Какао (напиток),MAPPED_RULE,COCOA_DRINK_CONTEXT,0.98,R08,READY_DISH,MINI MENU | Горячие напитки | Какао | Кофе | Не кофе: | Остальное | Чаи | Шай,"{""measurements"":[],""percentages"":[],""calibres"":[],""process"":[]}",Какао-порошок,15,15
MAP-00004,Апельсин,KAIDA-P0843,Фреш апельсиновый,MAPPED_RULE,FRESH_CONTEXT,0.98,R08,READY_DISH,БАР | Фреш | Фреши,"{""measurements"":[],""percentages"":[],""calibres"":[],""process"":[]}",Апельсин,9,9
MAP-00005,Яблоко,KAIDA-P0842,Фреш яблочный,MAPPED_RULE,FRESH_CONTEXT,0.98,R08,READY_DISH,БАР | Фреш | Фреши,"{""measurements"":[],""percentages"":[],""calibres"":[],""process"":[]}",Яблоко,9,9
MAP-00006,Рис,KAIDA-P0828,Рис отварной,MAPPED_RULE,COOKED_RICE_CONTEXT,0.94,R06,READY_DISH,Гарниры,"{""measurements"":[],""percentages"":[],""calibres"":[],""process"":[]}",Рис,8,8
MAP-00007,Баурсаки,KAIDA-P0689,Баурсак,MAPPED_AUTO,EXACT_ALIAS,0.97,BASE_MATCH,PRODUCT,Выпечка | Домашняя выпечка,"{""measurements"":[],""percentages"":[],""calibres"":[],""process"":[]}",Баурсак,7,7
MAP-00008,Кетчуп,KAIDA-P0667,Кетчуп,MAPPED_AUTO,EXACT_CANONICAL,0.99,BASE_MATCH,PRODUCT,Дополнительное | Соусы,"{""measurements"":[],""percentages"":[],""calibres"":[],""process"":[]}",Кетчуп,7,7
MAP-00009,Көк шай | Чай зеленый 300 мл,KAIDA-P0838,Чай зелёный (напиток),MAPPED_RULE,PREPARED_TEA,0.95,R08,READY_DISH,Чаи | Шай,"{""measurements"":[{""kind"":""value"",""value"":300.0,""unit"":""ml"",""raw"":""300 мл""}],""percentages"":[],""calibres"":[],""process"":[]}",Чай зелёный,7,7
MAP-00010,Қара шай | Чай черный 300 мл,KAIDA-P0837,Чай чёрный (напиток),MAPPED_RULE,PREPARED_TEA,0.95,R08,READY_DISH,Чаи | Шай,"{""measurements"":[{""kind"":""value"",""value"":300.0,""unit"":""ml"",""raw"":""300 мл""}],""percentages"":[],""calibres"":[],""process"":[]}",Чай чёрный,7,7
MAP-00011,Қара шай | Чай черный 800 мл,KAIDA-P0837,Чай чёрный (напиток),MAPPED_RULE,PREPARED_TEA,0.95,R08,READY_DISH,Чаи | Шай,"{""measurements"":[{""kind"":""value"",""value"":800.0,""unit"":""ml"",""raw"":""800 мл""}],""percentages"":[],""calibres"":[],""process"":[]}",Чай чёрный,7,7
MAP-00012,Лепешка,KAIDA-P0687,Лепёшка,MAPPED_AUTO,EXACT_CANONICAL,0.99,BASE_MATCH,PRODUCT,Выпечка | Домашняя выпечка,"{""measurements"":[],""percentages"":[],""calibres"":[],""process"":[]}",Лепёшка,5,5
MAP-00013,Лимон,KAIDA-P0454,Лимон,MAPPED_AUTO,EXACT_CANONICAL,0.99,BASE_MATCH,PRODUCT,БАР | Дополнительно: | Дополнительное | Остальное,"{""measurements"":[],""percentages"":[],""calibres"":[],""process"":[]}",Лимон,5,5
MAP-00014,Мед,KAIDA-P0696,Мёд цветочный,MAPPED_AUTO_LEGACY,EXACT_ALIAS,1.0,LEGACY,PRODUCT,БАР | Дополнительно: | Дополнительное | Остальное,"{""measurements"":[],""percentages"":[],""calibres"":[],""process"":[]}",Мёд цветочный,5,5
MAP-00015,Мята,KAIDA-P0399,Мята,MAPPED_AUTO,EXACT_CANONICAL,0.99,BASE_MATCH,PRODUCT,Ice Latte | БАР | Дополнительное,"{""measurements"":[],""percentages"":[],""calibres"":[],""process"":[]}",Мята,5,5
MAP-00016,Скумбрия,KAIDA-P0183,Скумбрия,MAPPED_AUTO,EXACT_CANONICAL,0.99,BASE_MATCH,PRODUCT,Рыба | Сашими | Суши | Хоспер,"{""measurements"":[],""percentages"":[],""calibres"":[],""process"":[]}",Скумбрия,5,4
MAP-00017,Блинчики шпинат-крем сыр,KAIDA-P0332,Крем-сыр,MAPPED_AUTO_LEGACY,PHRASE_CANONICAL,0.96,LEGACY,PRODUCT,Блинчики,"{""measurements"":[],""percentages"":[],""calibres"":[],""process"":[]}",Крем-сыр,4,4
MAP-00018,Гречка,KAIDA-P0513,Гречка,MAPPED_AUTO,EXACT_CANONICAL,0.99,BASE_MATCH,PRODUCT,Гарниры,"{""measurements"":[],""percentages"":[],""calibres"":[],""process"":[]}",Гречка,4,4
MAP-00019,Креветки,KAIDA-P0217,Креветка,MAPPED_RULE,SHRIMP_GENERIC,0.92,R15,PRODUCT,Закуски к пенному | Морепродукты,"{""measurements"":[],""percentages"":[],""calibres"":[],""process"":[]}",Креветка,4,3
MAP-00020,Куриная грудка под сливочным соусом,KAIDA-P0090,Куриная грудка,MAPPED_AUTO_LEGACY,PHRASE_CANONICAL,0.96,LEGACY,READY_DISH,Вторые блюда,"{""measurements"":[],""percentages"":[],""calibres"":[],""process"":[]}",Куриная грудка,4,4
MAP-00021,Куриное филе со шпинатом в сливочном соусе,KAIDA-P0089,Куриное филе,MAPPED_AUTO_LEGACY,PHRASE_CANONICAL,0.96,LEGACY,READY_DISH,Горячие блюда,"{""measurements"":[],""percentages"":[],""calibres"":[],""process"":[]}",Куриное филе,4,4
MAP-00022,Лосось,KAIDA-P0801,Лосось,MAPPED_RULE,GENERIC_FISH_PARENT,0.95,R13,PRODUCT,КУХНЯ | Сашими | Суши,"{""measurements"":[],""percentages"":[],""calibres"":[],""process"":[]}",Тихоокеанский лосось,4,3
MAP-00023,Морковь,KAIDA-P0347,Морковь,MAPPED_AUTO,EXACT_CANONICAL,0.99,BASE_MATCH,PRODUCT,БАР | Фреш | Фреши,"{""measurements"":[],""percentages"":[],""calibres"":[],""process"":[]}",Морковь,4,4
MAP-00024,Стейк лосося с молодым картофелем (250 гр.),KAIDA-P0242,Стейк лосося,MAPPED_RULE,FISH_CUT_PRODUCT,0.94,R13,PRODUCT,Блюда на гриле,"{""measurements"":[{""kind"":""value"",""value"":250.0,""unit"":""g"",""raw"":""250 гр""}],""percentages"":[],""calibres"":[],""process"":[]}",Стейк лосося,4,4
MAP-00025,СТЕЙК РИБАЙ,KAIDA-P0017,Говяжий рибай,MAPPED_AUTO,EXACT_ALIAS,0.97,BASE_MATCH,PRODUCT,Горячее | Европейская кухня | Основные блюда | стейки,"{""measurements"":[],""percentages"":[],""calibres"":[],""process"":[]}",Говяжий рибай,4,4
MAP-00026,Филе судака,KAIDA-P0245,Филе судака,MAPPED_RULE,FISH_CUT_PRODUCT,0.96,R13,PRODUCT,Рыба | Свежемороженная рыба,"{""measurements"":[],""percentages"":[],""calibres"":[],""process"":[]}",Филе судака,4,3
MAP-00027,Брокколи,KAIDA-P0391,Брокколи,MAPPED_AUTO,EXACT_CANONICAL,0.99,BASE_MATCH,PRODUCT,Гарниры | Дополнительное,"{""measurements"":[],""percentages"":[],""calibres"":[],""process"":[]}",Брокколи,3,3
MAP-00028,грейпфрут,KAIDA-P0456,Грейпфрут,MAPPED_AUTO,EXACT_CANONICAL,0.99,BASE_MATCH,PRODUCT,БАР | Фреш,"{""measurements"":[],""percentages"":[],""calibres"":[],""process"":[]}",Грейпфрут,3,3
MAP-00029,Дорадо,KAIDA-P0195,Дорадо,MAPPED_AUTO,EXACT_CANONICAL,0.99,BASE_MATCH,PRODUCT,Основные блюда | Рыба | Свежемороженная рыба,"{""measurements"":[],""percentages"":[],""calibres"":[],""process"":[]}",Дорадо,3,3
MAP-00030,Зеленый чай,KAIDA-P0725,Чай зелёный,MAPPED_AUTO,EXACT_ALIAS,0.97,BASE_MATCH,PRODUCT,Фирменные чаи | Чай,"{""measurements"":[],""percentages"":[],""calibres"":[],""process"":[]}",Чай зелёный,3,3
MAP-00031,Казы,KAIDA-P0058,Казы,MAPPED_AUTO,EXACT_CANONICAL,0.99,BASE_MATCH,PRODUCT,Закуски | КОНИНА | Мясо и полуфабрикаты,"{""measurements"":[],""percentages"":[],""calibres"":[],""process"":[]}",Казы,3,3
MAP-00032,Көк шай | Чай зеленый 800 мл,KAIDA-P0838,Чай зелёный (напиток),MAPPED_RULE,PREPARED_TEA,0.95,R08,READY_DISH,Чаи | Шай,"{""measurements"":[{""kind"":""value"",""value"":800.0,""unit"":""ml"",""raw"":""800 мл""}],""percentages"":[],""calibres"":[],""process"":[]}",Чай зелёный,3,3
MAP-00033,Майонез,KAIDA-P0668,Майонез,MAPPED_AUTO,EXACT_CANONICAL,0.99,BASE_MATCH,PRODUCT,Дополнительное | Соусы,"{""measurements"":[],""percentages"":[],""calibres"":[],""process"":[]}",Майонез,3,3
MAP-00034,Малина,KAIDA-P0489,Малина,MAPPED_AUTO,EXACT_CANONICAL,0.99,BASE_MATCH,PRODUCT,Ice Latte | Популярный Товар,"{""measurements"":[],""percentages"":[],""calibres"":[],""process"":[]}",Малина,3,3
MAP-00035,Мидии,KAIDA-P0228,Мидии,MAPPED_AUTO,EXACT_CANONICAL,0.99,BASE_MATCH,PRODUCT,Мидии | Морепродукты,"{""measurements"":[],""percentages"":[],""calibres"":[],""process"":[]}",Мидии,3,3
MAP-00036,Молоко,KAIDA-P0265,Молоко коровье,MAPPED_AUTO,EXACT_ALIAS,0.97,BASE_MATCH,PRODUCT,Дополнительное | Кофе | Остальное,"{""measurements"":[],""percentages"":[],""calibres"":[],""process"":[]}",Молоко коровье,3,3
MAP-00037,Осьминог,KAIDA-P0235,Осьминог,MAPPED_AUTO,EXACT_CANONICAL,0.99,BASE_MATCH,PRODUCT,Морепродукты | Сашими | Суши,"{""measurements"":[],""percentages"":[],""calibres"":[],""process"":[]}",Осьминог,3,2
MAP-00038,Персик,KAIDA-P0439,Персик,MAPPED_AUTO,EXACT_CANONICAL,0.99,BASE_MATCH,PRODUCT,Ice Latte | Ice Tea,"{""measurements"":[],""percentages"":[],""calibres"":[],""process"":[]}",Персик,3,3
MAP-00039,Салат романо с соусом Цезарь,KAIDA-P0410,Салат романо,MAPPED_AUTO_LEGACY,PHRASE_CANONICAL,0.96,LEGACY,PRODUCT,ОСНОВНОЕ МЕНЮ,"{""measurements"":[],""percentages"":[],""calibres"":[],""process"":[]}",Салат романо,3,3
MAP-00040,Филе курицы,KAIDA-P0089,Куриное филе,MAPPED_AUTO,EXACT_ALIAS,0.97,BASE_MATCH,PRODUCT,Тауық еті | Хоспер,"{""measurements"":[],""percentages"":[],""calibres"":[],""process"":[]}",Куриное филе,3,3
MAP-00041,"Чай черный/зеленый 1,6L",KAIDA-P0837,Чай чёрный (напиток),MAPPED_RULE,PREPARED_TEA,0.95,R08,READY_DISH,Чай,"{""measurements"":[{""kind"":""value"",""value"":1.6,""unit"":""l"",""raw"":""1,6L""}],""percentages"":[],""calibres"":[],""process"":[]}",Чай чёрный,3,3
MAP-00042,Черный чай,KAIDA-P0724,Чай чёрный,MAPPED_AUTO,EXACT_ALIAS,0.97,BASE_MATCH,PRODUCT,Фирменные чаи | Чай,"{""measurements"":[],""percentages"":[],""calibres"":[],""process"":[]}",Чай чёрный,3,3
MAP-00043,AMARANT Семена льна коричневого (Лён) 1 кг.,KAIDA-P0590,Семена льна,MAPPED_AUTO_LEGACY,PHRASE_CANONICAL,0.96,LEGACY,PRODUCT,Добавки,"{""measurements"":[{""kind"":""value"",""value"":1.0,""unit"":""kg"",""raw"":""1 кг""}],""percentages"":[],""calibres"":[],""process"":[]}",Семена льна,2,2
MAP-00044,AMARANT Семена Чиа банка 200 гр.,KAIDA-P0591,Семена чиа,MAPPED_AUTO_LEGACY,PHRASE_CANONICAL,0.96,LEGACY,PRODUCT,Добавки,"{""measurements"":[{""kind"":""value"",""value"":200.0,""unit"":""g"",""raw"":""200 гр""}],""percentages"":[],""calibres"":[],""process"":[]}",Семена чиа,2,2
MAP-00045,TURAN Вода минеральная газированная 500 мл,KAIDA-P0712,Вода минеральная,MAPPED_AUTO_LEGACY,PHRASE_CANONICAL,0.96,LEGACY,READY_DISH,Безалкогольные напитки,"{""measurements"":[{""kind"":""value"",""value"":500.0,""unit"":""ml"",""raw"":""500 мл""}],""percentages"":[],""calibres"":[],""process"":[]}",Вода минеральная,2,1
MAP-00046,TURAN Вода минеральная негазированная 500 мл,KAIDA-P0712,Вода минеральная,MAPPED_AUTO_LEGACY,PHRASE_CANONICAL,0.96,LEGACY,READY_DISH,Безалкогольные напитки,"{""measurements"":[{""kind"":""value"",""value"":500.0,""unit"":""ml"",""raw"":""500 мл""}],""percentages"":[],""calibres"":[],""process"":[]}",Вода минеральная,2,1
MAP-00047,АВОКАДО,KAIDA-P0462,Авокадо,MAPPED_AUTO,EXACT_CANONICAL,0.99,BASE_MATCH,PRODUCT,КУХНЯ,"{""measurements"":[],""percentages"":[],""calibres"":[],""process"":[]}",Авокадо,2,2
MAP-00048,Вишня,KAIDA-P0446,Вишня,MAPPED_AUTO,EXACT_CANONICAL,0.99,BASE_MATCH,PRODUCT,Ice Latte,"{""measurements"":[],""percentages"":[],""calibres"":[],""process"":[]}",Вишня,2,2
MAP-00049,Гребешок,KAIDA-P0230,Морской гребешок,MAPPED_AUTO,EXACT_ALIAS,0.97,BASE_MATCH,PRODUCT,Сашими | Суши,"{""measurements"":[],""percentages"":[],""calibres"":[],""process"":[]}",Морской гребешок,2,1
MAP-00050,Груша,KAIDA-P0437,Груша,MAPPED_AUTO,EXACT_CANONICAL,0.99,BASE_MATCH,PRODUCT,Ice Latte,"{""measurements"":[],""percentages"":[],""calibres"":[],""process"":[]}",Груша,2,2
MAP-00051,Дыня,KAIDA-P0480,Дыня,MAPPED_AUTO,EXACT_CANONICAL,0.99,BASE_MATCH,PRODUCT,Ice Latte,"{""measurements"":[],""percentages"":[],""calibres"":[],""process"":[]}",Дыня,2,2
MAP-00052,Жая,KAIDA-P0057,Жая,MAPPED_AUTO,EXACT_CANONICAL,0.99,BASE_MATCH,PRODUCT,Жылқы еті | КОНИНА,"{""measurements"":[],""percentages"":[],""calibres"":[],""process"":[]}",Жая,2,2
MAP-00053,Икра Кеты 1кг,KAIDA-P0254,Икра кеты,MAPPED_RULE,CAVIAR_SPECIES,0.97,R14,PRODUCT,Икра,"{""measurements"":[{""kind"":""value"",""value"":1.0,""unit"":""kg"",""raw"":""1кг""}],""percentages"":[],""calibres"":[],""process"":[]}",Икра кеты,2,2
MAP-00054,Имбирь,KAIDA-P0356,Имбирь корень,MAPPED_AUTO,EXACT_ALIAS,0.97,BASE_MATCH,PRODUCT,БАР,"{""measurements"":[],""percentages"":[],""calibres"":[],""process"":[]}",Имбирь корень,2,2
MAP-00055,ИНДЕЙКА,KAIDA-P0100,Индейка,MAPPED_AUTO,EXACT_CANONICAL,0.99,BASE_MATCH,PRODUCT,КУХНЯ,"{""measurements"":[],""percentages"":[],""calibres"":[],""process"":[]}",Индейка,2,2
MAP-00056,йогурт,KAIDA-P0279,Йогурт,MAPPED_AUTO,EXACT_CANONICAL,0.99,BASE_MATCH,PRODUCT,КУХНЯ,"{""measurements"":[],""percentages"":[],""calibres"":[],""process"":[]}",Йогурт,2,2
MAP-00057,Каймак,KAIDA-P0276,Каймак,MAPPED_AUTO,EXACT_CANONICAL,0.99,BASE_MATCH,PRODUCT,Соусы,"{""measurements"":[],""percentages"":[],""calibres"":[],""process"":[]}",Каймак,2,2
MAP-00058,Кокос,KAIDA-P0474,Кокос,MAPPED_AUTO,EXACT_CANONICAL,0.99,BASE_MATCH,PRODUCT,Ice Latte,"{""measurements"":[],""percentages"":[],""calibres"":[],""process"":[]}",Кокос,2,2
MAP-00059,корица,KAIDA-P0626,Корица,MAPPED_AUTO,EXACT_CANONICAL,0.99,BASE_MATCH,PRODUCT,БАР,"{""measurements"":[],""percentages"":[],""calibres"":[],""process"":[]}",Корица,2,2
MAP-00060,Креветка,KAIDA-P0217,Креветка,MAPPED_RULE,SHRIMP_GENERIC,0.92,R15,PRODUCT,Сашими | Суши,"{""measurements"":[],""percentages"":[],""calibres"":[],""process"":[]}",Креветка,2,1
MAP-00061,куриное бедро су-вид,KAIDA-P0091,Куриное бедро,MAPPED_AUTO_LEGACY,PHRASE_CANONICAL,0.96,LEGACY,READY_DISH,КУХНЯ,"{""measurements"":[],""percentages"":[],""calibres"":[],""process"":[]}",Куриное бедро,2,2
MAP-00062,лайм,KAIDA-P0455,Лайм,MAPPED_AUTO,EXACT_CANONICAL,0.99,BASE_MATCH,PRODUCT,БАР,"{""measurements"":[],""percentages"":[],""calibres"":[],""process"":[]}",Лайм,2,2
MAP-00063,Лемонграсс,KAIDA-P0417,Лемонграсс,MAPPED_AUTO,EXACT_CANONICAL,0.99,BASE_MATCH,PRODUCT,Чай,"{""measurements"":[],""percentages"":[],""calibres"":[],""process"":[]}",Лемонграсс,2,2
MAP-00064,Лесной орех,KAIDA-P0577,Фундук,MAPPED_AUTO,EXACT_ALIAS,0.97,BASE_MATCH,PRODUCT,Ice Latte,"{""measurements"":[],""percentages"":[],""calibres"":[],""process"":[]}",Фундук,2,2
MAP-00065,Лесной орех 1шт,KAIDA-P0577,Фундук,MAPPED_AUTO,QUANT_STRIPPED_ALIAS,0.9,BASE_MATCH,PRODUCT,Ассортимент эссенций,"{""measurements"":[{""kind"":""value"",""value"":1.0,""unit"":""pcs"",""raw"":""1шт""}],""percentages"":[],""calibres"":[],""process"":[]}",Фундук,2,2
MAP-00066,Манго,KAIDA-P0461,Манго,MAPPED_AUTO,EXACT_CANONICAL,0.99,BASE_MATCH,PRODUCT,Ice Latte,"{""measurements"":[],""percentages"":[],""calibres"":[],""process"":[]}",Манго,2,2
MAP-00067,Масло Авокадо 1 л,KAIDA-P0654,Масло авокадо,MAPPED_AUTO,QUANT_STRIPPED_CANONICAL,0.93,BASE_MATCH,PRODUCT,Остальное,"{""measurements"":[{""kind"":""value"",""value"":1.0,""unit"":""l"",""raw"":""1 л""}],""percentages"":[],""calibres"":[],""process"":[]}",Масло авокадо,2,1
MAP-00068,Масло сливочное /40 гр,KAIDA-P0292,Масло сливочное,MAPPED_AUTO,QUANT_STRIPPED_CANONICAL,0.93,BASE_MATCH,PRODUCT,КУХНЯ,"{""measurements"":[{""kind"":""value"",""value"":40.0,""unit"":""g"",""raw"":""40 гр""}],""percentages"":[],""calibres"":[],""process"":[]}",Масло сливочное,2,2
MAP-00069,"Масло сливочное 0,2кг 82.5%",KAIDA-P0292,Масло сливочное,MAPPED_AUTO,QUANT_STRIPPED_CANONICAL,0.93,BASE_MATCH,PRODUCT,Товары,"{""measurements"":[{""kind"":""value"",""value"":0.2,""unit"":""kg"",""raw"":""0,2кг""}],""percentages"":[82.5],""calibres"":[],""process"":[]}",Масло сливочное,2,2
MAP-00070,Минтай,KAIDA-P0188,Минтай,MAPPED_AUTO,EXACT_CANONICAL,0.99,BASE_MATCH,PRODUCT,Рыба | Свежемороженная рыба,"{""measurements"":[],""percentages"":[],""calibres"":[],""process"":[]}",Минтай,2,2
MAP-00071,Морской коктейль,KAIDA-P0237,Морской коктейль,MAPPED_AUTO,EXACT_CANONICAL,0.99,BASE_MATCH,PRODUCT,Морепродукты,"{""measurements"":[],""percentages"":[],""calibres"":[],""process"":[]}",Морской коктейль,2,2
MAP-00072,Сайра,KAIDA-P0204,Сайра,MAPPED_AUTO,EXACT_CANONICAL,0.99,BASE_MATCH,PRODUCT,Консервы,"{""measurements"":[],""percentages"":[],""calibres"":[],""process"":[]}",Сайра,2,1
MAP-00073,Саумал,KAIDA-P0752,Кумыс саумал,MAPPED_AUTO,EXACT_ALIAS,0.97,BASE_MATCH,PRODUCT,Молочные продукты | Национальные напитки,"{""measurements"":[],""percentages"":[],""calibres"":[],""process"":[]}",Кумыс саумал,2,2
MAP-00074,Сибас,KAIDA-P0196,Сибас,MAPPED_AUTO,EXACT_CANONICAL,0.99,BASE_MATCH,PRODUCT,Рыба,"{""measurements"":[],""percentages"":[],""calibres"":[],""process"":[]}",Сибас,2,2
MAP-00075,Сливки,KAIDA-P0272,Сливки,MAPPED_AUTO,EXACT_CANONICAL,0.99,BASE_MATCH,PRODUCT,БАР,"{""measurements"":[],""percentages"":[],""calibres"":[],""process"":[]}",Сливки,2,2
MAP-00076,Сливочное масло,KAIDA-P0292,Масло сливочное,MAPPED_AUTO,EXACT_ALIAS,0.97,BASE_MATCH,PRODUCT,Соусы,"{""measurements"":[],""percentages"":[],""calibres"":[],""process"":[]}",Масло сливочное,2,2
MAP-00077,стейк лосося,KAIDA-P0242,Стейк лосося,MAPPED_RULE,FISH_CUT_PRODUCT,0.94,R13,PRODUCT,КУХНЯ,"{""measurements"":[],""percentages"":[],""calibres"":[],""process"":[]}",Стейк лосося,2,2
MAP-00078,Тархун,KAIDA-P0722,Тархун напиток,MAPPED_RULE,TARHUN_DRINK_CONTEXT,0.99,R06,READY_DISH,БЕЗАЛКОГОЛЬНЫЕ НАПИТКИ | Лимонады 1л,"{""measurements"":[],""percentages"":[],""calibres"":[],""process"":[]}",Эстрагон,2,2
MAP-00079,Угорь,KAIDA-P0803,Угорь,MAPPED_RULE,GENERIC_FISH_PARENT,0.94,R13,PRODUCT,Рыба горячего копчения | Сашими,"{""measurements"":[],""percentages"":[],""calibres"":[],""process"":[]}",Угорь речной,2,2
MAP-00080,Филе индейки под сыром,KAIDA-P0101,Филе индейки,MAPPED_AUTO_LEGACY,PHRASE_CANONICAL,0.96,LEGACY,PRODUCT,Хоспер,"{""measurements"":[],""percentages"":[],""calibres"":[],""process"":[]}",Филе индейки,2,2
MAP-00081,Филе судака в кляре,KAIDA-P0245,Филе судака,MAPPED_RULE,FISH_CUT_PRODUCT,0.96,R13,PRODUCT,Салаты и закуски,"{""measurements"":[],""percentages"":[],""calibres"":[],""process"":[]}",Филе судака,2,2
MAP-00082,Фисташки,KAIDA-P0578,Фисташки,MAPPED_AUTO,EXACT_CANONICAL,0.99,BASE_MATCH,PRODUCT,Закуски | Остальное,"{""measurements"":[],""percentages"":[],""calibres"":[],""process"":[]}",Фисташки,2,2
MAP-00083,Форель радужная крупная из Кыргызстана,KAIDA-P0163,Форель радужная,MAPPED_AUTO_LEGACY,PHRASE_CANONICAL,0.96,LEGACY,PRODUCT,Охлаждённая рыба | Свежемороженая продукция,"{""measurements"":[],""percentages"":[],""calibres"":[],""process"":[]}",Форель радужная,2,1
MAP-00084,ШАМПИНЬОНЫ,KAIDA-P0418,Шампиньоны,MAPPED_AUTO,EXACT_CANONICAL,0.99,BASE_MATCH,PRODUCT,КУХНЯ,"{""measurements"":[],""percentages"":[],""calibres"":[],""process"":[]}",Шампиньоны,2,2
MAP-00085,"3 ЖЕЛАНИЯ Хрен столовый 7,5% 140 г",KAIDA-P0671,Хрен столовый,MAPPED_AUTO_LEGACY,PHRASE_CANONICAL,0.96,LEGACY,PRODUCT,Деликатесы,"{""measurements"":[{""kind"":""value"",""value"":140.0,""unit"":""g"",""raw"":""140 г""}],""percentages"":[7.5],""calibres"":[],""process"":[]}",Хрен столовый,1,1
MAP-00086,4LIFE Соль морская крупная йодированная 1 кг,KAIDA-P0611,Соль морская,MAPPED_AUTO_LEGACY,PHRASE_CANONICAL,0.96,LEGACY,PRODUCT,Бакалея,"{""measurements"":[{""kind"":""value"",""value"":1.0,""unit"":""kg"",""raw"":""1 кг""}],""percentages"":[],""calibres"":[],""process"":[]}",Соль морская,1,1
MAP-00087,4LIFE Соль морская мелкая йодированная 1 кг,KAIDA-P0611,Соль морская,MAPPED_AUTO_LEGACY,PHRASE_CANONICAL,0.96,LEGACY,PRODUCT,Бакалея,"{""measurements"":[{""kind"":""value"",""value"":1.0,""unit"":""kg"",""raw"":""1 кг""}],""percentages"":[],""calibres"":[],""process"":[]}",Соль морская,1,1
MAP-00088,"A'SU Вода газированная 1,5 л",KAIDA-P0713,Вода газированная,MAPPED_AUTO_LEGACY,PHRASE_CANONICAL,0.96,LEGACY,READY_DISH,Безалкогольные напитки,"{""measurements"":[{""kind"":""value"",""value"":1.5,""unit"":""l"",""raw"":""1,5 л""}],""percentages"":[],""calibres"":[],""process"":[]}",Вода газированная,1,1
MAP-00089,A'SU Вода газированная 500 мл,KAIDA-P0713,Вода газированная,MAPPED_AUTO_LEGACY,PHRASE_CANONICAL,0.96,LEGACY,READY_DISH,Безалкогольные напитки,"{""measurements"":[{""kind"":""value"",""value"":500.0,""unit"":""ml"",""raw"":""500 мл""}],""percentages"":[],""calibres"":[],""process"":[]}",Вода газированная,1,1
MAP-00090,A'SU Вода питьевая 500 мл,KAIDA-P0711,Вода питьевая,MAPPED_AUTO_LEGACY,PHRASE_CANONICAL,0.96,LEGACY,READY_DISH,Безалкогольные напитки,"{""measurements"":[{""kind"":""value"",""value"":500.0,""unit"":""ml"",""raw"":""500 мл""}],""percentages"":[],""calibres"":[],""process"":[]}",Вода питьевая,1,1
MAP-00091,A'SU Вода питьевая газированная 1 л,KAIDA-P0711,Вода питьевая,MAPPED_AUTO_LEGACY,PHRASE_CANONICAL,0.96,LEGACY,READY_DISH,Безалкогольные напитки,"{""measurements"":[{""kind"":""value"",""value"":1.0,""unit"":""l"",""raw"":""1 л""}],""percentages"":[],""calibres"":[],""process"":[]}",Вода питьевая,1,1
MAP-00092,"A'SU Вода питьевая негазированная лимон 1,5 л",KAIDA-P0711,Вода питьевая,MAPPED_AUTO_LEGACY,PHRASE_CANONICAL,0.96,LEGACY,READY_DISH,Безалкогольные напитки,"{""measurements"":[{""kind"":""value"",""value"":1.5,""unit"":""l"",""raw"":""1,5 л""}],""percentages"":[],""calibres"":[],""process"":[]}",Вода питьевая,1,1
MAP-00093,A'SU Негазированная вода питьевая 1 л,KAIDA-P0711,Вода питьевая,MAPPED_AUTO_LEGACY,PHRASE_CANONICAL,0.96,LEGACY,READY_DISH,Безалкогольные напитки,"{""measurements"":[{""kind"":""value"",""value"":1.0,""unit"":""l"",""raw"":""1 л""}],""percentages"":[],""calibres"":[],""process"":[]}",Вода питьевая,1,1
MAP-00094,ADAL Масло сливочное Продукты наших ферм 180 г,KAIDA-P0292,Масло сливочное,MAPPED_AUTO_LEGACY,PHRASE_CANONICAL,0.96,LEGACY,PRODUCT,Молочная продукция,"{""measurements"":[{""kind"":""value"",""value"":180.0,""unit"":""g"",""raw"":""180 г""}],""percentages"":[],""calibres"":[],""process"":[]}",Масло сливочное,1,1
MAP-00095,AHMAD TEA Чай зеленый 200 г,KAIDA-P0725,Чай зелёный,MAPPED_AUTO_LEGACY,PHRASE_CANONICAL,0.96,LEGACY,READY_DISH,Горячие напитки,"{""measurements"":[{""kind"":""value"",""value"":200.0,""unit"":""g"",""raw"":""200 г""}],""percentages"":[],""calibres"":[],""process"":[]}",Чай зелёный,1,1
MAP-00096,AHMAD TEA Чай зеленый китайский 2 г*40 шт,KAIDA-P0725,Чай зелёный,MAPPED_AUTO_LEGACY,PHRASE_CANONICAL,0.96,LEGACY,READY_DISH,Горячие напитки,"{""measurements"":[{""kind"":""value"",""value"":2.0,""unit"":""g"",""raw"":""2 г""},{""kind"":""value"",""value"":40.0,""unit"":""pcs"",""raw"":""40 шт""}],""percentages"":[],""calibres"":[],""process"":[]}",Чай зелёный,1,1
MAP-00097,AHMAD TEA Чай зеленый с жасмином 2 г*25 шт,KAIDA-P0725,Чай зелёный,MAPPED_AUTO_LEGACY,PHRASE_CANONICAL,0.96,LEGACY,READY_DISH,Горячие напитки,"{""measurements"":[{""kind"":""value"",""value"":2.0,""unit"":""g"",""raw"":""2 г""},{""kind"":""value"",""value"":25.0,""unit"":""pcs"",""raw"":""25 шт""}],""percentages"":[],""calibres"":[],""process"":[]}",Чай зелёный,1,1
MAP-00098,AHMAD TEA Чай черный english breakfast 2 г*100 шт,KAIDA-P0724,Чай чёрный,MAPPED_AUTO_LEGACY,PHRASE_CANONICAL,0.96,LEGACY,READY_DISH,Горячие напитки,"{""measurements"":[{""kind"":""value"",""value"":2.0,""unit"":""g"",""raw"":""2 г""},{""kind"":""value"",""value"":100.0,""unit"":""pcs"",""raw"":""100 шт""}],""percentages"":[],""calibres"":[],""process"":[]}",Чай чёрный,1,1
MAP-00099,AHMAD TEA Чай черный english breakfast 2г*25 шт,KAIDA-P0724,Чай чёрный,MAPPED_AUTO_LEGACY,PHRASE_CANONICAL,0.96,LEGACY,READY_DISH,Горячие напитки,"{""measurements"":[{""kind"":""value"",""value"":2.0,""unit"":""g"",""raw"":""2г""},{""kind"":""value"",""value"":25.0,""unit"":""pcs"",""raw"":""25 шт""}],""percentages"":[],""calibres"":[],""process"":[]}",Чай чёрный,1,1
MAP-00100,AHMAD TEA Чай черный классический 2 г*100 шт,KAIDA-P0724,Чай чёрный,MAPPED_AUTO_LEGACY,PHRASE_CANONICAL,0.96,LEGACY,READY_DISH,Горячие напитки,"{""measurements"":[{""kind"":""value"",""value"":2.0,""unit"":""g"",""raw"":""2 г""},{""kind"":""value"",""value"":100.0,""unit"":""pcs"",""raw"":""100 шт""}],""percentages"":[],""calibres"":[],""process"":[]}",Чай чёрный,1,1
MAP-00101,AHMAD TEA Чай черный классический 2 г*40 шт,KAIDA-P0724,Чай чёрный,MAPPED_AUTO_LEGACY,PHRASE_CANONICAL,0.96,LEGACY,READY_DISH,Горячие напитки,"{""measurements"":[{""kind"":""value"",""value"":2.0,""unit"":""g"",""raw"":""2 г""},{""kind"":""value"",""value"":40.0,""unit"":""pcs"",""raw"":""40 шт""}],""percentages"":[],""calibres"":[],""process"":[]}",Чай чёрный,1,1
MAP-00102,AHMAD TEA Чай черный классический 200 г,KAIDA-P0724,Чай чёрный,MAPPED_AUTO_LEGACY,PHRASE_CANONICAL,0.96,LEGACY,READY_DISH,Горячие напитки,"{""measurements"":[{""kind"":""value"",""value"":200.0,""unit"":""g"",""raw"":""200 г""}],""percentages"":[],""calibres"":[],""process"":[]}",Чай чёрный,1,1
MAP-00103,AHMAD TEA Чай черный цейлонский 2 г*25 шт,KAIDA-P0724,Чай чёрный,MAPPED_AUTO_LEGACY,PHRASE_CANONICAL,0.96,LEGACY,READY_DISH,Горячие напитки,"{""measurements"":[{""kind"":""value"",""value"":2.0,""unit"":""g"",""raw"":""2 г""},{""kind"":""value"",""value"":25.0,""unit"":""pcs"",""raw"":""25 шт""}],""percentages"":[],""calibres"":[],""process"":[]}",Чай чёрный,1,1
MAP-00104,"AI TEA Безалкогольный напиток черный чай со вкусом малина 1,0 л",KAIDA-P0724,Чай чёрный,MAPPED_AUTO_LEGACY,PHRASE_ALIAS,0.93,LEGACY,READY_DISH,Безалкогольные напитки,"{""measurements"":[{""kind"":""value"",""value"":1.0,""unit"":""l"",""raw"":""1,0 л""}],""percentages"":[],""calibres"":[],""process"":[]}",Чай чёрный,1,1
MAP-00105,AI TEA Чай белый персик-жасмин 500 мл,KAIDA-P0726,Чай белый,MAPPED_AUTO_LEGACY,PHRASE_CANONICAL,0.96,LEGACY,READY_DISH,Безалкогольные напитки,"{""measurements"":[{""kind"":""value"",""value"":500.0,""unit"":""ml"",""raw"":""500 мл""}],""percentages"":[],""calibres"":[],""process"":[]}",Чай белый,1,1
MAP-00106,AI TEA Чай черный малина-витамин С 500 мл,KAIDA-P0724,Чай чёрный,MAPPED_AUTO_LEGACY,PHRASE_CANONICAL,0.96,LEGACY,READY_DISH,Безалкогольные напитки,"{""measurements"":[{""kind"":""value"",""value"":500.0,""unit"":""ml"",""raw"":""500 мл""}],""percentages"":[],""calibres"":[],""process"":[]}",Чай чёрный,1,1
MAP-00107,ALEX SARYAGASH Вода минеральная газированная 1 л,KAIDA-P0712,Вода минеральная,MAPPED_AUTO_LEGACY,PHRASE_CANONICAL,0.96,LEGACY,READY_DISH,Безалкогольные напитки,"{""measurements"":[{""kind"":""value"",""value"":1.0,""unit"":""l"",""raw"":""1 л""}],""percentages"":[],""calibres"":[],""process"":[]}",Вода минеральная,1,1
MAP-00108,"ALEX SARYAGASH Вода минеральная газированная 1,5 л",KAIDA-P0712,Вода минеральная,MAPPED_AUTO_LEGACY,PHRASE_CANONICAL,0.96,LEGACY,READY_DISH,Безалкогольные напитки,"{""measurements"":[{""kind"":""value"",""value"":1.5,""unit"":""l"",""raw"":""1,5 л""}],""percentages"":[],""calibres"":[],""process"":[]}",Вода минеральная,1,1
MAP-00109,AMOY Соевый соус 500 мл,KAIDA-P0663,Соевый соус,MAPPED_AUTO_LEGACY,PHRASE_CANONICAL,0.96,LEGACY,PRODUCT,Бакалея,"{""measurements"":[{""kind"":""value"",""value"":500.0,""unit"":""ml"",""raw"":""500 мл""}],""percentages"":[],""calibres"":[],""process"":[]}",Соевый соус,1,1
MAP-00110,aro Масло оливковое для готовки 1 л,KAIDA-P0645,Масло оливковое,MAPPED_AUTO_LEGACY,PHRASE_CANONICAL,0.96,LEGACY,PRODUCT,Бакалея,"{""measurements"":[{""kind"":""value"",""value"":1.0,""unit"":""l"",""raw"":""1 л""}],""percentages"":[],""calibres"":[],""process"":[]}",Масло оливковое,1,1
MAP-00111,aro Масло подсолнечное 1 л,KAIDA-P0643,Масло подсолнечное,MAPPED_AUTO_LEGACY,PHRASE_CANONICAL,0.96,LEGACY,PRODUCT,Бакалея,"{""measurements"":[{""kind"":""value"",""value"":1.0,""unit"":""l"",""raw"":""1 л""}],""percentages"":[],""calibres"":[],""process"":[]}",Масло подсолнечное,1,1
MAP-00112,"aro Огурцы маринованные 1,5 кг",KAIDA-P0760,Огурцы маринованные,MAPPED_AUTO_LEGACY,PHRASE_CANONICAL,0.96,LEGACY,PRODUCT,Консервы,"{""measurements"":[{""kind"":""value"",""value"":1.5,""unit"":""kg"",""raw"":""1,5 кг""}],""percentages"":[],""calibres"":[],""process"":[]}",Огурцы маринованные,1,1
MAP-00113,aro Огурцы маринованные 3 кг,KAIDA-P0760,Огурцы маринованные,MAPPED_AUTO_LEGACY,PHRASE_CANONICAL,0.96,LEGACY,PRODUCT,Консервы,"{""measurements"":[{""kind"":""value"",""value"":3.0,""unit"":""kg"",""raw"":""3 кг""}],""percentages"":[],""calibres"":[],""process"":[]}",Огурцы маринованные,1,1
MAP-00114,aro Огурцы маринованные 680 г,KAIDA-P0760,Огурцы маринованные,MAPPED_AUTO_LEGACY,PHRASE_CANONICAL,0.96,LEGACY,PRODUCT,Консервы,"{""measurements"":[{""kind"":""value"",""value"":680.0,""unit"":""g"",""raw"":""680 г""}],""percentages"":[],""calibres"":[],""process"":[]}",Огурцы маринованные,1,1
MAP-00115,"aro Оливки черные без косточки 4,25 л",KAIDA-P0769,Маслины,MAPPED_AUTO_LEGACY,PHRASE_ALIAS,0.93,LEGACY,PRODUCT,Консервы,"{""measurements"":[{""kind"":""value"",""value"":4.25,""unit"":""l"",""raw"":""4,25 л""}],""percentages"":[],""calibres"":[],""process"":[]}",Маслины,1,1
MAP-00116,aro Томатная паста 25% ГОСТ 65 г,KAIDA-P0678,Томатная паста,MAPPED_AUTO_LEGACY,PHRASE_CANONICAL,0.96,LEGACY,PRODUCT,Консервы,"{""measurements"":[{""kind"":""value"",""value"":65.0,""unit"":""g"",""raw"":""65 г""}],""percentages"":[25.0],""calibres"":[],""process"":[]}",Томатная паста,1,1
MAP-00117,aro Фасоль белая в томатном соусе 425 мл,KAIDA-P0560,Фасоль белая,MAPPED_AUTO_LEGACY,PHRASE_CANONICAL,0.96,LEGACY,PRODUCT,Консервы,"{""measurements"":[{""kind"":""value"",""value"":425.0,""unit"":""ml"",""raw"":""425 мл""}],""percentages"":[],""calibres"":[],""process"":[]}",Фасоль белая,1,1
MAP-00118,BAYCE Зеленый чай tea bags 2 г*25 шт,KAIDA-P0725,Чай зелёный,MAPPED_AUTO_LEGACY,PHRASE_ALIAS,0.93,LEGACY,READY_DISH,Горячие напитки,"{""measurements"":[{""kind"":""value"",""value"":2.0,""unit"":""g"",""raw"":""2 г""},{""kind"":""value"",""value"":25.0,""unit"":""pcs"",""raw"":""25 шт""}],""percentages"":[],""calibres"":[],""process"":[]}",Чай зелёный,1,1
MAP-00119,BETA Чай черный мейджик вечерний 250 г,KAIDA-P0724,Чай чёрный,MAPPED_AUTO_LEGACY,PHRASE_CANONICAL,0.96,LEGACY,READY_DISH,Горячие напитки,"{""measurements"":[{""kind"":""value"",""value"":250.0,""unit"":""g"",""raw"":""250 г""}],""percentages"":[],""calibres"":[],""process"":[]}",Чай чёрный,1,1
MAP-00120,BONAQUA Вода газированная 1 л,KAIDA-P0713,Вода газированная,MAPPED_AUTO_LEGACY,PHRASE_CANONICAL,0.96,LEGACY,READY_DISH,Безалкогольные напитки,"{""measurements"":[{""kind"":""value"",""value"":1.0,""unit"":""l"",""raw"":""1 л""}],""percentages"":[],""calibres"":[],""process"":[]}",Вода газированная,1,1
MAP-00121,Bonduelle Фасоль белая 425 мл,KAIDA-P0560,Фасоль белая,MAPPED_AUTO_LEGACY,PHRASE_CANONICAL,0.96,LEGACY,PRODUCT,Консервы,"{""measurements"":[{""kind"":""value"",""value"":425.0,""unit"":""ml"",""raw"":""425 мл""}],""percentages"":[],""calibres"":[],""process"":[]}",Фасоль белая,1,1
MAP-00122,Bonduelle Фасоль белая в томатном соусе 425 мл,KAIDA-P0560,Фасоль белая,MAPPED_AUTO_LEGACY,PHRASE_CANONICAL,0.96,LEGACY,PRODUCT,Консервы,"{""measurements"":[{""kind"":""value"",""value"":425.0,""unit"":""ml"",""raw"":""425 мл""}],""percentages"":[],""calibres"":[],""process"":[]}",Фасоль белая,1,1
MAP-00123,Bonduelle Фасоль красная 425 мл,KAIDA-P0561,Фасоль красная,MAPPED_AUTO_LEGACY,PHRASE_CANONICAL,0.96,LEGACY,PRODUCT,Консервы,"{""measurements"":[{""kind"":""value"",""value"":425.0,""unit"":""ml"",""raw"":""425 мл""}],""percentages"":[],""calibres"":[],""process"":[]}",Фасоль красная,1,1
MAP-00124,Bonduelle Фасоль красная в томатном соусе чили 425 мл,KAIDA-P0561,Фасоль красная,MAPPED_AUTO_LEGACY,PHRASE_CANONICAL,0.96,LEGACY,PRODUCT,Консервы,"{""measurements"":[{""kind"":""value"",""value"":425.0,""unit"":""ml"",""raw"":""425 мл""}],""percentages"":[],""calibres"":[],""process"":[]}",Фасоль красная,1,1
MAP-00125,BONFESTO Сыр мягкий маскарпона 78% 500 г,KAIDA-P0301,Сыр мягкий,MAPPED_AUTO_LEGACY,PHRASE_CANONICAL,0.96,LEGACY,PRODUCT,Молочная продукция,"{""measurements"":[{""kind"":""value"",""value"":500.0,""unit"":""g"",""raw"":""500 г""}],""percentages"":[78.0],""calibres"":[],""process"":[]}",Сыр мягкий,1,1
MAP-00126,BORJOMI Вода минеральная 1 л,KAIDA-P0712,Вода минеральная,MAPPED_AUTO_LEGACY,PHRASE_CANONICAL,0.96,LEGACY,READY_DISH,Безалкогольные напитки,"{""measurements"":[{""kind"":""value"",""value"":1.0,""unit"":""l"",""raw"":""1 л""}],""percentages"":[],""calibres"":[],""process"":[]}",Вода минеральная,1,1
MAP-00127,BORJOMI Вода минеральная 500 мл,KAIDA-P0712,Вода минеральная,MAPPED_AUTO_LEGACY,PHRASE_CANONICAL,0.96,LEGACY,READY_DISH,Безалкогольные напитки,"{""measurements"":[{""kind"":""value"",""value"":500.0,""unit"":""ml"",""raw"":""500 мл""}],""percentages"":[],""calibres"":[],""process"":[]}",Вода минеральная,1,1
MAP-00128,BORJOMI Вода минеральная 750 мл,KAIDA-P0712,Вода минеральная,MAPPED_AUTO_LEGACY,PHRASE_CANONICAL,0.96,LEGACY,READY_DISH,Безалкогольные напитки,"{""measurements"":[{""kind"":""value"",""value"":750.0,""unit"":""ml"",""raw"":""750 мл""}],""percentages"":[],""calibres"":[],""process"":[]}",Вода минеральная,1,1
MAP-00129,"BORJOMI Вода минеральная вода 1,25 л",KAIDA-P0712,Вода минеральная,MAPPED_AUTO_LEGACY,PHRASE_CANONICAL,0.96,LEGACY,READY_DISH,Безалкогольные напитки,"{""measurements"":[{""kind"":""value"",""value"":1.25,""unit"":""l"",""raw"":""1,25 л""}],""percentages"":[],""calibres"":[],""process"":[]}",Вода минеральная,1,1
MAP-00130,BORJOMI Вода минеральная ж/б 330 мл,KAIDA-P0712,Вода минеральная,MAPPED_AUTO_LEGACY,PHRASE_CANONICAL,0.96,LEGACY,READY_DISH,Безалкогольные напитки,"{""measurements"":[{""kind"":""value"",""value"":330.0,""unit"":""ml"",""raw"":""330 мл""}],""percentages"":[],""calibres"":[],""process"":[]}",Вода минеральная,1,1
MAP-00131,BORJOMI Вода минеральная с/б 330 мл,KAIDA-P0712,Вода минеральная,MAPPED_AUTO_LEGACY,PHRASE_CANONICAL,0.96,LEGACY,READY_DISH,Безалкогольные напитки,"{""measurements"":[{""kind"":""value"",""value"":330.0,""unit"":""ml"",""raw"":""330 мл""}],""percentages"":[],""calibres"":[],""process"":[]}",Вода минеральная,1,1
MAP-00132,BORJOMI Вода минеральная с/б 500 мл,KAIDA-P0712,Вода минеральная,MAPPED_AUTO_LEGACY,PHRASE_CANONICAL,0.96,LEGACY,READY_DISH,Безалкогольные напитки,"{""measurements"":[{""kind"":""value"",""value"":500.0,""unit"":""ml"",""raw"":""500 мл""}],""percentages"":[],""calibres"":[],""process"":[]}",Вода минеральная,1,1
MAP-00133,BOSZHAN Говяжье сердце замороженое,KAIDA-P0116,Говяжье сердце,MAPPED_AUTO_LEGACY,PHRASE_CANONICAL,0.96,LEGACY,PRODUCT,Замороженное мясо,"{""measurements"":[],""percentages"":[],""calibres"":[],""process"":[""frozen""]}",Говяжье сердце,1,1
MAP-00134,CADEL MONTE Масло оливковое pomace cade стекляная бутылка 1 л,KAIDA-P0645,Масло оливковое,MAPPED_AUTO_LEGACY,PHRASE_CANONICAL,0.96,LEGACY,PRODUCT,Бакалея,"{""measurements"":[{""kind"":""value"",""value"":1.0,""unit"":""l"",""raw"":""1 л""}],""percentages"":[],""calibres"":[],""process"":[]}",Масло оливковое,1,1
MAP-00135,CARTE NOIRE Кофе растворимый 150 г,KAIDA-P0735,Кофе растворимый,MAPPED_AUTO_LEGACY,PHRASE_CANONICAL,0.96,LEGACY,READY_DISH,Горячие напитки,"{""measurements"":[{""kind"":""value"",""value"":150.0,""unit"":""g"",""raw"":""150 г""}],""percentages"":[],""calibres"":[],""process"":[]}",Кофе растворимый,1,1
MAP-00136,CARTE NOIRE Кофе растворимый 75 г,KAIDA-P0735,Кофе растворимый,MAPPED_AUTO_LEGACY,PHRASE_CANONICAL,0.96,LEGACY,READY_DISH,Горячие напитки,"{""measurements"":[{""kind"":""value"",""value"":75.0,""unit"":""g"",""raw"":""75 г""}],""percentages"":[],""calibres"":[],""process"":[]}",Кофе растворимый,1,1
MAP-00137,CARTE NOIRE Кофе растворимый 95 г,KAIDA-P0735,Кофе растворимый,MAPPED_AUTO_LEGACY,PHRASE_CANONICAL,0.96,LEGACY,READY_DISH,Горячие напитки,"{""measurements"":[{""kind"":""value"",""value"":95.0,""unit"":""g"",""raw"":""95 г""}],""percentages"":[],""calibres"":[],""process"":[]}",Кофе растворимый,1,1
MAP-00138,CHAMPION Чай черный закат кении 250 г,KAIDA-P0724,Чай чёрный,MAPPED_AUTO_LEGACY,PHRASE_CANONICAL,0.96,LEGACY,READY_DISH,Горячие напитки,"{""measurements"":[{""kind"":""value"",""value"":250.0,""unit"":""g"",""raw"":""250 г""}],""percentages"":[],""calibres"":[],""process"":[]}",Чай чёрный,1,1
MAP-00139,CHAMPION Чай черный закат кении 500 г,KAIDA-P0724,Чай чёрный,MAPPED_AUTO_LEGACY,PHRASE_CANONICAL,0.96,LEGACY,READY_DISH,Горячие напитки,"{""measurements"":[{""kind"":""value"",""value"":500.0,""unit"":""g"",""raw"":""500 г""}],""percentages"":[],""calibres"":[],""process"":[]}",Чай чёрный,1,1
MAP-00140,CHAMPION Чай черный цейлонский 250 г,KAIDA-P0724,Чай чёрный,MAPPED_AUTO_LEGACY,PHRASE_CANONICAL,0.96,LEGACY,READY_DISH,Горячие напитки,"{""measurements"":[{""kind"":""value"",""value"":250.0,""unit"":""g"",""raw"":""250 г""}],""percentages"":[],""calibres"":[],""process"":[]}",Чай чёрный,1,1
MAP-00141,DALINA PREMIUM Вода питьевая газированная 500 мл,KAIDA-P0711,Вода питьевая,MAPPED_AUTO_LEGACY,PHRASE_CANONICAL,0.96,LEGACY,READY_DISH,Безалкогольные напитки,"{""measurements"":[{""kind"":""value"",""value"":500.0,""unit"":""ml"",""raw"":""500 мл""}],""percentages"":[],""calibres"":[],""process"":[]}",Вода питьевая,1,1
MAP-00142,DALINA PREMIUM Вода питьевая негазированная 1 л,KAIDA-P0711,Вода питьевая,MAPPED_AUTO_LEGACY,PHRASE_CANONICAL,0.96,LEGACY,READY_DISH,Безалкогольные напитки,"{""measurements"":[{""kind"":""value"",""value"":1.0,""unit"":""l"",""raw"":""1 л""}],""percentages"":[],""calibres"":[],""process"":[]}",Вода питьевая,1,1
MAP-00143,"DALINA PREMIUM Вода питьевая негазированная 1,5 л",KAIDA-P0711,Вода питьевая,MAPPED_AUTO_LEGACY,PHRASE_CANONICAL,0.96,LEGACY,READY_DISH,Безалкогольные напитки,"{""measurements"":[{""kind"":""value"",""value"":1.5,""unit"":""l"",""raw"":""1,5 л""}],""percentages"":[],""calibres"":[],""process"":[]}",Вода питьевая,1,1
MAP-00144,DALINA PREMIUM Вода питьевая негазированная 6 л,KAIDA-P0711,Вода питьевая,MAPPED_AUTO_LEGACY,PHRASE_CANONICAL,0.96,LEGACY,READY_DISH,Безалкогольные напитки,"{""measurements"":[{""kind"":""value"",""value"":6.0,""unit"":""l"",""raw"":""6 л""}],""percentages"":[],""calibres"":[],""process"":[]}",Вода питьевая,1,1
MAP-00145,DE NIGRIS Бальзамический уксус модены с/б 250 мл,KAIDA-P0662,Бальзамический уксус,MAPPED_AUTO_LEGACY,PHRASE_CANONICAL,0.96,LEGACY,PRODUCT,Консервы,"{""measurements"":[{""kind"":""value"",""value"":250.0,""unit"":""ml"",""raw"":""250 мл""}],""percentages"":[],""calibres"":[],""process"":[]}",Бальзамический уксус,1,1
MAP-00146,"DEP Йогурт лесной орех 2,5% 500 г",KAIDA-P0577,Фундук,MAPPED_AUTO_LEGACY,PHRASE_ALIAS,0.93,LEGACY,PRODUCT,Молочная продукция,"{""measurements"":[{""kind"":""value"",""value"":500.0,""unit"":""g"",""raw"":""500 г""}],""percentages"":[2.5],""calibres"":[],""process"":[]}",Фундук,1,1
MAP-00147,DIAMANT Тесто слоёное 1 кг,KAIDA-P0556,Тесто слоёное,MAPPED_AUTO_LEGACY,PHRASE_CANONICAL,0.96,LEGACY,PRODUCT,Глубокая заморозка,"{""measurements"":[{""kind"":""value"",""value"":1.0,""unit"":""kg"",""raw"":""1 кг""}],""percentages"":[],""calibres"":[],""process"":[]}",Тесто слоёное,1,1
MAP-00148,DZIUGAS Сыр твердый 40% 100 г,KAIDA-P0299,Сыр твёрдый,MAPPED_AUTO_LEGACY,PHRASE_CANONICAL,0.96,LEGACY,PRODUCT,Молочная продукция,"{""measurements"":[{""kind"":""value"",""value"":100.0,""unit"":""g"",""raw"":""100 г""}],""percentages"":[40.0],""calibres"":[],""process"":[]}",Сыр твёрдый,1,1
MAP-00149,Fine Life Тесто слоеное бездрожжевое 500 г,KAIDA-P0556,Тесто слоёное,MAPPED_AUTO_LEGACY,PHRASE_CANONICAL,0.96,LEGACY,PRODUCT,Глубокая заморозка,"{""measurements"":[{""kind"":""value"",""value"":500.0,""unit"":""g"",""raw"":""500 г""}],""percentages"":[],""calibres"":[],""process"":[]}",Тесто слоёное,1,1
MAP-00150,Fine Life Тесто слоеное дрожжевое 500 г,KAIDA-P0556,Тесто слоёное,MAPPED_AUTO_LEGACY,PHRASE_CANONICAL,0.96,LEGACY,PRODUCT,Глубокая заморозка,"{""measurements"":[{""kind"":""value"",""value"":500.0,""unit"":""g"",""raw"":""500 г""}],""percentages"":[],""calibres"":[],""process"":[]}",Тесто слоёное,1,1
MAP-00151,Fine Life Фасоль белая в томатном соусе 400 г,KAIDA-P0560,Фасоль белая,MAPPED_AUTO_LEGACY,PHRASE_CANONICAL,0.96,LEGACY,PRODUCT,Консервы,"{""measurements"":[{""kind"":""value"",""value"":400.0,""unit"":""g"",""raw"":""400 г""}],""percentages"":[],""calibres"":[],""process"":[]}",Фасоль белая,1,1
MAP-00152,Fine Life Фасоль белая консервированная 400 г,KAIDA-P0560,Фасоль белая,MAPPED_AUTO_LEGACY,PHRASE_CANONICAL,0.96,LEGACY,PRODUCT,Консервы,"{""measurements"":[{""kind"":""value"",""value"":400.0,""unit"":""g"",""raw"":""400 г""}],""percentages"":[],""calibres"":[],""process"":[]}",Фасоль белая,1,1
MAP-00153,Fine Life Фасоль красная в томатном соусе 400 г,KAIDA-P0561,Фасоль красная,MAPPED_AUTO_LEGACY,PHRASE_CANONICAL,0.96,LEGACY,PRODUCT,Консервы,"{""measurements"":[{""kind"":""value"",""value"":400.0,""unit"":""g"",""raw"":""400 г""}],""percentages"":[],""calibres"":[],""process"":[]}",Фасоль красная,1,1
MAP-00154,Fine Life Фасоль красная консервированная 400 г,KAIDA-P0561,Фасоль красная,MAPPED_AUTO_LEGACY,PHRASE_CANONICAL,0.96,LEGACY,PRODUCT,Консервы,"{""measurements"":[{""kind"":""value"",""value"":400.0,""unit"":""g"",""raw"":""400 г""}],""percentages"":[],""calibres"":[],""process"":[]}",Фасоль красная,1,1
MAP-00155,"FOOD MASTER Йогурт греческий клубника 7,2% 130 г",KAIDA-P0280,Йогурт греческий,MAPPED_AUTO_LEGACY,PHRASE_CANONICAL,0.96,LEGACY,PRODUCT,Молочная продукция,"{""measurements"":[{""kind"":""value"",""value"":130.0,""unit"":""g"",""raw"":""130 г""}],""percentages"":[7.2],""calibres"":[],""process"":[]}",Йогурт греческий,1,1
MAP-00156,"FOOD MASTER Йогурт греческий миндаль-фисташка 7,9% 130 г",KAIDA-P0280,Йогурт греческий,MAPPED_AUTO_LEGACY,PHRASE_CANONICAL,0.96,LEGACY,PRODUCT,Молочная продукция,"{""measurements"":[{""kind"":""value"",""value"":130.0,""unit"":""g"",""raw"":""130 г""}],""percentages"":[7.9],""calibres"":[],""process"":[]}",Йогурт греческий,1,1
MAP-00157,"FOOD MASTER Йогурт греческий натуральный 8,4% 130 г",KAIDA-P0280,Йогурт греческий,MAPPED_AUTO_LEGACY,PHRASE_CANONICAL,0.96,LEGACY,PRODUCT,Молочная продукция,"{""measurements"":[{""kind"":""value"",""value"":130.0,""unit"":""g"",""raw"":""130 г""}],""percentages"":[8.4],""calibres"":[],""process"":[]}",Йогурт греческий,1,1
MAP-00158,"FOOD MASTER Йогурт греческий натуральный 8,4% 300 г",KAIDA-P0280,Йогурт греческий,MAPPED_AUTO_LEGACY,PHRASE_CANONICAL,0.96,LEGACY,PRODUCT,Молочная продукция,"{""measurements"":[{""kind"":""value"",""value"":300.0,""unit"":""g"",""raw"":""300 г""}],""percentages"":[8.4],""calibres"":[],""process"":[]}",Йогурт греческий,1,1
MAP-00159,FOOD MASTER Молочный коктейль 200 г,KAIDA-P0297,Молочный коктейль,MAPPED_AUTO_LEGACY,PHRASE_CANONICAL,0.96,LEGACY,PRODUCT,Молочная продукция,"{""measurements"":[{""kind"":""value"",""value"":200.0,""unit"":""g"",""raw"":""200 г""}],""percentages"":[],""calibres"":[],""process"":[]}",Молочный коктейль,1,1
MAP-00160,FRIMA Сухие сливки 500 г,KAIDA-P0296,Сухие сливки,MAPPED_AUTO_LEGACY,PHRASE_CANONICAL,0.96,LEGACY,PRODUCT,Бакалея,"{""measurements"":[{""kind"":""value"",""value"":500.0,""unit"":""g"",""raw"":""500 г""}],""percentages"":[],""calibres"":[],""process"":[]}",Сухие сливки,1,1
MAP-00161,GLOBUS Фасоль белая 425 мл,KAIDA-P0560,Фасоль белая,MAPPED_AUTO_LEGACY,PHRASE_CANONICAL,0.96,LEGACY,PRODUCT,Консервы,"{""measurements"":[{""kind"":""value"",""value"":425.0,""unit"":""ml"",""raw"":""425 мл""}],""percentages"":[],""calibres"":[],""process"":[]}",Фасоль белая,1,1
MAP-00162,GREEN ECO Базилик зеленый живой 100 г,KAIDA-P0397,Базилик зелёный,MAPPED_AUTO_LEGACY,PHRASE_CANONICAL,0.96,LEGACY,PRODUCT,Овощи,"{""measurements"":[{""kind"":""value"",""value"":100.0,""unit"":""g"",""raw"":""100 г""}],""percentages"":[],""calibres"":[],""process"":[]}",Базилик зелёный,1,1
MAP-00163,GREENFIELD Чай зеленый с мелиссой 2 г*25 шт,KAIDA-P0725,Чай зелёный,MAPPED_AUTO_LEGACY,PHRASE_CANONICAL,0.96,LEGACY,READY_DISH,Горячие напитки,"{""measurements"":[{""kind"":""value"",""value"":2.0,""unit"":""g"",""raw"":""2 г""},{""kind"":""value"",""value"":25.0,""unit"":""pcs"",""raw"":""25 шт""}],""percentages"":[],""calibres"":[],""process"":[]}",Чай зелёный,1,1
MAP-00164,GREENFIELD Чай черный classic breakfast 2 г*25 шт,KAIDA-P0724,Чай чёрный,MAPPED_AUTO_LEGACY,PHRASE_CANONICAL,0.96,LEGACY,READY_DISH,Горячие напитки,"{""measurements"":[{""kind"":""value"",""value"":2.0,""unit"":""g"",""raw"":""2 г""},{""kind"":""value"",""value"":25.0,""unit"":""pcs"",""raw"":""25 шт""}],""percentages"":[],""calibres"":[],""process"":[]}",Чай чёрный,1,1
MAP-00165,GREENFIELD Чай черный листовой Earl Grey 200 г,KAIDA-P0724,Чай чёрный,MAPPED_AUTO_LEGACY,PHRASE_CANONICAL,0.96,LEGACY,READY_DISH,Горячие напитки,"{""measurements"":[{""kind"":""value"",""value"":200.0,""unit"":""g"",""raw"":""200 г""}],""percentages"":[],""calibres"":[],""process"":[]}",Чай чёрный,1,1
MAP-00166,GREENFIELD Чай черный листовой цейлонский 200 г,KAIDA-P0724,Чай чёрный,MAPPED_AUTO_LEGACY,PHRASE_CANONICAL,0.96,LEGACY,READY_DISH,Горячие напитки,"{""measurements"":[{""kind"":""value"",""value"":200.0,""unit"":""g"",""raw"":""200 г""}],""percentages"":[],""calibres"":[],""process"":[]}",Чай чёрный,1,1
MAP-00167,GREENFIELD Чай черный эрл грей 2 г*100 шт,KAIDA-P0724,Чай чёрный,MAPPED_AUTO_LEGACY,PHRASE_CANONICAL,0.96,LEGACY,READY_DISH,Горячие напитки,"{""measurements"":[{""kind"":""value"",""value"":2.0,""unit"":""g"",""raw"":""2 г""},{""kind"":""value"",""value"":100.0,""unit"":""pcs"",""raw"":""100 шт""}],""percentages"":[],""calibres"":[],""process"":[]}",Чай чёрный,1,1
MAP-00168,GREENFIELD Чай черный эрл грей 2 г*25 шт,KAIDA-P0724,Чай чёрный,MAPPED_AUTO_LEGACY,PHRASE_CANONICAL,0.96,LEGACY,READY_DISH,Горячие напитки,"{""measurements"":[{""kind"":""value"",""value"":2.0,""unit"":""g"",""raw"":""2 г""},{""kind"":""value"",""value"":25.0,""unit"":""pcs"",""raw"":""25 шт""}],""percentages"":[],""calibres"":[],""process"":[]}",Чай чёрный,1,1
MAP-00169,HOCHLAND Сыр плавленый ассорти ломтиками 150 г,KAIDA-P0303,Сыр плавленый,MAPPED_AUTO_LEGACY,PHRASE_CANONICAL,0.96,LEGACY,PRODUCT,Молочная продукция,"{""measurements"":[{""kind"":""value"",""value"":150.0,""unit"":""g"",""raw"":""150 г""}],""percentages"":[],""calibres"":[],""process"":[]}",Сыр плавленый,1,1
MAP-00170,HOCHLAND Сыр плавленый ломтиками 150 г,KAIDA-P0303,Сыр плавленый,MAPPED_AUTO_LEGACY,PHRASE_CANONICAL,0.96,LEGACY,PRODUCT,Молочная продукция,"{""measurements"":[{""kind"":""value"",""value"":150.0,""unit"":""g"",""raw"":""150 г""}],""percentages"":[],""calibres"":[],""process"":[]}",Сыр плавленый,1,1
MAP-00171,JARDIN Кофе молотый dessert cup Jardin 250 г,KAIDA-P0734,Кофе молотый,MAPPED_AUTO_LEGACY,PHRASE_CANONICAL,0.96,LEGACY,READY_DISH,Горячие напитки,"{""measurements"":[{""kind"":""value"",""value"":250.0,""unit"":""g"",""raw"":""250 г""}],""percentages"":[],""calibres"":[],""process"":[]}",Кофе молотый,1,1
MAP-00172,JARDIN Кофе молотый espresso di milano 250 г,KAIDA-P0734,Кофе молотый,MAPPED_AUTO_LEGACY,PHRASE_CANONICAL,0.96,LEGACY,READY_DISH,Горячие напитки,"{""measurements"":[{""kind"":""value"",""value"":250.0,""unit"":""g"",""raw"":""250 г""}],""percentages"":[],""calibres"":[],""process"":[]}",Кофе молотый,1,1
MAP-00173,JARDIN Кофе растворимый Colombia Medellin 150 г,KAIDA-P0735,Кофе растворимый,MAPPED_AUTO_LEGACY,PHRASE_CANONICAL,0.96,LEGACY,READY_DISH,Горячие напитки,"{""measurements"":[{""kind"":""value"",""value"":150.0,""unit"":""g"",""raw"":""150 г""}],""percentages"":[],""calibres"":[],""process"":[]}",Кофе растворимый,1,1
MAP-00174,JARDIN Кофе растворимый Guatemala Atitlan 150 г,KAIDA-P0735,Кофе растворимый,MAPPED_AUTO_LEGACY,PHRASE_CANONICAL,0.96,LEGACY,READY_DISH,Горячие напитки,"{""measurements"":[{""kind"":""value"",""value"":150.0,""unit"":""g"",""raw"":""150 г""}],""percentages"":[],""calibres"":[],""process"":[]}",Кофе растворимый,1,1
MAP-00175,KAZBEEF стейк Рибай Select охлажденный кг,KAIDA-P0017,Говяжий рибай,MAPPED_AUTO_LEGACY,PHRASE_ALIAS,0.93,LEGACY,PRODUCT,Свежее мясо,"{""measurements"":[],""percentages"":[],""calibres"":[],""process"":[""chilled""]}",Говяжий рибай,1,1
MAP-00176,KOTANYI Куркума молотая пакет 20 г,KAIDA-P0624,Куркума молотая,MAPPED_AUTO_LEGACY,PHRASE_CANONICAL,0.96,LEGACY,PRODUCT,Бакалея,"{""measurements"":[{""kind"":""value"",""value"":20.0,""unit"":""g"",""raw"":""20 г""}],""percentages"":[],""calibres"":[],""process"":[]}",Куркума молотая,1,1
MAP-00177,KOTANYI Паприка копченая молотая 25 г,KAIDA-P0619,Паприка копчёная,MAPPED_AUTO_LEGACY,PHRASE_CANONICAL,0.96,LEGACY,PRODUCT,Бакалея,"{""measurements"":[{""kind"":""value"",""value"":25.0,""unit"":""g"",""raw"":""25 г""}],""percentages"":[],""calibres"":[],""process"":[""smoked""]}",Паприка копчёная,1,1
MAP-00178,KOTANYI Перец черный горошек 20 г,KAIDA-P0615,Перец чёрный,MAPPED_AUTO_LEGACY,PHRASE_CANONICAL,0.96,LEGACY,PRODUCT,Бакалея,"{""measurements"":[{""kind"":""value"",""value"":20.0,""unit"":""g"",""raw"":""20 г""}],""percentages"":[],""calibres"":[],""process"":[]}",Перец чёрный,1,1
MAP-00179,KOTANYI Перец черный мельница 36 г,KAIDA-P0615,Перец чёрный,MAPPED_AUTO_LEGACY,PHRASE_CANONICAL,0.96,LEGACY,PRODUCT,Бакалея,"{""measurements"":[{""kind"":""value"",""value"":36.0,""unit"":""g"",""raw"":""36 г""}],""percentages"":[],""calibres"":[],""process"":[]}",Перец чёрный,1,1
MAP-00180,KOTANYI Перец черный молотый 20 г,KAIDA-P0615,Перец чёрный,MAPPED_AUTO_LEGACY,PHRASE_CANONICAL,0.96,LEGACY,PRODUCT,Бакалея,"{""measurements"":[{""kind"":""value"",""value"":20.0,""unit"":""g"",""raw"":""20 г""}],""percentages"":[],""calibres"":[],""process"":[]}",Перец чёрный,1,1
MAP-00181,KOTANYI Приправа смесь перцев 35 г,KAIDA-P0642,Смесь перцев,MAPPED_AUTO_LEGACY,PHRASE_CANONICAL,0.96,LEGACY,PRODUCT,Бакалея,"{""measurements"":[{""kind"":""value"",""value"":35.0,""unit"":""g"",""raw"":""35 г""}],""percentages"":[],""calibres"":[],""process"":[]}",Смесь перцев,1,1
MAP-00182,KOTANYI Смесь перцев дробленая 12 г,KAIDA-P0642,Смесь перцев,MAPPED_AUTO_LEGACY,PHRASE_CANONICAL,0.96,LEGACY,PRODUCT,Бакалея,"{""measurements"":[{""kind"":""value"",""value"":12.0,""unit"":""g"",""raw"":""12 г""}],""percentages"":[],""calibres"":[],""process"":[]}",Смесь перцев,1,1
MAP-00183,KOTANYI Соль морская 92 г,KAIDA-P0611,Соль морская,MAPPED_AUTO_LEGACY,PHRASE_CANONICAL,0.96,LEGACY,PRODUCT,Бакалея,"{""measurements"":[{""kind"":""value"",""value"":92.0,""unit"":""g"",""raw"":""92 г""}],""percentages"":[],""calibres"":[],""process"":[]}",Соль морская,1,1
MAP-00184,LA MASSERIA Масло оливковое ev железная банка 5 л,KAIDA-P0645,Масло оливковое,MAPPED_AUTO_LEGACY,PHRASE_CANONICAL,0.96,LEGACY,PRODUCT,Бакалея,"{""measurements"":[{""kind"":""value"",""value"":5.0,""unit"":""l"",""raw"":""5 л""}],""percentages"":[],""calibres"":[],""process"":[]}",Масло оливковое,1,1
MAP-00185,"lactel Молоко безлактозное легкое утро 2,5% 1 л",KAIDA-P0271,Молоко безлактозное,MAPPED_AUTO_LEGACY,PHRASE_CANONICAL,0.96,LEGACY,PRODUCT,Молочная продукция,"{""measurements"":[{""kind"":""value"",""value"":1.0,""unit"":""l"",""raw"":""1 л""}],""percentages"":[2.5],""calibres"":[],""process"":[]}",Молоко безлактозное,1,1
MAP-00186,Maggi Приправа для сочной курицы прованские травы 30 г,KAIDA-P0641,Прованские травы,MAPPED_AUTO_LEGACY,PHRASE_CANONICAL,0.96,LEGACY,PRODUCT,Бакалея,"{""measurements"":[{""kind"":""value"",""value"":30.0,""unit"":""g"",""raw"":""30 г""}],""percentages"":[],""calibres"":[],""process"":[]}",Прованские травы,1,1
MAP-00187,MAKFA Горох колотый 800 г,KAIDA-P0566,Горох колотый,MAPPED_AUTO_LEGACY,PHRASE_CANONICAL,0.96,LEGACY,PRODUCT,Бакалея,"{""measurements"":[{""kind"":""value"",""value"":800.0,""unit"":""g"",""raw"":""800 г""}],""percentages"":[],""calibres"":[],""process"":[]}",Горох колотый,1,1
MAP-00188,MAKFA Мука пшеничная в/с 2 кг,KAIDA-P0532,Мука пшеничная,MAPPED_AUTO_LEGACY,PHRASE_CANONICAL,0.96,LEGACY,PRODUCT,Бакалея,"{""measurements"":[{""kind"":""value"",""value"":2.0,""unit"":""kg"",""raw"":""2 кг""}],""percentages"":[],""calibres"":[],""process"":[]}",Мука пшеничная,1,1
MAP-00189,MAKFA Перловая крупа 800 г,KAIDA-P0518,Перловка,MAPPED_AUTO_LEGACY,PHRASE_ALIAS,0.93,LEGACY,PRODUCT,Бакалея,"{""measurements"":[{""kind"":""value"",""value"":800.0,""unit"":""g"",""raw"":""800 г""}],""percentages"":[],""calibres"":[],""process"":[]}",Перловка,1,1
MAP-00190,MAREMAN Соль морская поварская пищ 1 кг,KAIDA-P0611,Соль морская,MAPPED_AUTO_LEGACY,PHRASE_CANONICAL,0.96,LEGACY,PRODUCT,Бакалея,"{""measurements"":[{""kind"":""value"",""value"":1.0,""unit"":""kg"",""raw"":""1 кг""}],""percentages"":[],""calibres"":[],""process"":[]}",Соль морская,1,1
MAP-00191,"MAXI ЧАЙ Зеленый грейпфрут 1,2 л",KAIDA-P0725,Чай зелёный,MAPPED_AUTO_LEGACY,PHRASE_CANONICAL,0.96,LEGACY,READY_DISH,Безалкогольные напитки,"{""measurements"":[{""kind"":""value"",""value"":1.2,""unit"":""l"",""raw"":""1,2 л""}],""percentages"":[],""calibres"":[],""process"":[]}",Чай зелёный,1,1
MAP-00192,"MAXI ЧАЙ Напиток зеленый чай и лимон 1,2 л",KAIDA-P0725,Чай зелёный,MAPPED_AUTO_LEGACY,PHRASE_ALIAS,0.93,LEGACY,READY_DISH,Безалкогольные напитки,"{""measurements"":[{""kind"":""value"",""value"":1.2,""unit"":""l"",""raw"":""1,2 л""}],""percentages"":[],""calibres"":[],""process"":[]}",Чай зелёный,1,1
MAP-00193,"MAXI ЧАЙ Напиток черный чай со вкусом лайм и мята 1,2 л",KAIDA-P0724,Чай чёрный,MAPPED_AUTO_LEGACY,PHRASE_ALIAS,0.93,LEGACY,READY_DISH,Безалкогольные напитки,"{""measurements"":[{""kind"":""value"",""value"":1.2,""unit"":""l"",""raw"":""1,2 л""}],""percentages"":[],""calibres"":[],""process"":[]}",Чай чёрный,1,1
MAP-00194,"MAXI ЧАЙ Черный клубника 1,2 л",KAIDA-P0724,Чай чёрный,MAPPED_AUTO_LEGACY,PHRASE_CANONICAL,0.96,LEGACY,READY_DISH,Безалкогольные напитки,"{""measurements"":[{""kind"":""value"",""value"":1.2,""unit"":""l"",""raw"":""1,2 л""}],""percentages"":[],""calibres"":[],""process"":[]}",Чай чёрный,1,1
MAP-00195,"MAXI ЧАЙ Черный лесные ягоды 1,2 л",KAIDA-P0867,Торт Чёрный лес,MAPPED_RULE,I3_HIGH_IMPACT,0.95,I3-HIGH,READY_DISH,Безалкогольные напитки,"{""measurements"":[{""kind"":""value"",""value"":1.2,""unit"":""l"",""raw"":""1,2 л""}],""percentages"":[],""calibres"":[],""process"":[]}",Чай чёрный,1,1
MAP-00196,METRO Chef Бальзамический уксус модена 1 л,KAIDA-P0662,Бальзамический уксус,MAPPED_AUTO_LEGACY,PHRASE_CANONICAL,0.96,LEGACY,PRODUCT,Консервы,"{""measurements"":[{""kind"":""value"",""value"":1.0,""unit"":""l"",""raw"":""1 л""}],""percentages"":[],""calibres"":[],""process"":[]}",Бальзамический уксус,1,1
MAP-00197,"METRO Chef Замороженная кукуруза в початках полуфабрикат 2,5 кг",KAIDA-P0382,Кукуруза свежая,MAPPED_AUTO_LEGACY,PHRASE_ALIAS,0.93,LEGACY,PRODUCT,Глубокая заморозка,"{""measurements"":[{""kind"":""value"",""value"":2.5,""unit"":""kg"",""raw"":""2,5 кг""}],""percentages"":[],""calibres"":[],""process"":[""frozen""]}",Кукуруза свежая,1,1
MAP-00198,"METRO Chef Замороженная цветная капуста 40/60 2,5 кг",KAIDA-P0390,Цветная капуста,MAPPED_AUTO_LEGACY,PHRASE_CANONICAL,0.96,LEGACY,PRODUCT,Глубокая заморозка,"{""measurements"":[{""kind"":""value"",""value"":2.5,""unit"":""kg"",""raw"":""2,5 кг""}],""percentages"":[],""calibres"":[""40/60""],""process"":[""frozen""]}",Цветная капуста,1,1
MAP-00199,METRO Chef Имбирь молотый 390 г,KAIDA-P0625,Имбирь молотый,MAPPED_AUTO_LEGACY,PHRASE_CANONICAL,0.96,LEGACY,PRODUCT,Бакалея,"{""measurements"":[{""kind"":""value"",""value"":390.0,""unit"":""g"",""raw"":""390 г""}],""percentages"":[],""calibres"":[],""process"":[]}",Имбирь молотый,1,1
MAP-00200,METRO Chef Куркума молотая 455 г,KAIDA-P0624,Куркума молотая,MAPPED_AUTO_LEGACY,PHRASE_CANONICAL,0.96,LEGACY,PRODUCT,Бакалея,"{""measurements"":[{""kind"":""value"",""value"":455.0,""unit"":""g"",""raw"":""455 г""}],""percentages"":[],""calibres"":[],""process"":[]}",Куркума молотая,1,1
MAP-00201,METRO Chef Лавровый лист 40 г,KAIDA-P0635,Лавровый лист,MAPPED_AUTO_LEGACY,PHRASE_CANONICAL,0.96,LEGACY,PRODUCT,Бакалея,"{""measurements"":[{""kind"":""value"",""value"":40.0,""unit"":""g"",""raw"":""40 г""}],""percentages"":[],""calibres"":[],""process"":[]}",Лавровый лист,1,1
MAP-00202,METRO Chef Морской коктейль свежемороженый 1 кг,KAIDA-P0237,Морской коктейль,MAPPED_AUTO_LEGACY,PHRASE_CANONICAL,0.96,LEGACY,PRODUCT,Замороженная рыба,"{""measurements"":[{""kind"":""value"",""value"":1.0,""unit"":""kg"",""raw"":""1 кг""}],""percentages"":[],""calibres"":[],""process"":[""frozen""]}",Морской коктейль,1,1
MAP-00203,METRO Chef Огурцы маринованные стерилизованные 680 г,KAIDA-P0760,Огурцы маринованные,MAPPED_AUTO_LEGACY,PHRASE_CANONICAL,0.96,LEGACY,PRODUCT,Консервы,"{""measurements"":[{""kind"":""value"",""value"":680.0,""unit"":""g"",""raw"":""680 г""}],""percentages"":[],""calibres"":[],""process"":[]}",Огурцы маринованные,1,1
MAP-00204,METRO Chef Огурцы соленые стерилизованные 680 г,KAIDA-P0759,Огурцы солёные,MAPPED_AUTO_LEGACY,PHRASE_CANONICAL,0.96,LEGACY,PRODUCT,Консервы,"{""measurements"":[{""kind"":""value"",""value"":680.0,""unit"":""g"",""raw"":""680 г""}],""percentages"":[],""calibres"":[],""process"":[]}",Огурцы солёные,1,1
MAP-00205,METRO Chef Паприка копченая 195 г,KAIDA-P0619,Паприка копчёная,MAPPED_AUTO_LEGACY,PHRASE_CANONICAL,0.96,LEGACY,PRODUCT,Бакалея,"{""measurements"":[{""kind"":""value"",""value"":195.0,""unit"":""g"",""raw"":""195 г""}],""percentages"":[],""calibres"":[],""process"":[""smoked""]}",Паприка копчёная,1,1
MAP-00206,METRO Chef Паприка сладкая молотая 500 г,KAIDA-P0618,Паприка сладкая,MAPPED_AUTO_LEGACY,PHRASE_CANONICAL,0.96,LEGACY,PRODUCT,Бакалея,"{""measurements"":[{""kind"":""value"",""value"":500.0,""unit"":""g"",""raw"":""500 г""}],""percentages"":[],""calibres"":[],""process"":[]}",Паприка сладкая,1,1
MAP-00207,METRO Chef Перец белый молотый 550 г,KAIDA-P0616,Перец белый,MAPPED_AUTO_LEGACY,PHRASE_CANONICAL,0.96,LEGACY,PRODUCT,Бакалея,"{""measurements"":[{""kind"":""value"",""value"":550.0,""unit"":""g"",""raw"":""550 г""}],""percentages"":[],""calibres"":[],""process"":[]}",Перец белый,1,1
MAP-00208,METRO Chef Перец черный горошек 500 г,KAIDA-P0615,Перец чёрный,MAPPED_AUTO_LEGACY,PHRASE_CANONICAL,0.96,LEGACY,PRODUCT,Бакалея,"{""measurements"":[{""kind"":""value"",""value"":500.0,""unit"":""g"",""raw"":""500 г""}],""percentages"":[],""calibres"":[],""process"":[]}",Перец чёрный,1,1
MAP-00209,METRO Chef Перец черный дробленый 500 г,KAIDA-P0615,Перец чёрный,MAPPED_AUTO_LEGACY,PHRASE_CANONICAL,0.96,LEGACY,PRODUCT,Бакалея,"{""measurements"":[{""kind"":""value"",""value"":500.0,""unit"":""g"",""raw"":""500 г""}],""percentages"":[],""calibres"":[],""process"":[]}",Перец чёрный,1,1
MAP-00210,METRO Chef Перец черный молотый 520 г,KAIDA-P0615,Перец чёрный,MAPPED_AUTO_LEGACY,PHRASE_CANONICAL,0.96,LEGACY,PRODUCT,Бакалея,"{""measurements"":[{""kind"":""value"",""value"":520.0,""unit"":""g"",""raw"":""520 г""}],""percentages"":[],""calibres"":[],""process"":[]}",Перец чёрный,1,1
MAP-00211,METRO Chef Приправа прованские травы 180 г,KAIDA-P0641,Прованские травы,MAPPED_AUTO_LEGACY,PHRASE_CANONICAL,0.96,LEGACY,PRODUCT,Бакалея,"{""measurements"":[{""kind"":""value"",""value"":180.0,""unit"":""g"",""raw"":""180 г""}],""percentages"":[],""calibres"":[],""process"":[]}",Прованские травы,1,1
MAP-00212,METRO Chef Приправа хмели-сунели 280 г,KAIDA-P0640,Хмели-сунели,MAPPED_AUTO_LEGACY,PHRASE_CANONICAL,0.96,LEGACY,PRODUCT,Бакалея,"{""measurements"":[{""kind"":""value"",""value"":280.0,""unit"":""g"",""raw"":""280 г""}],""percentages"":[],""calibres"":[],""process"":[]}",Хмели-сунели,1,1
MAP-00213,METRO Chef Рис Басмати 1 кг,KAIDA-P0508,Рис басмати,MAPPED_AUTO_LEGACY,PHRASE_CANONICAL,0.96,LEGACY,PRODUCT,Бакалея,"{""measurements"":[{""kind"":""value"",""value"":1.0,""unit"":""kg"",""raw"":""1 кг""}],""percentages"":[],""calibres"":[],""process"":[]}",Рис басмати,1,1
MAP-00214,METRO Chef Рис басмати 3 кг,KAIDA-P0508,Рис басмати,MAPPED_AUTO_LEGACY,PHRASE_CANONICAL,0.96,LEGACY,PRODUCT,Бакалея,"{""measurements"":[{""kind"":""value"",""value"":3.0,""unit"":""kg"",""raw"":""3 кг""}],""percentages"":[],""calibres"":[],""process"":[]}",Рис басмати,1,1
MAP-00215,METRO Chef Рис круглозерный 3 кг,KAIDA-P0506,Рис круглозёрный,MAPPED_AUTO_LEGACY,PHRASE_CANONICAL,0.96,LEGACY,PRODUCT,Бакалея,"{""measurements"":[{""kind"":""value"",""value"":3.0,""unit"":""kg"",""raw"":""3 кг""}],""percentages"":[],""calibres"":[],""process"":[]}",Рис круглозёрный,1,1
MAP-00216,METRO Chef Томатная паста 3 кг,KAIDA-P0678,Томатная паста,MAPPED_AUTO_LEGACY,PHRASE_CANONICAL,0.96,LEGACY,PRODUCT,Консервы,"{""measurements"":[{""kind"":""value"",""value"":3.0,""unit"":""kg"",""raw"":""3 кг""}],""percentages"":[],""calibres"":[],""process"":[]}",Томатная паста,1,1
MAP-00217,METRO Chef Уксус яблочный 500 мл,KAIDA-P0658,Уксус яблочный,MAPPED_AUTO_LEGACY,PHRASE_CANONICAL,0.96,LEGACY,PRODUCT,Консервы,"{""measurements"":[{""kind"":""value"",""value"":500.0,""unit"":""ml"",""raw"":""500 мл""}],""percentages"":[],""calibres"":[],""process"":[]}",Уксус яблочный,1,1
MAP-00218,METRO Chef Финики сушеные с косточкой 500 г,KAIDA-P0600,Финики сушёные,MAPPED_AUTO_LEGACY,PHRASE_CANONICAL,0.96,LEGACY,PRODUCT,Сухофрукты и орехи,"{""measurements"":[{""kind"":""value"",""value"":500.0,""unit"":""g"",""raw"":""500 г""}],""percentages"":[],""calibres"":[],""process"":[""dried""]}",Финики сушёные,1,1
MAP-00219,NESCAFÉ Кофе растворимый Barista 85 г,KAIDA-P0735,Кофе растворимый,MAPPED_AUTO_LEGACY,PHRASE_CANONICAL,0.96,LEGACY,READY_DISH,Горячие напитки,"{""measurements"":[{""kind"":""value"",""value"":85.0,""unit"":""g"",""raw"":""85 г""}],""percentages"":[],""calibres"":[],""process"":[]}",Кофе растворимый,1,1
MAP-00220,NESCAFÉ Кофе растворимый classic 500 г,KAIDA-P0735,Кофе растворимый,MAPPED_AUTO_LEGACY,PHRASE_CANONICAL,0.96,LEGACY,READY_DISH,Горячие напитки,"{""measurements"":[{""kind"":""value"",""value"":500.0,""unit"":""g"",""raw"":""500 г""}],""percentages"":[],""calibres"":[],""process"":[]}",Кофе растворимый,1,1
MAP-00221,PIETRO CORICELLI Масло оливковое 1 л,KAIDA-P0645,Масло оливковое,MAPPED_AUTO_LEGACY,PHRASE_CANONICAL,0.96,LEGACY,PRODUCT,Бакалея,"{""measurements"":[{""kind"":""value"",""value"":1.0,""unit"":""l"",""raw"":""1 л""}],""percentages"":[],""calibres"":[],""process"":[]}",Масло оливковое,1,1
MAP-00222,PIETRO CORICELLI Масло оливковое 500 мл,KAIDA-P0645,Масло оливковое,MAPPED_AUTO_LEGACY,PHRASE_CANONICAL,0.96,LEGACY,PRODUCT,Бакалея,"{""measurements"":[{""kind"":""value"",""value"":500.0,""unit"":""ml"",""raw"":""500 мл""}],""percentages"":[],""calibres"":[],""process"":[]}",Масло оливковое,1,1
MAP-00223,PIETRO CORICELLI Масло оливковое Extra Virgin 250 мл,KAIDA-P0646,Масло оливковое extra virgin,MAPPED_AUTO_LEGACY,PHRASE_CANONICAL,0.96,LEGACY,PRODUCT,Бакалея,"{""measurements"":[{""kind"":""value"",""value"":250.0,""unit"":""ml"",""raw"":""250 мл""}],""percentages"":[],""calibres"":[],""process"":[]}",Масло оливковое extra virgin,1,1
MAP-00224,Piko Сок апельсиновый 1 л,KAIDA-P0715,Сок апельсиновый,MAPPED_AUTO_LEGACY,PHRASE_CANONICAL,0.96,LEGACY,READY_DISH,Безалкогольные напитки,"{""measurements"":[{""kind"":""value"",""value"":1.0,""unit"":""l"",""raw"":""1 л""}],""percentages"":[],""calibres"":[],""process"":[]}",Сок апельсиновый,1,1
MAP-00225,Piko Сок апельсиновый 2 л,KAIDA-P0715,Сок апельсиновый,MAPPED_AUTO_LEGACY,PHRASE_CANONICAL,0.96,LEGACY,READY_DISH,Безалкогольные напитки,"{""measurements"":[{""kind"":""value"",""value"":2.0,""unit"":""l"",""raw"":""2 л""}],""percentages"":[],""calibres"":[],""process"":[]}",Сок апельсиновый,1,1
MAP-00226,Piko Сок апельсиновый 200 мл,KAIDA-P0715,Сок апельсиновый,MAPPED_AUTO_LEGACY,PHRASE_CANONICAL,0.96,LEGACY,READY_DISH,Безалкогольные напитки,"{""measurements"":[{""kind"":""value"",""value"":200.0,""unit"":""ml"",""raw"":""200 мл""}],""percentages"":[],""calibres"":[],""process"":[]}",Сок апельсиновый,1,1
MAP-00227,Piko Сок томатный 1 л,KAIDA-P0716,Сок томатный,MAPPED_AUTO_LEGACY,PHRASE_CANONICAL,0.96,LEGACY,READY_DISH,Безалкогольные напитки,"{""measurements"":[{""kind"":""value"",""value"":1.0,""unit"":""l"",""raw"":""1 л""}],""percentages"":[],""calibres"":[],""process"":[]}",Сок томатный,1,1
MAP-00228,Piko Сок яблочный 1 л,KAIDA-P0714,Сок яблочный,MAPPED_AUTO_LEGACY,PHRASE_CANONICAL,0.96,LEGACY,READY_DISH,Безалкогольные напитки,"{""measurements"":[{""kind"":""value"",""value"":1.0,""unit"":""l"",""raw"":""1 л""}],""percentages"":[],""calibres"":[],""process"":[]}",Сок яблочный,1,1
MAP-00229,Piko Сок яблочный 200 мл,KAIDA-P0714,Сок яблочный,MAPPED_AUTO_LEGACY,PHRASE_CANONICAL,0.96,LEGACY,READY_DISH,Безалкогольные напитки,"{""measurements"":[{""kind"":""value"",""value"":200.0,""unit"":""ml"",""raw"":""200 мл""}],""percentages"":[],""calibres"":[],""process"":[]}",Сок яблочный,1,1
MAP-00230,PRESIDENT Масло сливочное 82% 125 г,KAIDA-P0292,Масло сливочное,MAPPED_AUTO_LEGACY,PHRASE_CANONICAL,0.96,LEGACY,PRODUCT,Молочная продукция,"{""measurements"":[{""kind"":""value"",""value"":125.0,""unit"":""g"",""raw"":""125 г""}],""percentages"":[82.0],""calibres"":[],""process"":[]}",Масло сливочное,1,1
MAP-00231,PRESIDENT Масло сливочное ролл 82 % 1 кг,KAIDA-P0292,Масло сливочное,MAPPED_AUTO_LEGACY,PHRASE_CANONICAL,0.96,LEGACY,PRODUCT,Молочная продукция,"{""measurements"":[{""kind"":""value"",""value"":1.0,""unit"":""kg"",""raw"":""1 кг""}],""percentages"":[82.0],""calibres"":[],""process"":[]}",Масло сливочное,1,1
MAP-00232,PRESIDENT Сметана домашняя 25% 385 г,KAIDA-P0755,Сметана домашняя,MAPPED_AUTO_LEGACY,PHRASE_CANONICAL,0.96,LEGACY,PRODUCT,Молочная продукция,"{""measurements"":[{""kind"":""value"",""value"":385.0,""unit"":""g"",""raw"":""385 г""}],""percentages"":[25.0],""calibres"":[],""process"":[]}",Сметана домашняя,1,1
MAP-00233,PRESIDENT Сыр плавленый сливочный легкий 140 г,KAIDA-P0303,Сыр плавленый,MAPPED_AUTO_LEGACY,PHRASE_CANONICAL,0.96,LEGACY,PRODUCT,Молочная продукция,"{""measurements"":[{""kind"":""value"",""value"":140.0,""unit"":""g"",""raw"":""140 г""}],""percentages"":[],""calibres"":[],""process"":[]}",Сыр плавленый,1,1
MAP-00234,PRESIDENT Сыр плавленый сливочный мааздан 140 г,KAIDA-P0303,Сыр плавленый,MAPPED_AUTO_LEGACY,PHRASE_CANONICAL,0.96,LEGACY,PRODUCT,Молочная продукция,"{""measurements"":[{""kind"":""value"",""value"":140.0,""unit"":""g"",""raw"":""140 г""}],""percentages"":[],""calibres"":[],""process"":[]}",Сыр плавленый,1,1
MAP-00235,PRESIDENT Сыр плавленый Чеддер ломтиками 40% 150 г,KAIDA-P0303,Сыр плавленый,MAPPED_AUTO_LEGACY,PHRASE_CANONICAL,0.96,LEGACY,PRODUCT,Молочная продукция,"{""measurements"":[{""kind"":""value"",""value"":150.0,""unit"":""g"",""raw"":""150 г""}],""percentages"":[40.0],""calibres"":[],""process"":[]}",Сыр плавленый,1,1
MAP-00236,PRESIDENT Сыр плавленый Чизбургер ломтиками 40% 150 г,KAIDA-P0303,Сыр плавленый,MAPPED_AUTO_LEGACY,PHRASE_CANONICAL,0.96,LEGACY,PRODUCT,Молочная продукция,"{""measurements"":[{""kind"":""value"",""value"":150.0,""unit"":""g"",""raw"":""150 г""}],""percentages"":[40.0],""calibres"":[],""process"":[]}",Сыр плавленый,1,1
MAP-00237,PRESIDENT Сыр плавленый шоколадный 200 г,KAIDA-P0303,Сыр плавленый,MAPPED_AUTO_LEGACY,PHRASE_CANONICAL,0.96,LEGACY,PRODUCT,Молочная продукция,"{""measurements"":[{""kind"":""value"",""value"":200.0,""unit"":""g"",""raw"":""200 г""}],""percentages"":[],""calibres"":[],""process"":[]}",Сыр плавленый,1,1
MAP-00238,PRESIDENT Сыр рассольный брынза 250 г,KAIDA-P0302,Сыр рассольный,MAPPED_AUTO_LEGACY,PHRASE_CANONICAL,0.96,LEGACY,PRODUCT,Молочная продукция,"{""measurements"":[{""kind"":""value"",""value"":250.0,""unit"":""g"",""raw"":""250 г""}],""percentages"":[],""calibres"":[],""process"":[]}",Сыр рассольный,1,1
MAP-00239,PRESIDENT Сыр рассольный Брынза 500 г,KAIDA-P0302,Сыр рассольный,MAPPED_AUTO_LEGACY,PHRASE_CANONICAL,0.96,LEGACY,PRODUCT,Молочная продукция,"{""measurements"":[{""kind"":""value"",""value"":500.0,""unit"":""g"",""raw"":""500 г""}],""percentages"":[],""calibres"":[],""process"":[]}",Сыр рассольный,1,1
MAP-00240,PRESIDENT Творог домашний 05 рассыпчатый 450 г,KAIDA-P0756,Творог домашний,MAPPED_AUTO_LEGACY,PHRASE_CANONICAL,0.96,LEGACY,PRODUCT,Молочная продукция,"{""measurements"":[{""kind"":""value"",""value"":450.0,""unit"":""g"",""raw"":""450 г""}],""percentages"":[],""calibres"":[],""process"":[]}",Творог домашний,1,1
MAP-00241,PRESIDENT Творог домашний 5% рассыпчатый 450 г,KAIDA-P0756,Творог домашний,MAPPED_AUTO_LEGACY,PHRASE_CANONICAL,0.96,LEGACY,PRODUCT,Молочная продукция,"{""measurements"":[{""kind"":""value"",""value"":450.0,""unit"":""g"",""raw"":""450 г""}],""percentages"":[5.0],""calibres"":[],""process"":[]}",Творог домашний,1,1
MAP-00242,PRESIDENT Творог домашний 9% 200 г,KAIDA-P0756,Творог домашний,MAPPED_AUTO_LEGACY,PHRASE_CANONICAL,0.96,LEGACY,PRODUCT,Молочная продукция,"{""measurements"":[{""kind"":""value"",""value"":200.0,""unit"":""g"",""raw"":""200 г""}],""percentages"":[9.0],""calibres"":[],""process"":[]}",Творог домашний,1,1
MAP-00243,PRESIDENT Творог домашний 9% 450 г,KAIDA-P0756,Творог домашний,MAPPED_AUTO_LEGACY,PHRASE_CANONICAL,0.96,LEGACY,PRODUCT,Молочная продукция,"{""measurements"":[{""kind"":""value"",""value"":450.0,""unit"":""g"",""raw"":""450 г""}],""percentages"":[9.0],""calibres"":[],""process"":[]}",Творог домашний,1,1
MAP-00244,PRESIDENT Творог домашний рассыпчатый 0% 200 г,KAIDA-P0756,Творог домашний,MAPPED_AUTO_LEGACY,PHRASE_CANONICAL,0.96,LEGACY,PRODUCT,Молочная продукция,"{""measurements"":[{""kind"":""value"",""value"":200.0,""unit"":""g"",""raw"":""200 г""}],""percentages"":[0.0],""calibres"":[],""process"":[]}",Творог домашний,1,1
MAP-00245,PRESIDENT Творог домашний рассыпчатый 5% 200 г,KAIDA-P0756,Творог домашний,MAPPED_AUTO_LEGACY,PHRASE_CANONICAL,0.96,LEGACY,PRODUCT,Молочная продукция,"{""measurements"":[{""kind"":""value"",""value"":200.0,""unit"":""g"",""raw"":""200 г""}],""percentages"":[5.0],""calibres"":[],""process"":[]}",Творог домашний,1,1
MAP-00246,QULAGER BURABAY Вода минеральная газированная 1 л,KAIDA-P0712,Вода минеральная,MAPPED_AUTO_LEGACY,PHRASE_CANONICAL,0.96,LEGACY,READY_DISH,Безалкогольные напитки,"{""measurements"":[{""kind"":""value"",""value"":1.0,""unit"":""l"",""raw"":""1 л""}],""percentages"":[],""calibres"":[],""process"":[]}",Вода минеральная,1,1
MAP-00247,RIOBA Кофе молотый фильтрованный Gold 1 кг,KAIDA-P0734,Кофе молотый,MAPPED_AUTO_LEGACY,PHRASE_CANONICAL,0.96,LEGACY,READY_DISH,Горячие напитки,"{""measurements"":[{""kind"":""value"",""value"":1.0,""unit"":""kg"",""raw"":""1 кг""}],""percentages"":[],""calibres"":[],""process"":[]}",Кофе молотый,1,1
MAP-00248,RIOBA Мед цветочный 20 г*20 шт,KAIDA-P0696,Мёд цветочный,MAPPED_AUTO_LEGACY,PHRASE_CANONICAL,0.96,LEGACY,PRODUCT,Сладости,"{""measurements"":[{""kind"":""value"",""value"":20.0,""unit"":""g"",""raw"":""20 г""},{""kind"":""value"",""value"":20.0,""unit"":""pcs"",""raw"":""20 шт""}],""percentages"":[],""calibres"":[],""process"":[]}",Мёд цветочный,1,1
MAP-00249,RIOBA Сахар белый в стиках 5 г*500 шт,KAIDA-P0613,Сахар белый,MAPPED_AUTO_LEGACY,PHRASE_CANONICAL,0.96,LEGACY,PRODUCT,Бакалея,"{""measurements"":[{""kind"":""value"",""value"":5.0,""unit"":""g"",""raw"":""5 г""},{""kind"":""value"",""value"":500.0,""unit"":""pcs"",""raw"":""500 шт""}],""percentages"":[],""calibres"":[],""process"":[]}",Сахар белый,1,1
MAP-00250,RIOBA Сахар тростниковый в стиках 5 г*500 шт,KAIDA-P0614,Сахар тростниковый,MAPPED_AUTO_LEGACY,PHRASE_CANONICAL,0.96,LEGACY,PRODUCT,Бакалея,"{""measurements"":[{""kind"":""value"",""value"":5.0,""unit"":""g"",""raw"":""5 г""},{""kind"":""value"",""value"":500.0,""unit"":""pcs"",""raw"":""500 шт""}],""percentages"":[],""calibres"":[],""process"":[]}",Сахар тростниковый,1,1
MAP-00251,RIOBA Сахар тростниковый кусковой 1кг,KAIDA-P0614,Сахар тростниковый,MAPPED_AUTO_LEGACY,PHRASE_CANONICAL,0.96,LEGACY,PRODUCT,Бакалея,"{""measurements"":[{""kind"":""value"",""value"":1.0,""unit"":""kg"",""raw"":""1кг""}],""percentages"":[],""calibres"":[],""process"":[]}",Сахар тростниковый,1,1
MAP-00252,"RIOBA Сироп лесной орех 0,7 л",KAIDA-P0577,Фундук,MAPPED_AUTO_LEGACY,PHRASE_ALIAS,0.93,LEGACY,READY_DISH,Безалкогольные напитки,"{""measurements"":[{""kind"":""value"",""value"":0.7,""unit"":""l"",""raw"":""0,7 л""}],""percentages"":[],""calibres"":[],""process"":[]}",Фундук,1,1
MAP-00253,"RIOBA Сок апельсиновый ст/б 0,25 л",KAIDA-P0715,Сок апельсиновый,MAPPED_AUTO_LEGACY,PHRASE_CANONICAL,0.96,LEGACY,READY_DISH,Безалкогольные напитки,"{""measurements"":[{""kind"":""value"",""value"":0.25,""unit"":""l"",""raw"":""0,25 л""}],""percentages"":[],""calibres"":[],""process"":[]}",Сок апельсиновый,1,1
MAP-00254,"RIOBA Сок томатный с сольюст/б 0,25 л",KAIDA-P0716,Сок томатный,MAPPED_AUTO_LEGACY,PHRASE_CANONICAL,0.96,LEGACY,READY_DISH,Безалкогольные напитки,"{""measurements"":[{""kind"":""value"",""value"":0.25,""unit"":""l"",""raw"":""0,25 л""}],""percentages"":[],""calibres"":[],""process"":[]}",Сок томатный,1,1
MAP-00255,RITTER SPORT Шоколад лесной орех 100 г,KAIDA-P0577,Фундук,MAPPED_AUTO_LEGACY,PHRASE_ALIAS,0.93,LEGACY,PRODUCT,Сладости,"{""measurements"":[{""kind"":""value"",""value"":100.0,""unit"":""g"",""raw"":""100 г""}],""percentages"":[],""calibres"":[],""process"":[]}",Фундук,1,1
MAP-00256,SAMAL Вода газированная 1 л,KAIDA-P0713,Вода газированная,MAPPED_AUTO_LEGACY,PHRASE_CANONICAL,0.96,LEGACY,READY_DISH,Безалкогольные напитки,"{""measurements"":[{""kind"":""value"",""value"":1.0,""unit"":""l"",""raw"":""1 л""}],""percentages"":[],""calibres"":[],""process"":[]}",Вода газированная,1,1
MAP-00257,SAMAL Вода газированная 500 мл,KAIDA-P0713,Вода газированная,MAPPED_AUTO_LEGACY,PHRASE_CANONICAL,0.96,LEGACY,READY_DISH,Безалкогольные напитки,"{""measurements"":[{""kind"":""value"",""value"":500.0,""unit"":""ml"",""raw"":""500 мл""}],""percentages"":[],""calibres"":[],""process"":[]}",Вода газированная,1,1
MAP-00258,"SAN PELLEGRINO Вода минеральная 0,75 л",KAIDA-P0712,Вода минеральная,MAPPED_AUTO_LEGACY,PHRASE_CANONICAL,0.96,LEGACY,READY_DISH,Безалкогольные напитки,"{""measurements"":[{""kind"":""value"",""value"":0.75,""unit"":""l"",""raw"":""0,75 л""}],""percentages"":[],""calibres"":[],""process"":[]}",Вода минеральная,1,1
MAP-00259,SEN SOY Лапша рисовая 200 г,KAIDA-P0550,Лапша рисовая,MAPPED_AUTO_LEGACY,PHRASE_CANONICAL,0.96,LEGACY,PRODUCT,Бакалея,"{""measurements"":[{""kind"":""value"",""value"":200.0,""unit"":""g"",""raw"":""200 г""}],""percentages"":[],""calibres"":[],""process"":[]}",Лапша рисовая,1,1
MAP-00260,SEN SOY Лапша яичная 300 г,KAIDA-P0549,Лапша яичная,MAPPED_AUTO_LEGACY,PHRASE_CANONICAL,0.96,LEGACY,PRODUCT,Бакалея,"{""measurements"":[{""kind"":""value"",""value"":300.0,""unit"":""g"",""raw"":""300 г""}],""percentages"":[],""calibres"":[],""process"":[]}",Лапша яичная,1,1
MAP-00261,SEN SOY Черный перец 120 г,KAIDA-P0615,Перец чёрный,MAPPED_AUTO_LEGACY,PHRASE_ALIAS,0.93,LEGACY,PRODUCT,Бакалея,"{""measurements"":[{""kind"":""value"",""value"":120.0,""unit"":""g"",""raw"":""120 г""}],""percentages"":[],""calibres"":[],""process"":[]}",Перец чёрный,1,1
MAP-00262,SEVENS вода питьевая газированная 500 мл,KAIDA-P0711,Вода питьевая,MAPPED_AUTO_LEGACY,PHRASE_CANONICAL,0.96,LEGACY,READY_DISH,Безалкогольные напитки,"{""measurements"":[{""kind"":""value"",""value"":500.0,""unit"":""ml"",""raw"":""500 мл""}],""percentages"":[],""calibres"":[],""process"":[]}",Вода питьевая,1,1
MAP-00263,SEVENS Вода питьевая негазированная 1 л,KAIDA-P0711,Вода питьевая,MAPPED_AUTO_LEGACY,PHRASE_CANONICAL,0.96,LEGACY,READY_DISH,Безалкогольные напитки,"{""measurements"":[{""kind"":""value"",""value"":1.0,""unit"":""l"",""raw"":""1 л""}],""percentages"":[],""calibres"":[],""process"":[]}",Вода питьевая,1,1
MAP-00264,SUNNY GOLD Масло подсолнечное 5 л,KAIDA-P0643,Масло подсолнечное,MAPPED_AUTO_LEGACY,PHRASE_CANONICAL,0.96,LEGACY,PRODUCT,Бакалея,"{""measurements"":[{""kind"":""value"",""value"":5.0,""unit"":""l"",""raw"":""5 л""}],""percentages"":[],""calibres"":[],""process"":[]}",Масло подсолнечное,1,1
MAP-00265,TASSAY Вода газированная 1 л,KAIDA-P0713,Вода газированная,MAPPED_AUTO_LEGACY,PHRASE_CANONICAL,0.96,LEGACY,READY_DISH,Безалкогольные напитки,"{""measurements"":[{""kind"":""value"",""value"":1.0,""unit"":""l"",""raw"":""1 л""}],""percentages"":[],""calibres"":[],""process"":[]}",Вода газированная,1,1
MAP-00266,"TASSAY Вода газированная 1,5 л",KAIDA-P0713,Вода газированная,MAPPED_AUTO_LEGACY,PHRASE_CANONICAL,0.96,LEGACY,READY_DISH,Безалкогольные напитки,"{""measurements"":[{""kind"":""value"",""value"":1.5,""unit"":""l"",""raw"":""1,5 л""}],""percentages"":[],""calibres"":[],""process"":[]}",Вода газированная,1,1
MAP-00267,TASSAY Вода газированная 500 мл,KAIDA-P0713,Вода газированная,MAPPED_AUTO_LEGACY,PHRASE_CANONICAL,0.96,LEGACY,READY_DISH,Безалкогольные напитки,"{""measurements"":[{""kind"":""value"",""value"":500.0,""unit"":""ml"",""raw"":""500 мл""}],""percentages"":[],""calibres"":[],""process"":[]}",Вода газированная,1,1
MAP-00268,TASSAY Вода газированная c/б 500 мл,KAIDA-P0713,Вода газированная,MAPPED_AUTO_LEGACY,PHRASE_CANONICAL,0.96,LEGACY,READY_DISH,Безалкогольные напитки,"{""measurements"":[{""kind"":""value"",""value"":500.0,""unit"":""ml"",""raw"":""500 мл""}],""percentages"":[],""calibres"":[],""process"":[]}",Вода газированная,1,1
MAP-00269,TASSAY Вода газированная с/б 250 мл,KAIDA-P0713,Вода газированная,MAPPED_AUTO_LEGACY,PHRASE_CANONICAL,0.96,LEGACY,READY_DISH,Безалкогольные напитки,"{""measurements"":[{""kind"":""value"",""value"":250.0,""unit"":""ml"",""raw"":""250 мл""}],""percentages"":[],""calibres"":[],""process"":[]}",Вода газированная,1,1
MAP-00270,TASSAY вода питьевая негазированная лимон 1 л,KAIDA-P0711,Вода питьевая,MAPPED_AUTO_LEGACY,PHRASE_CANONICAL,0.96,LEGACY,READY_DISH,Безалкогольные напитки,"{""measurements"":[{""kind"":""value"",""value"":1.0,""unit"":""l"",""raw"":""1 л""}],""percentages"":[],""calibres"":[],""process"":[]}",Вода питьевая,1,1
MAP-00271,TASSAY Вода питьевая негазированная лимон 500 мл,KAIDA-P0711,Вода питьевая,MAPPED_AUTO_LEGACY,PHRASE_CANONICAL,0.96,LEGACY,READY_DISH,Безалкогольные напитки,"{""measurements"":[{""kind"":""value"",""value"":500.0,""unit"":""ml"",""raw"":""500 мл""}],""percentages"":[],""calibres"":[],""process"":[]}",Вода питьевая,1,1
MAP-00272,TASSAY вода питьевая негазированная малина 1 л,KAIDA-P0711,Вода питьевая,MAPPED_AUTO_LEGACY,PHRASE_CANONICAL,0.96,LEGACY,READY_DISH,Безалкогольные напитки,"{""measurements"":[{""kind"":""value"",""value"":1.0,""unit"":""l"",""raw"":""1 л""}],""percentages"":[],""calibres"":[],""process"":[]}",Вода питьевая,1,1
MAP-00273,TASSAY вода питьевая негазированная пэт 1 л,KAIDA-P0711,Вода питьевая,MAPPED_AUTO_LEGACY,PHRASE_CANONICAL,0.96,LEGACY,READY_DISH,Безалкогольные напитки,"{""measurements"":[{""kind"":""value"",""value"":1.0,""unit"":""l"",""raw"":""1 л""}],""percentages"":[],""calibres"":[],""process"":[]}",Вода питьевая,1,1
MAP-00274,TESS Чай зеленый 2 г*100 шт,KAIDA-P0725,Чай зелёный,MAPPED_AUTO_LEGACY,PHRASE_CANONICAL,0.96,LEGACY,READY_DISH,Горячие напитки,"{""measurements"":[{""kind"":""value"",""value"":2.0,""unit"":""g"",""raw"":""2 г""},{""kind"":""value"",""value"":100.0,""unit"":""pcs"",""raw"":""100 шт""}],""percentages"":[],""calibres"":[],""process"":[]}",Чай зелёный,1,1
MAP-00275,TESS Чай зеленый лайм 100 г,KAIDA-P0725,Чай зелёный,MAPPED_AUTO_LEGACY,PHRASE_CANONICAL,0.96,LEGACY,READY_DISH,Горячие напитки,"{""measurements"":[{""kind"":""value"",""value"":100.0,""unit"":""g"",""raw"":""100 г""}],""percentages"":[],""calibres"":[],""process"":[]}",Чай зелёный,1,1
MAP-00276,TESS Чай черный 2 г*100 шт,KAIDA-P0724,Чай чёрный,MAPPED_AUTO_LEGACY,PHRASE_CANONICAL,0.96,LEGACY,READY_DISH,Горячие напитки,"{""measurements"":[{""kind"":""value"",""value"":2.0,""unit"":""g"",""raw"":""2 г""},{""kind"":""value"",""value"":100.0,""unit"":""pcs"",""raw"":""100 шт""}],""percentages"":[],""calibres"":[],""process"":[]}",Чай чёрный,1,1
MAP-00277,TESS Чай черный байховый с шиповником и яблоком 200 г,KAIDA-P0724,Чай чёрный,MAPPED_AUTO_LEGACY,PHRASE_CANONICAL,0.96,LEGACY,READY_DISH,Горячие напитки,"{""measurements"":[{""kind"":""value"",""value"":200.0,""unit"":""g"",""raw"":""200 г""}],""percentages"":[],""calibres"":[],""process"":[]}",Чай чёрный,1,1
MAP-00278,TURAN вода минеральная газированная 1 л,KAIDA-P0712,Вода минеральная,MAPPED_AUTO_LEGACY,PHRASE_CANONICAL,0.96,LEGACY,READY_DISH,Безалкогольные напитки,"{""measurements"":[{""kind"":""value"",""value"":1.0,""unit"":""l"",""raw"":""1 л""}],""percentages"":[],""calibres"":[],""process"":[]}",Вода минеральная,1,1
MAP-00279,"TURAN вода минеральная газированная 1,5 л",KAIDA-P0712,Вода минеральная,MAPPED_AUTO_LEGACY,PHRASE_CANONICAL,0.96,LEGACY,READY_DISH,Безалкогольные напитки,"{""measurements"":[{""kind"":""value"",""value"":1.5,""unit"":""l"",""raw"":""1,5 л""}],""percentages"":[],""calibres"":[],""process"":[]}",Вода минеральная,1,1
MAP-00280,TURAN вода минеральная негазированная 1 л,KAIDA-P0712,Вода минеральная,MAPPED_AUTO_LEGACY,PHRASE_CANONICAL,0.96,LEGACY,READY_DISH,Безалкогольные напитки,"{""measurements"":[{""kind"":""value"",""value"":1.0,""unit"":""l"",""raw"":""1 л""}],""percentages"":[],""calibres"":[],""process"":[]}",Вода минеральная,1,1
MAP-00281,TURAN вода минеральная негазированная 250 мл,KAIDA-P0712,Вода минеральная,MAPPED_AUTO_LEGACY,PHRASE_CANONICAL,0.96,LEGACY,READY_DISH,Безалкогольные напитки,"{""measurements"":[{""kind"":""value"",""value"":250.0,""unit"":""ml"",""raw"":""250 мл""}],""percentages"":[],""calibres"":[],""process"":[]}",Вода минеральная,1,1
MAP-00282,TURAN вода питьевая негазированная 5 л,KAIDA-P0711,Вода питьевая,MAPPED_AUTO_LEGACY,PHRASE_CANONICAL,0.96,LEGACY,READY_DISH,Безалкогольные напитки,"{""measurements"":[{""kind"":""value"",""value"":5.0,""unit"":""l"",""raw"":""5 л""}],""percentages"":[],""calibres"":[],""process"":[]}",Вода питьевая,1,1
MAP-00283,VITALNAN Хлеб ржаной 300 г,KAIDA-P0680,Хлеб ржаной,MAPPED_AUTO_LEGACY,PHRASE_CANONICAL,0.96,LEGACY,PRODUCT,Хлебобулочные изделия,"{""measurements"":[{""kind"":""value"",""value"":300.0,""unit"":""g"",""raw"":""300 г""}],""percentages"":[],""calibres"":[],""process"":[]}",Хлеб ржаной,1,1
MAP-00284,YAKAMOZ TURSU Перец острый соленый 370 мл,KAIDA-P0374,Перец острый,MAPPED_AUTO_LEGACY,PHRASE_CANONICAL,0.96,LEGACY,PRODUCT,Консервы,"{""measurements"":[{""kind"":""value"",""value"":370.0,""unit"":""ml"",""raw"":""370 мл""}],""percentages"":[],""calibres"":[],""process"":[]}",Перец острый,1,1
MAP-00285,Агуша Сок яблочный осветленный 200 мл,KAIDA-P0714,Сок яблочный,MAPPED_AUTO_LEGACY,PHRASE_CANONICAL,0.96,LEGACY,PRODUCT,Детское питание,"{""measurements"":[{""kind"":""value"",""value"":200.0,""unit"":""ml"",""raw"":""200 мл""}],""percentages"":[],""calibres"":[],""process"":[]}",Сок яблочный,1,1
MAP-00286,Агуша Сок яблочный с мякотью 200 мл,KAIDA-P0714,Сок яблочный,MAPPED_AUTO_LEGACY,PHRASE_CANONICAL,0.96,LEGACY,PRODUCT,Детское питание,"{""measurements"":[{""kind"":""value"",""value"":200.0,""unit"":""ml"",""raw"":""200 мл""}],""percentages"":[],""calibres"":[],""process"":[]}",Сок яблочный,1,1
MAP-00287,АЙДОНИ Гречневая крупа 3 кг,KAIDA-P0513,Гречка,MAPPED_AUTO_LEGACY,PHRASE_ALIAS,0.93,LEGACY,PRODUCT,Бакалея,"{""measurements"":[{""kind"":""value"",""value"":3.0,""unit"":""kg"",""raw"":""3 кг""}],""percentages"":[],""calibres"":[],""process"":[]}",Гречка,1,1
MAP-00288,АЙДОНИ Гречневая крупа 5 кг,KAIDA-P0513,Гречка,MAPPED_AUTO_LEGACY,PHRASE_ALIAS,0.93,LEGACY,PRODUCT,Бакалея,"{""measurements"":[{""kind"":""value"",""value"":5.0,""unit"":""kg"",""raw"":""5 кг""}],""percentages"":[],""calibres"":[],""process"":[]}",Гречка,1,1
MAP-00289,АЙДОНИ Гречневая крупа 800 г,KAIDA-P0513,Гречка,MAPPED_AUTO_LEGACY,PHRASE_ALIAS,0.93,LEGACY,PRODUCT,Бакалея,"{""measurements"":[{""kind"":""value"",""value"":800.0,""unit"":""g"",""raw"":""800 г""}],""percentages"":[],""calibres"":[],""process"":[]}",Гречка,1,1
MAP-00290,"АЙДОНИ Перловая крупа 0,8 кг",KAIDA-P0518,Перловка,MAPPED_AUTO_LEGACY,PHRASE_ALIAS,0.93,LEGACY,PRODUCT,Бакалея,"{""measurements"":[{""kind"":""value"",""value"":0.8,""unit"":""kg"",""raw"":""0,8 кг""}],""percentages"":[],""calibres"":[],""process"":[]}",Перловка,1,1
MAP-00291,Айран,KAIDA-P0283,Айран,MAPPED_AUTO,EXACT_CANONICAL,0.99,BASE_MATCH,PRODUCT,Молочные продукты,"{""measurements"":[],""percentages"":[],""calibres"":[],""process"":[]}",Айран,1,1
MAP-00292,АКТИВИА Йогурт питьевой злаки 260 г,KAIDA-P0281,Йогурт питьевой,MAPPED_AUTO_LEGACY,PHRASE_CANONICAL,0.96,LEGACY,PRODUCT,Молочная продукция,"{""measurements"":[{""kind"":""value"",""value"":260.0,""unit"":""g"",""raw"":""260 г""}],""percentages"":[],""calibres"":[],""process"":[]}",Йогурт питьевой,1,1
MAP-00293,АКТИВИА Йогурт питьевой клубника-земляника 260 г,KAIDA-P0281,Йогурт питьевой,MAPPED_AUTO_LEGACY,PHRASE_CANONICAL,0.96,LEGACY,PRODUCT,Молочная продукция,"{""measurements"":[{""kind"":""value"",""value"":260.0,""unit"":""g"",""raw"":""260 г""}],""percentages"":[],""calibres"":[],""process"":[]}",Йогурт питьевой,1,1
MAP-00294,АКТИВИА Йогурт питьевой манго-маракуйя 260 мл,KAIDA-P0281,Йогурт питьевой,MAPPED_AUTO_LEGACY,PHRASE_CANONICAL,0.96,LEGACY,PRODUCT,Молочная продукция,"{""measurements"":[{""kind"":""value"",""value"":260.0,""unit"":""ml"",""raw"":""260 мл""}],""percentages"":[],""calibres"":[],""process"":[]}",Йогурт питьевой,1,1
MAP-00295,АКТИВИА Йогурт питьевой персик 260 мл,KAIDA-P0281,Йогурт питьевой,MAPPED_AUTO_LEGACY,PHRASE_CANONICAL,0.96,LEGACY,PRODUCT,Молочная продукция,"{""measurements"":[{""kind"":""value"",""value"":260.0,""unit"":""ml"",""raw"":""260 мл""}],""percentages"":[],""calibres"":[],""process"":[]}",Йогурт питьевой,1,1
MAP-00296,АКТИВИА Йогурт питьевой чернослив 260 г,KAIDA-P0281,Йогурт питьевой,MAPPED_AUTO_LEGACY,PHRASE_CANONICAL,0.96,LEGACY,PRODUCT,Молочная продукция,"{""measurements"":[{""kind"":""value"",""value"":260.0,""unit"":""g"",""raw"":""260 г""}],""percentages"":[],""calibres"":[],""process"":[]}",Йогурт питьевой,1,1
MAP-00297,"АЛЕКСЕЕВСКОЕ Сгущенное молоко 8,5% 370 г",KAIDA-P0294,Сгущённое молоко,MAPPED_AUTO_LEGACY,PHRASE_CANONICAL,0.96,LEGACY,PRODUCT,Молочная продукция,"{""measurements"":[{""kind"":""value"",""value"":370.0,""unit"":""g"",""raw"":""370 г""}],""percentages"":[8.5],""calibres"":[],""process"":[]}",Сгущённое молоко,1,1
MAP-00298,Алкализованный какао порошок Extra Brute 1 кг. Cacao Barry,KAIDA-P0738,Какао-порошок,MAPPED_RULE,COCOA_RAW_CONTEXT,0.96,R08,PRODUCT,Какао порошок,"{""measurements"":[{""kind"":""value"",""value"":1.0,""unit"":""kg"",""raw"":""1 кг""}],""percentages"":[],""calibres"":[],""process"":[]}",Какао-порошок,1,1
MAP-00299,АЛТЫН САПА Тесто слоеное 1 кг,KAIDA-P0556,Тесто слоёное,MAPPED_AUTO_LEGACY,PHRASE_CANONICAL,0.96,LEGACY,PRODUCT,Глубокая заморозка,"{""measurements"":[{""kind"":""value"",""value"":1.0,""unit"":""kg"",""raw"":""1 кг""}],""percentages"":[],""calibres"":[],""process"":[]}",Тесто слоёное,1,1
MAP-00300,АЛТЫН САПА Тесто слоеное 500 г,KAIDA-P0556,Тесто слоёное,MAPPED_AUTO_LEGACY,PHRASE_CANONICAL,0.96,LEGACY,PRODUCT,Глубокая заморозка,"{""measurements"":[{""kind"":""value"",""value"":500.0,""unit"":""g"",""raw"":""500 г""}],""percentages"":[],""calibres"":[],""process"":[]}",Тесто слоёное,1,1
MAP-00301,"Ароматизатор ""Сгущенное молоко"" 100гр",KAIDA-P0294,Сгущённое молоко,MAPPED_AUTO_LEGACY,PHRASE_CANONICAL,0.96,LEGACY,PRODUCT,Пищевые фасованные ароматизаторы,"{""measurements"":[{""kind"":""value"",""value"":100.0,""unit"":""g"",""raw"":""100гр""}],""percentages"":[],""calibres"":[],""process"":[]}",Сгущённое молоко,1,1
MAP-00302,"Ароматизатор ""Топленое молоко"" 100гр",KAIDA-P0270,Молоко топлёное,MAPPED_AUTO_LEGACY,PHRASE_ALIAS,0.93,LEGACY,PRODUCT,Пищевые фасованные ароматизаторы,"{""measurements"":[{""kind"":""value"",""value"":100.0,""unit"":""g"",""raw"":""100гр""}],""percentages"":[],""calibres"":[],""process"":[]}",Молоко топлёное,1,1
MAP-00303,АСЕМ-АЙ вода минеральная газированная 1 л,KAIDA-P0712,Вода минеральная,MAPPED_AUTO_LEGACY,PHRASE_CANONICAL,0.96,LEGACY,READY_DISH,Безалкогольные напитки,"{""measurements"":[{""kind"":""value"",""value"":1.0,""unit"":""l"",""raw"":""1 л""}],""percentages"":[],""calibres"":[],""process"":[]}",Вода минеральная,1,1
MAP-00304,АСЕМ-АЙ Вода минеральная газированная 500 мл,KAIDA-P0712,Вода минеральная,MAPPED_AUTO_LEGACY,PHRASE_CANONICAL,0.96,LEGACY,READY_DISH,Безалкогольные напитки,"{""measurements"":[{""kind"":""value"",""value"":500.0,""unit"":""ml"",""raw"":""500 мл""}],""percentages"":[],""calibres"":[],""process"":[]}",Вода минеральная,1,1
MAP-00305,АСЕМ-АЙ вода минеральная негазированная 1 л,KAIDA-P0712,Вода минеральная,MAPPED_AUTO_LEGACY,PHRASE_CANONICAL,0.96,LEGACY,READY_DISH,Безалкогольные напитки,"{""measurements"":[{""kind"":""value"",""value"":1.0,""unit"":""l"",""raw"":""1 л""}],""percentages"":[],""calibres"":[],""process"":[]}",Вода минеральная,1,1
MAP-00306,АСЕМ-АЙ Вода минеральная негазированная 500 мл,KAIDA-P0712,Вода минеральная,MAPPED_AUTO_LEGACY,PHRASE_CANONICAL,0.96,LEGACY,READY_DISH,Безалкогольные напитки,"{""measurements"":[{""kind"":""value"",""value"":500.0,""unit"":""ml"",""raw"":""500 мл""}],""percentages"":[],""calibres"":[],""process"":[]}",Вода минеральная,1,1
MAP-00307,АЯМ Хлеб цельнозерновой 150 г,KAIDA-P0681,Хлеб цельнозерновой,MAPPED_AUTO_LEGACY,PHRASE_CANONICAL,0.96,LEGACY,PRODUCT,Сладости,"{""measurements"":[{""kind"":""value"",""value"":150.0,""unit"":""g"",""raw"":""150 г""}],""percentages"":[],""calibres"":[],""process"":[]}",Хлеб цельнозерновой,1,1
MAP-00308,Банан,KAIDA-P0460,Банан,MAPPED_AUTO,EXACT_CANONICAL,0.99,BASE_MATCH,PRODUCT,СМУЗИ,"{""measurements"":[],""percentages"":[],""calibres"":[],""process"":[]}",Банан,1,1
MAP-00309,Баранья голова,KAIDA-P0131,Баранья голова,MAPPED_AUTO,EXACT_CANONICAL,0.99,BASE_MATCH,PRODUCT,Қой еті,"{""measurements"":[],""percentages"":[],""calibres"":[],""process"":[]}",Баранья голова,1,1
MAP-00310,Батат (Сладкий картофель) фри,KAIDA-P0346,Батат,MAPPED_AUTO_LEGACY,PHRASE_ALIAS,0.93,LEGACY,READY_DISH,Закуски,"{""measurements"":[],""percentages"":[],""calibres"":[],""process"":[]}",Батат,1,1
MAP-00311,Бедро индейки,KAIDA-P0103,Бедро индейки,MAPPED_AUTO,EXACT_CANONICAL,0.99,BASE_MATCH,PRODUCT,мясо индейки,"{""measurements"":[],""percentages"":[],""calibres"":[],""process"":[]}",Бедро индейки,1,1
MAP-00312,Белые грибы резанные ARDO,KAIDA-P0420,Белые грибы,MAPPED_AUTO_LEGACY,PHRASE_CANONICAL,0.96,LEGACY,PRODUCT,Овощи,"{""measurements"":[],""percentages"":[],""calibres"":[],""process"":[]}",Белые грибы,1,1
MAP-00313,Брюссельская капуста ARDO,KAIDA-P0392,Брюссельская капуста,MAPPED_AUTO_LEGACY,PHRASE_CANONICAL,0.96,LEGACY,PRODUCT,Овощи,"{""measurements"":[],""percentages"":[],""calibres"":[],""process"":[]}",Брюссельская капуста,1,1
MAP-00314,Буррата,KAIDA-P0308,Буррата,MAPPED_AUTO,EXACT_CANONICAL,0.99,BASE_MATCH,PRODUCT,Салаты:,"{""measurements"":[],""percentages"":[],""calibres"":[],""process"":[]}",Буррата,1,1
MAP-00315,Вареное сгущенное молоко Люкс 08-10 коробка 20 кг,KAIDA-P0294,Сгущённое молоко,MAPPED_AUTO_LEGACY,PHRASE_CANONICAL,0.96,LEGACY,PRODUCT,Молоко сгущенное белое и вареное,"{""measurements"":[{""kind"":""value"",""value"":20.0,""unit"":""kg"",""raw"":""20 кг""}],""percentages"":[],""calibres"":[],""process"":[""boiled""]}",Сгущённое молоко,1,1
MAP-00316,Вареное сгущенное молоко Премиум 11% Омск коробка 20 кг,KAIDA-P0294,Сгущённое молоко,MAPPED_AUTO_LEGACY,PHRASE_CANONICAL,0.96,LEGACY,PRODUCT,Молоко сгущенное белое и вареное,"{""measurements"":[{""kind"":""value"",""value"":20.0,""unit"":""kg"",""raw"":""20 кг""}],""percentages"":[11.0],""calibres"":[],""process"":[""boiled""]}",Сгущённое молоко,1,1
MAP-00317,"Варенье клубничное 0,5",KAIDA-P0704,Варенье клубничное,MAPPED_AUTO_LEGACY,PHRASE_CANONICAL,0.96,LEGACY,PRODUCT,Домашние заготовки,"{""measurements"":[],""percentages"":[],""calibres"":[],""process"":[""boiled""]}",Варенье клубничное,1,1
MAP-00318,Варенье клубничное 1кг,KAIDA-P0704,Варенье клубничное,MAPPED_AUTO,QUANT_STRIPPED_CANONICAL,0.93,BASE_MATCH,PRODUCT,Домашние заготовки,"{""measurements"":[{""kind"":""value"",""value"":1.0,""unit"":""kg"",""raw"":""1кг""}],""percentages"":[],""calibres"":[],""process"":[""boiled""]}",Варенье клубничное,1,1
MAP-00319,Виноград белый киш-миш кг,KAIDA-P0483,Виноград белый,MAPPED_AUTO_LEGACY,PHRASE_CANONICAL,0.96,LEGACY,PRODUCT,Фрукты,"{""measurements"":[],""percentages"":[],""calibres"":[],""process"":[]}",Виноград белый,1,1
MAP-00320,Виноград красный кг,KAIDA-P0485,Виноград красный,MAPPED_AUTO_LEGACY,PHRASE_CANONICAL,0.96,LEGACY,PRODUCT,Фрукты,"{""measurements"":[],""percentages"":[],""calibres"":[],""process"":[]}",Виноград красный,1,1
MAP-00321,Виноград черный кг,KAIDA-P0484,Виноград чёрный,MAPPED_AUTO_LEGACY,PHRASE_CANONICAL,0.96,LEGACY,PRODUCT,Фрукты,"{""measurements"":[],""percentages"":[],""calibres"":[],""process"":[]}",Виноград чёрный,1,1
MAP-00322,ВКУСНЫЙ МИГ Крахмал картофельный 1 кг,KAIDA-P0541,Крахмал картофельный,MAPPED_AUTO_LEGACY,PHRASE_CANONICAL,0.96,LEGACY,PRODUCT,Бакалея,"{""measurements"":[{""kind"":""value"",""value"":1.0,""unit"":""kg"",""raw"":""1 кг""}],""percentages"":[],""calibres"":[],""process"":[]}",Крахмал картофельный,1,1
MAP-00323,ВКУСНЫЙ МИГ Крахмал картофельный 200 г,KAIDA-P0541,Крахмал картофельный,MAPPED_AUTO_LEGACY,PHRASE_CANONICAL,0.96,LEGACY,PRODUCT,Бакалея,"{""measurements"":[{""kind"":""value"",""value"":200.0,""unit"":""g"",""raw"":""200 г""}],""percentages"":[],""calibres"":[],""process"":[]}",Крахмал картофельный,1,1
MAP-00324,ВКУСНЫЙ МИГ Мак пищевой 1 кг,KAIDA-P0593,Мак пищевой,MAPPED_AUTO_LEGACY,PHRASE_CANONICAL,0.96,LEGACY,PRODUCT,Бакалея,"{""measurements"":[{""kind"":""value"",""value"":1.0,""unit"":""kg"",""raw"":""1 кг""}],""percentages"":[],""calibres"":[],""process"":[]}",Мак пищевой,1,1
MAP-00325,ВКУСНЫЙ МИГ Перец черный молотый 1 кг,KAIDA-P0615,Перец чёрный,MAPPED_AUTO_LEGACY,PHRASE_CANONICAL,0.96,LEGACY,PRODUCT,Бакалея,"{""measurements"":[{""kind"":""value"",""value"":1.0,""unit"":""kg"",""raw"":""1 кг""}],""percentages"":[],""calibres"":[],""process"":[]}",Перец чёрный,1,1
MAP-00326,ВКУСНЫЙ МИГ Перец черный молотый 100 г,KAIDA-P0615,Перец чёрный,MAPPED_AUTO_LEGACY,PHRASE_CANONICAL,0.96,LEGACY,PRODUCT,Бакалея,"{""measurements"":[{""kind"":""value"",""value"":100.0,""unit"":""g"",""raw"":""100 г""}],""percentages"":[],""calibres"":[],""process"":[]}",Перец чёрный,1,1
MAP-00327,Вода газированная Tassay — 250 мл,KAIDA-P0713,Вода газированная,MAPPED_AUTO_LEGACY,PHRASE_CANONICAL,0.96,LEGACY,READY_DISH,Освежающие напитки,"{""measurements"":[{""kind"":""value"",""value"":250.0,""unit"":""ml"",""raw"":""250 мл""}],""percentages"":[],""calibres"":[],""process"":[]}",Вода газированная,1,1
MAP-00328,ГАРНЕЦ Мука гречневая 500 г,KAIDA-P0537,Мука гречневая,MAPPED_AUTO_LEGACY,PHRASE_CANONICAL,0.96,LEGACY,PRODUCT,Бакалея,"{""measurements"":[{""kind"":""value"",""value"":500.0,""unit"":""g"",""raw"":""500 г""}],""percentages"":[],""calibres"":[],""process"":[]}",Мука гречневая,1,1
MAP-00329,ГАРНЕЦ Мука кукурузная 500 г,KAIDA-P0535,Мука кукурузная,MAPPED_AUTO_LEGACY,PHRASE_CANONICAL,0.96,LEGACY,PRODUCT,Бакалея,"{""measurements"":[{""kind"":""value"",""value"":500.0,""unit"":""g"",""raw"":""500 г""}],""percentages"":[],""calibres"":[],""process"":[]}",Мука кукурузная,1,1
MAP-00330,ГАРНЕЦ Мука ржаная 500 г,KAIDA-P0534,Мука ржаная,MAPPED_AUTO_LEGACY,PHRASE_CANONICAL,0.96,LEGACY,PRODUCT,Бакалея,"{""measurements"":[{""kind"":""value"",""value"":500.0,""unit"":""g"",""raw"":""500 г""}],""percentages"":[],""calibres"":[],""process"":[]}",Мука ржаная,1,1
MAP-00331,ГАРНЕЦ Мука рисовая 500 г,KAIDA-P0536,Мука рисовая,MAPPED_AUTO_LEGACY,PHRASE_CANONICAL,0.96,LEGACY,PRODUCT,Бакалея,"{""measurements"":[{""kind"":""value"",""value"":500.0,""unit"":""g"",""raw"":""500 г""}],""percentages"":[],""calibres"":[],""process"":[]}",Мука рисовая,1,1
MAP-00332,ГАРНЕЦ Мука рисовая цельнозерновая 500 г,KAIDA-P0536,Мука рисовая,MAPPED_AUTO_LEGACY,PHRASE_CANONICAL,0.96,LEGACY,PRODUCT,Бакалея,"{""measurements"":[{""kind"":""value"",""value"":500.0,""unit"":""g"",""raw"":""500 г""}],""percentages"":[],""calibres"":[],""process"":[]}",Мука рисовая,1,1
MAP-00333,Говяжий антрекот,KAIDA-P0016,Говяжий антрекот,MAPPED_AUTO,EXACT_CANONICAL,0.99,BASE_MATCH,PRODUCT,ГОВЯДИНА,"{""measurements"":[],""percentages"":[],""calibres"":[],""process"":[]}",Говяжий антрекот,1,1
MAP-00334,ГОВЯЖИЙ ФАРШ,KAIDA-P0024,Говяжий фарш,MAPPED_AUTO,EXACT_CANONICAL,0.99,BASE_MATCH,PRODUCT,фарш,"{""measurements"":[],""percentages"":[],""calibres"":[],""process"":[]}",Говяжий фарш,1,1
MAP-00335,Говяжье сердце,KAIDA-P0116,Говяжье сердце,MAPPED_AUTO,EXACT_CANONICAL,0.99,BASE_MATCH,PRODUCT,ГОВЯДИНА,"{""measurements"":[],""percentages"":[],""calibres"":[],""process"":[]}",Говяжье сердце,1,1
MAP-00336,Говяжьи ребра,KAIDA-P0009,Говяжьи рёбра,MAPPED_AUTO,EXACT_CANONICAL,0.99,BASE_MATCH,PRODUCT,ГОВЯДИНА,"{""measurements"":[],""percentages"":[],""calibres"":[],""process"":[]}",Говяжьи рёбра,1,1
MAP-00337,Говяжья вырезка,KAIDA-P0003,Говяжья вырезка,MAPPED_AUTO,EXACT_CANONICAL,0.99,BASE_MATCH,PRODUCT,ГОВЯДИНА,"{""measurements"":[],""percentages"":[],""calibres"":[],""process"":[]}",Говяжья вырезка,1,1
MAP-00338,Говяжья грудинка,KAIDA-P0008,Говяжья грудинка,MAPPED_AUTO,EXACT_CANONICAL,0.99,BASE_MATCH,PRODUCT,ГОВЯДИНА,"{""measurements"":[],""percentages"":[],""calibres"":[],""process"":[]}",Говяжья грудинка,1,1
MAP-00339,Говяжья мякоть без жира,KAIDA-P0005,Говяжья мякоть,MAPPED_AUTO_LEGACY,PHRASE_CANONICAL,0.96,LEGACY,PRODUCT,ГОВЯДИНА,"{""measurements"":[],""percentages"":[],""calibres"":[],""process"":[]}",Говяжья мякоть,1,1
MAP-00340,Говяжья мякоть с жиром,KAIDA-P0005,Говяжья мякоть,MAPPED_AUTO_LEGACY,PHRASE_CANONICAL,0.96,LEGACY,PRODUCT,ГОВЯДИНА,"{""measurements"":[],""percentages"":[],""calibres"":[],""process"":[]}",Говяжья мякоть,1,1
MAP-00341,Горбуша,KAIDA-P0175,Горбуша,MAPPED_AUTO,EXACT_CANONICAL,0.99,BASE_MATCH,PRODUCT,Консервы,"{""measurements"":[],""percentages"":[],""calibres"":[],""process"":[]}",Горбуша,1,1
MAP-00342,Грецкий орех,KAIDA-P0575,Грецкий орех,MAPPED_AUTO,EXACT_CANONICAL,0.99,BASE_MATCH,PRODUCT,Орехи и сухофрукты,"{""measurements"":[],""percentages"":[],""calibres"":[],""process"":[]}",Грецкий орех,1,1
MAP-00343,Дыня колхозница кг,KAIDA-P0482,Дыня колхозница,MAPPED_AUTO_LEGACY,PHRASE_CANONICAL,0.96,LEGACY,PRODUCT,Фрукты,"{""measurements"":[],""percentages"":[],""calibres"":[],""process"":[]}",Дыня колхозница,1,1
MAP-00344,Дыня торпеда кг,KAIDA-P0481,Дыня торпеда,MAPPED_AUTO_LEGACY,PHRASE_CANONICAL,0.96,LEGACY,PRODUCT,Фрукты,"{""measurements"":[],""percentages"":[],""calibres"":[],""process"":[]}",Дыня торпеда,1,1
MAP-00345,"ДЯДЯ ВАНЯ Огурцы маринованные 1,8 л",KAIDA-P0760,Огурцы маринованные,MAPPED_AUTO_LEGACY,PHRASE_CANONICAL,0.96,LEGACY,PRODUCT,Консервы,"{""measurements"":[{""kind"":""value"",""value"":1.8,""unit"":""l"",""raw"":""1,8 л""}],""percentages"":[],""calibres"":[],""process"":[]}",Огурцы маринованные,1,1
MAP-00346,ДЯДЯ ВАНЯ Огурцы маринованные 350 мл,KAIDA-P0760,Огурцы маринованные,MAPPED_AUTO_LEGACY,PHRASE_CANONICAL,0.96,LEGACY,PRODUCT,Консервы,"{""measurements"":[{""kind"":""value"",""value"":350.0,""unit"":""ml"",""raw"":""350 мл""}],""percentages"":[],""calibres"":[],""process"":[]}",Огурцы маринованные,1,1
MAP-00347,ДЯДЯ ВАНЯ Огурцы маринованные 680 г,KAIDA-P0760,Огурцы маринованные,MAPPED_AUTO_LEGACY,PHRASE_CANONICAL,0.96,LEGACY,PRODUCT,Консервы,"{""measurements"":[{""kind"":""value"",""value"":680.0,""unit"":""g"",""raw"":""680 г""}],""percentages"":[],""calibres"":[],""process"":[]}",Огурцы маринованные,1,1
MAP-00348,ДӘМДІ ЕТ Бедро индейки замороженное в/у 1 кг,KAIDA-P0103,Бедро индейки,MAPPED_AUTO_LEGACY,PHRASE_CANONICAL,0.96,LEGACY,PRODUCT,Замороженная птица,"{""measurements"":[{""kind"":""value"",""value"":1.0,""unit"":""kg"",""raw"":""1 кг""}],""percentages"":[],""calibres"":[],""process"":[""frozen""]}",Бедро индейки,1,1
MAP-00349,ДӘМДІ ЕТ Голень индейки медальон замороженная 1 кг,KAIDA-P0104,Голень индейки,MAPPED_AUTO_LEGACY,PHRASE_CANONICAL,0.96,LEGACY,PRODUCT,Замороженная птица,"{""measurements"":[{""kind"":""value"",""value"":1.0,""unit"":""kg"",""raw"":""1 кг""}],""percentages"":[],""calibres"":[],""process"":[""frozen""]}",Голень индейки,1,1
MAP-00350,ДӘМДІ ЕТ Крыло индейки замороженное пэт 1 кг,KAIDA-P0105,Крыло индейки,MAPPED_AUTO_LEGACY,PHRASE_CANONICAL,0.96,LEGACY,PRODUCT,Замороженная птица,"{""measurements"":[{""kind"":""value"",""value"":1.0,""unit"":""kg"",""raw"":""1 кг""}],""percentages"":[],""calibres"":[],""process"":[""frozen""]}",Крыло индейки,1,1
MAP-00351,Ежевика,KAIDA-P0490,Ежевика,MAPPED_AUTO,EXACT_CANONICAL,0.99,BASE_MATCH,PRODUCT,Ягоды,"{""measurements"":[],""percentages"":[],""calibres"":[],""process"":[]}",Ежевика,1,1
MAP-00352,"ЕССЕНТУКИ Вода газированная №17 0,45 л",KAIDA-P0713,Вода газированная,MAPPED_AUTO_LEGACY,PHRASE_CANONICAL,0.96,LEGACY,READY_DISH,Безалкогольные напитки,"{""measurements"":[{""kind"":""value"",""value"":0.45,""unit"":""l"",""raw"":""0,45 л""}],""percentages"":[],""calibres"":[],""process"":[]}",Вода газированная,1,1
MAP-00353,"ЕССЕНТУКИ Вода газированная №4 0,5 л",KAIDA-P0713,Вода газированная,MAPPED_AUTO_LEGACY,PHRASE_CANONICAL,0.96,LEGACY,READY_DISH,Безалкогольные напитки,"{""measurements"":[{""kind"":""value"",""value"":0.5,""unit"":""l"",""raw"":""0,5 л""}],""percentages"":[],""calibres"":[],""process"":[]}",Вода газированная,1,1
MAP-00354,Жал,KAIDA-P0061,Жал,MAPPED_AUTO,EXACT_CANONICAL,0.99,BASE_MATCH,PRODUCT,Жылқы еті,"{""measurements"":[],""percentages"":[],""calibres"":[],""process"":[]}",Жал,1,1
MAP-00355,ЖОКЕЙ Кофе молотый italiano 250 г,KAIDA-P0734,Кофе молотый,MAPPED_AUTO_LEGACY,PHRASE_CANONICAL,0.96,LEGACY,READY_DISH,Горячие напитки,"{""measurements"":[{""kind"":""value"",""value"":250.0,""unit"":""g"",""raw"":""250 г""}],""percentages"":[],""calibres"":[],""process"":[]}",Кофе молотый,1,1
MAP-00356,ЖОКЕЙ Кофе молотый по-восточному 250 г,KAIDA-P0734,Кофе молотый,MAPPED_AUTO_LEGACY,PHRASE_CANONICAL,0.96,LEGACY,READY_DISH,Горячие напитки,"{""measurements"":[{""kind"":""value"",""value"":250.0,""unit"":""g"",""raw"":""250 г""}],""percentages"":[],""calibres"":[],""process"":[]}",Кофе молотый,1,1
MAP-00357,ЖОКЕЙ Кофе молотый традиционный 250 г,KAIDA-P0734,Кофе молотый,MAPPED_AUTO_LEGACY,PHRASE_CANONICAL,0.96,LEGACY,READY_DISH,Горячие напитки,"{""measurements"":[{""kind"":""value"",""value"":250.0,""unit"":""g"",""raw"":""250 г""}],""percentages"":[],""calibres"":[],""process"":[]}",Кофе молотый,1,1
MAP-00358,ЖОКЕЙ Кофе растворимый 95 г,KAIDA-P0735,Кофе растворимый,MAPPED_AUTO_LEGACY,PHRASE_CANONICAL,0.96,LEGACY,READY_DISH,Горячие напитки,"{""measurements"":[{""kind"":""value"",""value"":95.0,""unit"":""g"",""raw"":""95 г""}],""percentages"":[],""calibres"":[],""process"":[]}",Кофе растворимый,1,1
MAP-00359,ЖОКЕЙ Кофе растворимый империал 150 г,KAIDA-P0735,Кофе растворимый,MAPPED_AUTO_LEGACY,PHRASE_CANONICAL,0.96,LEGACY,READY_DISH,Горячие напитки,"{""measurements"":[{""kind"":""value"",""value"":150.0,""unit"":""g"",""raw"":""150 г""}],""percentages"":[],""calibres"":[],""process"":[]}",Кофе растворимый,1,1
MAP-00360,Зеленый чай (400 мл),KAIDA-P0838,Чай зелёный (напиток),MAPPED_RULE,PREPARED_TEA,0.95,R08,READY_DISH,Классические чаи,"{""measurements"":[{""kind"":""value"",""value"":400.0,""unit"":""ml"",""raw"":""400 мл""}],""percentages"":[],""calibres"":[],""process"":[]}",Чай зелёный,1,1
MAP-00361,Зеленый чай (800 мл),KAIDA-P0838,Чай зелёный (напиток),MAPPED_RULE,PREPARED_TEA,0.95,R08,READY_DISH,Классические чаи,"{""measurements"":[{""kind"":""value"",""value"":800.0,""unit"":""ml"",""raw"":""800 мл""}],""percentages"":[],""calibres"":[],""process"":[]}",Чай зелёный,1,1
MAP-00362,Зеленый чай 0.6L,KAIDA-P0725,Чай зелёный,MAPPED_AUTO,QUANT_STRIPPED_ALIAS,0.9,BASE_MATCH,PRODUCT,Остальное,"{""measurements"":[{""kind"":""value"",""value"":0.6,""unit"":""l"",""raw"":""0.6L""}],""percentages"":[],""calibres"":[],""process"":[]}",Чай зелёный,1,1
MAP-00363,Зеленый чай 0.8L,KAIDA-P0725,Чай зелёный,MAPPED_AUTO,QUANT_STRIPPED_ALIAS,0.9,BASE_MATCH,PRODUCT,Остальное,"{""measurements"":[{""kind"":""value"",""value"":0.8,""unit"":""l"",""raw"":""0.8L""}],""percentages"":[],""calibres"":[],""process"":[]}",Чай зелёный,1,1
MAP-00364,Зеленый чай 1L,KAIDA-P0725,Чай зелёный,MAPPED_AUTO,QUANT_STRIPPED_ALIAS,0.9,BASE_MATCH,PRODUCT,Остальное,"{""measurements"":[{""kind"":""value"",""value"":1.0,""unit"":""l"",""raw"":""1L""}],""percentages"":[],""calibres"":[],""process"":[]}",Чай зелёный,1,1
MAP-00365,Зеленый чай 600мл,KAIDA-P0838,Чай зелёный (напиток),MAPPED_RULE,PREPARED_TEA,0.95,R08,READY_DISH,Авторские чаи,"{""measurements"":[{""kind"":""value"",""value"":600.0,""unit"":""ml"",""raw"":""600мл""}],""percentages"":[],""calibres"":[],""process"":[]}",Чай зелёный,1,1
MAP-00366,Золотая икра осетра альбиноса 100гр (лимитированная коллекция),KAIDA-P0257,Икра осетра,MAPPED_RULE,CAVIAR_SPECIES,0.97,R14,PRODUCT,Черная икра,"{""measurements"":[{""kind"":""value"",""value"":100.0,""unit"":""g"",""raw"":""100гр""}],""percentages"":[],""calibres"":[],""process"":[]}",Икра осетра,1,1
MAP-00367,Золотая икра осетра альбиноса 50гр (лимитированная коллекция),KAIDA-P0257,Икра осетра,MAPPED_RULE,CAVIAR_SPECIES,0.97,R14,PRODUCT,Черная икра,"{""measurements"":[{""kind"":""value"",""value"":50.0,""unit"":""g"",""raw"":""50гр""}],""percentages"":[],""calibres"":[],""process"":[]}",Икра осетра,1,1
MAP-00368,Икра Горбуши,KAIDA-P0253,Икра горбуши,MAPPED_RULE,CAVIAR_SPECIES,0.97,R14,PRODUCT,Икра,"{""measurements"":[],""percentages"":[],""calibres"":[],""process"":[]}",Икра горбуши,1,1
MAP-00369,"Икра Горбуши ""Красное золото"" Лососевая Икра, в стеклянной банке, 300 гр.",KAIDA-P0253,Икра горбуши,MAPPED_RULE,CAVIAR_SPECIES,0.97,R14,PRODUCT,Икра красная,"{""measurements"":[{""kind"":""value"",""value"":300.0,""unit"":""g"",""raw"":""300 гр""}],""percentages"":[],""calibres"":[],""process"":[]}",Икра горбуши,1,1
MAP-00370,"Икра Горбуши ""Красное золото"" Лососевая Икра, в стеклянной банке, 500 гр.",KAIDA-P0253,Икра горбуши,MAPPED_RULE,CAVIAR_SPECIES,0.97,R14,PRODUCT,Икра красная,"{""measurements"":[{""kind"":""value"",""value"":500.0,""unit"":""g"",""raw"":""500 гр""}],""percentages"":[],""calibres"":[],""process"":[]}",Икра горбуши,1,1
MAP-00371,Икра Горбуши (2025) 500гр,KAIDA-P0253,Икра горбуши,MAPPED_RULE,CAVIAR_SPECIES,0.97,R14,PRODUCT,Икра,"{""measurements"":[{""kind"":""value"",""value"":500.0,""unit"":""g"",""raw"":""500гр""}],""percentages"":[],""calibres"":[],""process"":[]}",Икра горбуши,1,1
MAP-00372,Икра Горбуши 1кг,KAIDA-P0253,Икра горбуши,MAPPED_RULE,CAVIAR_SPECIES,0.97,R14,PRODUCT,Икра,"{""measurements"":[{""kind"":""value"",""value"":1.0,""unit"":""kg"",""raw"":""1кг""}],""percentages"":[],""calibres"":[],""process"":[]}",Икра горбуши,1,1
MAP-00373,Икра Горбуши 2025г (1кг),KAIDA-P0253,Икра горбуши,MAPPED_RULE,CAVIAR_SPECIES,0.97,R14,PRODUCT,Икра,"{""measurements"":[{""kind"":""value"",""value"":2025.0,""unit"":""g"",""raw"":""2025г""},{""kind"":""value"",""value"":1.0,""unit"":""kg"",""raw"":""1кг""}],""percentages"":[],""calibres"":[],""process"":[]}",Икра горбуши,1,1
MAP-00374,Икра Горбуши 2025г 250гр,KAIDA-P0253,Икра горбуши,MAPPED_RULE,CAVIAR_SPECIES,0.97,R14,PRODUCT,Икра,"{""measurements"":[{""kind"":""value"",""value"":2025.0,""unit"":""g"",""raw"":""2025г""},{""kind"":""value"",""value"":250.0,""unit"":""g"",""raw"":""250гр""}],""percentages"":[],""calibres"":[],""process"":[]}",Икра горбуши,1,1
MAP-00375,Икра Кеты 250гр,KAIDA-P0254,Икра кеты,MAPPED_RULE,CAVIAR_SPECIES,0.97,R14,PRODUCT,Икра,"{""measurements"":[{""kind"":""value"",""value"":250.0,""unit"":""g"",""raw"":""250гр""}],""percentages"":[],""calibres"":[],""process"":[]}",Икра кеты,1,1
MAP-00376,Икра Кеты 500гр,KAIDA-P0254,Икра кеты,MAPPED_RULE,CAVIAR_SPECIES,0.97,R14,PRODUCT,Икра,"{""measurements"":[{""kind"":""value"",""value"":500.0,""unit"":""g"",""raw"":""500гр""}],""percentages"":[],""calibres"":[],""process"":[]}",Икра кеты,1,1
MAP-00377,Икра лососевая,KAIDA-P0252,Красная икра,MAPPED_RULE,CAVIAR_GENERIC,0.94,R14,PRODUCT,Суши,"{""measurements"":[],""percentages"":[],""calibres"":[],""process"":[]}",Красная икра,1,1
MAP-00378,Икра Лососевая зернистая ГОСТовская 800г,KAIDA-P0252,Красная икра,MAPPED_RULE,CAVIAR_GENERIC,0.94,R14,PRODUCT,Икра,"{""measurements"":[{""kind"":""value"",""value"":800.0,""unit"":""g"",""raw"":""800г""}],""percentages"":[],""calibres"":[],""process"":[]}",Красная икра,1,1
MAP-00379,"Икра лососевая зернистая КЕТА, упаковка 250 гр, Россия Камчатка",KAIDA-P0254,Икра кеты,MAPPED_RULE,CAVIAR_SPECIES,0.97,R14,PRODUCT,Икра красная,"{""measurements"":[{""kind"":""value"",""value"":250.0,""unit"":""g"",""raw"":""250 гр""}],""percentages"":[],""calibres"":[],""process"":[]}",Красная икра,1,1
MAP-00380,Икра мойвы чёрная Масаго маки+ 500гр,KAIDA-P0256,Чёрная икра,MAPPED_RULE,CAVIAR_GENERIC,0.94,R14,PRODUCT,Икра,"{""measurements"":[{""kind"":""value"",""value"":500.0,""unit"":""g"",""raw"":""500гр""}],""percentages"":[],""calibres"":[],""process"":[]}",Икра мойвы,1,1
MAP-00381,Икра Нерки 1кг,KAIDA-P0255,Икра нерки,MAPPED_RULE,CAVIAR_SPECIES,0.97,R14,PRODUCT,Икра,"{""measurements"":[{""kind"":""value"",""value"":1.0,""unit"":""kg"",""raw"":""1кг""}],""percentages"":[],""calibres"":[],""process"":[]}",Икра нерки,1,1
MAP-00382,Икра Нерки 2025г 1кг,KAIDA-P0255,Икра нерки,MAPPED_RULE,CAVIAR_SPECIES,0.97,R14,PRODUCT,Икра,"{""measurements"":[{""kind"":""value"",""value"":2025.0,""unit"":""g"",""raw"":""2025г""},{""kind"":""value"",""value"":1.0,""unit"":""kg"",""raw"":""1кг""}],""percentages"":[],""calibres"":[],""process"":[]}",Икра нерки,1,1
MAP-00383,Икра Нерки 2025г 250гр,KAIDA-P0255,Икра нерки,MAPPED_RULE,CAVIAR_SPECIES,0.97,R14,PRODUCT,Икра,"{""measurements"":[{""kind"":""value"",""value"":2025.0,""unit"":""g"",""raw"":""2025г""},{""kind"":""value"",""value"":250.0,""unit"":""g"",""raw"":""250гр""}],""percentages"":[],""calibres"":[],""process"":[]}",Икра нерки,1,1
MAP-00384,Икра Нерки 2025г 500гр,KAIDA-P0255,Икра нерки,MAPPED_RULE,CAVIAR_SPECIES,0.97,R14,PRODUCT,Икра,"{""measurements"":[{""kind"":""value"",""value"":2025.0,""unit"":""g"",""raw"":""2025г""},{""kind"":""value"",""value"":500.0,""unit"":""g"",""raw"":""500гр""}],""percentages"":[],""calibres"":[],""process"":[]}",Икра нерки,1,1
MAP-00385,Икра осетровая Exclusive 100г,KAIDA-P0257,Икра осетра,MAPPED_RULE,CAVIAR_SPECIES,0.97,R14,PRODUCT,Черная икра,"{""measurements"":[{""kind"":""value"",""value"":100.0,""unit"":""g"",""raw"":""100г""}],""percentages"":[],""calibres"":[],""process"":[]}",Чёрная икра,1,1
MAP-00386,Икра осетровая Exclusive 250г,KAIDA-P0257,Икра осетра,MAPPED_RULE,CAVIAR_SPECIES,0.97,R14,PRODUCT,Черная икра,"{""measurements"":[{""kind"":""value"",""value"":250.0,""unit"":""g"",""raw"":""250г""}],""percentages"":[],""calibres"":[],""process"":[]}",Чёрная икра,1,1
MAP-00387,Икра осетровая Exclusive 50г,KAIDA-P0257,Икра осетра,MAPPED_RULE,CAVIAR_SPECIES,0.97,R14,PRODUCT,Черная икра,"{""measurements"":[{""kind"":""value"",""value"":50.0,""unit"":""g"",""raw"":""50г""}],""percentages"":[],""calibres"":[],""process"":[]}",Чёрная икра,1,1
MAP-00388,Икра Сельди 120г,KAIDA-P0259,Икра сельди,MAPPED_AUTO,QUANT_STRIPPED_CANONICAL,0.93,BASE_MATCH,PRODUCT,Икра,"{""measurements"":[{""kind"":""value"",""value"":120.0,""unit"":""g"",""raw"":""120г""}],""percentages"":[],""calibres"":[],""process"":[]}",Икра сельди,1,1
MAP-00389,Икра Сельди в масле,KAIDA-P0259,Икра сельди,MAPPED_AUTO_LEGACY,PHRASE_CANONICAL,0.96,LEGACY,PRODUCT,РЫБА КОПЧЕНАЯ,"{""measurements"":[],""percentages"":[],""calibres"":[],""process"":[]}",Икра сельди,1,1
MAP-00390,Икра Щуки 112 гр,KAIDA-P0258,Икра щуки,MAPPED_AUTO,QUANT_STRIPPED_CANONICAL,0.93,BASE_MATCH,PRODUCT,Красная икра,"{""measurements"":[{""kind"":""value"",""value"":112.0,""unit"":""g"",""raw"":""112 гр""}],""percentages"":[],""calibres"":[],""process"":[]}",Икра щуки,1,1
MAP-00391,Имбирь молотый 100гр,KAIDA-P0625,Имбирь молотый,MAPPED_AUTO,QUANT_STRIPPED_CANONICAL,0.93,BASE_MATCH,PRODUCT,фасованное сырье,"{""measurements"":[{""kind"":""value"",""value"":100.0,""unit"":""g"",""raw"":""100гр""}],""percentages"":[],""calibres"":[],""process"":[]}",Имбирь молотый,1,1
MAP-00392,Имбирь молотый Anfal 1кг,KAIDA-P0625,Имбирь молотый,MAPPED_AUTO_LEGACY,PHRASE_CANONICAL,0.96,LEGACY,PRODUCT,фасованное сырье,"{""measurements"":[{""kind"":""value"",""value"":1.0,""unit"":""kg"",""raw"":""1кг""}],""percentages"":[],""calibres"":[],""process"":[]}",Имбирь молотый,1,1
MAP-00393,"Иранский сливочный сыр 1,5кг",KAIDA-P0332,Крем-сыр,MAPPED_AUTO_LEGACY,PHRASE_ALIAS,0.93,LEGACY,PRODUCT,Сливочные сыры,"{""measurements"":[{""kind"":""value"",""value"":1.5,""unit"":""kg"",""raw"":""1,5кг""}],""percentages"":[],""calibres"":[],""process"":[]}",Крем-сыр,1,1
MAP-00394,Камбала,KAIDA-P0193,Камбала,MAPPED_AUTO,EXACT_CANONICAL,0.99,BASE_MATCH,PRODUCT,Свежемороженная рыба,"{""measurements"":[],""percentages"":[],""calibres"":[],""process"":[]}",Камбала,1,1
MAP-00395,Капуста квашеная с морковью,KAIDA-P0763,Капуста квашеная,MAPPED_AUTO_LEGACY,PHRASE_CANONICAL,0.96,LEGACY,PRODUCT,Домашние заготовки,"{""measurements"":[],""percentages"":[],""calibres"":[],""process"":[]}",Капуста квашеная,1,1
MAP-00396,Карта,KAIDA-P0060,Карта,MAPPED_AUTO,EXACT_CANONICAL,0.99,BASE_MATCH,PRODUCT,Жылқы еті,"{""measurements"":[],""percentages"":[],""calibres"":[],""process"":[]}",Карта,1,1
MAP-00397,Кижуч,KAIDA-P0178,Кижуч,MAPPED_AUTO,EXACT_CANONICAL,0.99,BASE_MATCH,PRODUCT,Солено-копченая рыба,"{""measurements"":[],""percentages"":[],""calibres"":[],""process"":[]}",Кижуч,1,1
MAP-00398,Кимчи,KAIDA-P0764,Кимчи,MAPPED_AUTO,EXACT_CANONICAL,0.99,BASE_MATCH,PRODUCT,Салаты,"{""measurements"":[],""percentages"":[],""calibres"":[],""process"":[]}",Кимчи,1,1
MAP-00399,Клубника,KAIDA-P0487,Клубника,MAPPED_AUTO,EXACT_CANONICAL,0.99,BASE_MATCH,PRODUCT,Ice Tea,"{""measurements"":[],""percentages"":[],""calibres"":[],""process"":[]}",Клубника,1,1
MAP-00400,Кокосовая стружка FINE 45% 300гр,KAIDA-P0585,Кокосовая стружка,MAPPED_AUTO_LEGACY,PHRASE_CANONICAL,0.96,LEGACY,PRODUCT,фасованное сырье,"{""measurements"":[{""kind"":""value"",""value"":300.0,""unit"":""g"",""raw"":""300гр""}],""percentages"":[45.0],""calibres"":[],""process"":[]}",Кокосовая стружка,1,1
MAP-00401,"Кокосовая стружка FINE 65%, 500гр",KAIDA-P0585,Кокосовая стружка,MAPPED_AUTO_LEGACY,PHRASE_CANONICAL,0.96,LEGACY,PRODUCT,фасованное сырье,"{""measurements"":[{""kind"":""value"",""value"":500.0,""unit"":""g"",""raw"":""500гр""}],""percentages"":[65.0],""calibres"":[],""process"":[]}",Кокосовая стружка,1,1
MAP-00402,Кокосовая стружка FINE 65%-300гр.,KAIDA-P0585,Кокосовая стружка,MAPPED_AUTO_LEGACY,PHRASE_CANONICAL,0.96,LEGACY,PRODUCT,фасованное сырье,"{""measurements"":[{""kind"":""value"",""value"":300.0,""unit"":""g"",""raw"":""300гр""}],""percentages"":[65.0],""calibres"":[],""process"":[]}",Кокосовая стружка,1,1
MAP-00403,Кокосовая стружка Medium,KAIDA-P0585,Кокосовая стружка,MAPPED_AUTO_LEGACY,PHRASE_CANONICAL,0.96,LEGACY,PRODUCT,"Кунжут,Кокосовая стружка","{""measurements"":[],""percentages"":[],""calibres"":[],""process"":[]}",Кокосовая стружка,1,1
MAP-00404,Кокосовая стружка MEDIUM в/с 300гр,KAIDA-P0585,Кокосовая стружка,MAPPED_AUTO_LEGACY,PHRASE_CANONICAL,0.96,LEGACY,PRODUCT,фасованное сырье,"{""measurements"":[{""kind"":""value"",""value"":300.0,""unit"":""g"",""raw"":""300гр""}],""percentages"":[],""calibres"":[],""process"":[]}",Кокосовая стружка,1,1
MAP-00405,Кокосовая стружка MEDIUM в/с 500гр,KAIDA-P0585,Кокосовая стружка,MAPPED_AUTO_LEGACY,PHRASE_CANONICAL,0.96,LEGACY,PRODUCT,фасованное сырье,"{""measurements"":[{""kind"":""value"",""value"":500.0,""unit"":""g"",""raw"":""500гр""}],""percentages"":[],""calibres"":[],""process"":[]}",Кокосовая стружка,1,1
MAP-00406,Кокосовая стружка Файн Индонезия/Малайзия,KAIDA-P0585,Кокосовая стружка,MAPPED_AUTO_LEGACY,PHRASE_CANONICAL,0.96,LEGACY,PRODUCT,"Кунжут,Кокосовая стружка","{""measurements"":[],""percentages"":[],""calibres"":[],""process"":[]}",Кокосовая стружка,1,1
MAP-00407,КОРОЛЕВСКИЕ КРЕВЕТКИ,KAIDA-P0219,Креветка королевская,MAPPED_RULE,SHRIMP_SUBTYPE,0.97,R15,PRODUCT,Закуски,"{""measurements"":[],""percentages"":[],""calibres"":[],""process"":[]}",Креветка королевская,1,1
MAP-00408,Королевские креветки 16/20,KAIDA-P0219,Креветка королевская,MAPPED_RULE,SHRIMP_SUBTYPE,0.97,R15,PRODUCT,Морепродукты,"{""measurements"":[],""percentages"":[],""calibres"":[""16/20""],""process"":[],""calibre"":[""16/20""]}",Креветка королевская,1,1
MAP-00409,Королевские креветки 26/35,KAIDA-P0219,Креветка королевская,MAPPED_RULE,SHRIMP_SUBTYPE,0.97,R15,PRODUCT,Морепродукты,"{""measurements"":[],""percentages"":[],""calibres"":[""26/35""],""process"":[],""calibre"":[""26/35""]}",Креветка королевская,1,1
MAP-00410,Королевские креветки 30/40,KAIDA-P0219,Креветка королевская,MAPPED_RULE,SHRIMP_SUBTYPE,0.97,R15,PRODUCT,Морепродукты,"{""measurements"":[],""percentages"":[],""calibres"":[""30/40""],""process"":[],""calibre"":[""30/40""]}",Креветка королевская,1,1
MAP-00411,Королевские креветки 31/40 VICI,KAIDA-P0219,Креветка королевская,MAPPED_RULE,SHRIMP_SUBTYPE,0.97,R15,PRODUCT,Морепродукты,"{""measurements"":[],""percentages"":[],""calibres"":[""31/40""],""process"":[],""calibre"":[""31/40""]}",Креветка королевская,1,1
MAP-00412,Королевские креветки 40/50 VICI,KAIDA-P0219,Креветка королевская,MAPPED_RULE,SHRIMP_SUBTYPE,0.97,R15,PRODUCT,Морепродукты,"{""measurements"":[],""percentages"":[],""calibres"":[""40/50""],""process"":[],""calibre"":[""40/50""]}",Креветка королевская,1,1
MAP-00413,Королевские креветки 60/70 в упаковке 1кг,KAIDA-P0219,Креветка королевская,MAPPED_RULE,SHRIMP_SUBTYPE,0.97,R15,PRODUCT,Морепродукты,"{""measurements"":[{""kind"":""value"",""value"":1.0,""unit"":""kg"",""raw"":""1кг""}],""percentages"":[],""calibres"":[""60/70""],""process"":[],""calibre"":[""60/70""]}",Креветка королевская,1,1
MAP-00414,Королевские креветки в чесночном соусе,KAIDA-P0219,Креветка королевская,MAPPED_RULE,SHRIMP_SUBTYPE,0.97,R15,PRODUCT,Морепродукты,"{""measurements"":[],""percentages"":[],""calibres"":[],""process"":[]}",Креветка королевская,1,1
MAP-00415,КОРОЛЕВСКИЕ КРЕВЕТКИ ЧИПОТЛЕ В ТЕМПУРЕ,KAIDA-P0219,Креветка королевская,MAPPED_RULE,SHRIMP_SUBTYPE,0.97,R15,PRODUCT,Закуски,"{""measurements"":[],""percentages"":[],""calibres"":[],""process"":[]}",Креветка королевская,1,1
MAP-00416,Краб-стригун,KAIDA-P0224,Краб-стригун,MAPPED_AUTO,EXACT_CANONICAL,0.99,BASE_MATCH,PRODUCT,Свежемороженая продукция,"{""measurements"":[],""percentages"":[],""calibres"":[],""process"":[]}",Краб-стригун,1,1
MAP-00417,"Краситель жидкий ""Лавровый лист"" 100гр, Топ Декор",KAIDA-P0635,Лавровый лист,MAPPED_AUTO_LEGACY,PHRASE_CANONICAL,0.96,LEGACY,PRODUCT,жидкие красители,"{""measurements"":[{""kind"":""value"",""value"":100.0,""unit"":""g"",""raw"":""100гр""}],""percentages"":[],""calibres"":[],""process"":[]}",Лавровый лист,1,1
MAP-00418,Красная икра (икра форели),KAIDA-P0252,Красная икра,MAPPED_RULE,CAVIAR_GENERIC,0.94,R14,PRODUCT,Икра,"{""measurements"":[],""percentages"":[],""calibres"":[],""process"":[]}",Красная икра,1,1
MAP-00419,Красная икра (кеты кеты),KAIDA-P0254,Икра кеты,MAPPED_RULE,CAVIAR_SPECIES,0.97,R14,PRODUCT,Икра,"{""measurements"":[],""percentages"":[],""calibres"":[],""process"":[]}",Красная икра,1,1
MAP-00420,Красная икра горбуши 120 гр Red Caviar,KAIDA-P0253,Икра горбуши,MAPPED_RULE,CAVIAR_SPECIES,0.97,R14,PRODUCT,Красная икра,"{""measurements"":[{""kind"":""value"",""value"":120.0,""unit"":""g"",""raw"":""120 гр""}],""percentages"":[],""calibres"":[],""process"":[]}",Красная икра,1,1
MAP-00421,Красная икра горбуши 120 гр Дальневосточная икра,KAIDA-P0253,Икра горбуши,MAPPED_RULE,CAVIAR_SPECIES,0.97,R14,PRODUCT,Красная икра,"{""measurements"":[{""kind"":""value"",""value"":120.0,""unit"":""g"",""raw"":""120 гр""}],""percentages"":[],""calibres"":[],""process"":[]}",Красная икра,1,1
MAP-00422,Красная икра горбуши 220 гр Red Caviar,KAIDA-P0253,Икра горбуши,MAPPED_RULE,CAVIAR_SPECIES,0.97,R14,PRODUCT,Красная икра,"{""measurements"":[{""kind"":""value"",""value"":220.0,""unit"":""g"",""raw"":""220 гр""}],""percentages"":[],""calibres"":[],""process"":[]}",Красная икра,1,1
MAP-00423,Красная икра горбуши 250 гр Дальневосточная икра,KAIDA-P0253,Икра горбуши,MAPPED_RULE,CAVIAR_SPECIES,0.97,R14,PRODUCT,Красная икра,"{""measurements"":[{""kind"":""value"",""value"":250.0,""unit"":""g"",""raw"":""250 гр""}],""percentages"":[],""calibres"":[],""process"":[]}",Красная икра,1,1
MAP-00424,Красная икра горбуши 500 гр Red Caviar,KAIDA-P0253,Икра горбуши,MAPPED_RULE,CAVIAR_SPECIES,0.97,R14,PRODUCT,Красная икра,"{""measurements"":[{""kind"":""value"",""value"":500.0,""unit"":""g"",""raw"":""500 гр""}],""percentages"":[],""calibres"":[],""process"":[]}",Красная икра,1,1
MAP-00425,Красная икра кеты 120 гр Red Caviar,KAIDA-P0254,Икра кеты,MAPPED_RULE,CAVIAR_SPECIES,0.97,R14,PRODUCT,Красная икра,"{""measurements"":[{""kind"":""value"",""value"":120.0,""unit"":""g"",""raw"":""120 гр""}],""percentages"":[],""calibres"":[],""process"":[]}",Красная икра,1,1
MAP-00426,Красная икра кеты 120 гр Дальневосточная икра,KAIDA-P0254,Икра кеты,MAPPED_RULE,CAVIAR_SPECIES,0.97,R14,PRODUCT,Красная икра,"{""measurements"":[{""kind"":""value"",""value"":120.0,""unit"":""g"",""raw"":""120 гр""}],""percentages"":[],""calibres"":[],""process"":[]}",Красная икра,1,1
MAP-00427,Красная икра кеты 220 гр Red Caviar,KAIDA-P0254,Икра кеты,MAPPED_RULE,CAVIAR_SPECIES,0.97,R14,PRODUCT,Красная икра,"{""measurements"":[{""kind"":""value"",""value"":220.0,""unit"":""g"",""raw"":""220 гр""}],""percentages"":[],""calibres"":[],""process"":[]}",Красная икра,1,1
MAP-00428,Красная икра кеты 250 гр Дальневосточная икра,KAIDA-P0254,Икра кеты,MAPPED_RULE,CAVIAR_SPECIES,0.97,R14,PRODUCT,Красная икра,"{""measurements"":[{""kind"":""value"",""value"":250.0,""unit"":""g"",""raw"":""250 гр""}],""percentages"":[],""calibres"":[],""process"":[]}",Красная икра,1,1
MAP-00429,Красная икра кеты 500 гр Red Caviar,KAIDA-P0254,Икра кеты,MAPPED_RULE,CAVIAR_SPECIES,0.97,R14,PRODUCT,Красная икра,"{""measurements"":[{""kind"":""value"",""value"":500.0,""unit"":""g"",""raw"":""500 гр""}],""percentages"":[],""calibres"":[],""process"":[]}",Красная икра,1,1
MAP-00430,Красная икра форели 120 гр Армения,KAIDA-P0252,Красная икра,MAPPED_RULE,CAVIAR_GENERIC,0.94,R14,PRODUCT,Красная икра,"{""measurements"":[{""kind"":""value"",""value"":120.0,""unit"":""g"",""raw"":""120 гр""}],""percentages"":[],""calibres"":[],""process"":[]}",Красная икра,1,1
MAP-00431,Красная икра форели 250 гр Армения,KAIDA-P0252,Красная икра,MAPPED_RULE,CAVIAR_GENERIC,0.94,R14,PRODUCT,Красная икра,"{""measurements"":[{""kind"":""value"",""value"":250.0,""unit"":""g"",""raw"":""250 гр""}],""percentages"":[],""calibres"":[],""process"":[]}",Красная икра,1,1
MAP-00432,Крахмал картофельный,KAIDA-P0541,Крахмал картофельный,MAPPED_AUTO,EXACT_CANONICAL,0.99,BASE_MATCH,PRODUCT,"Крахмал кукурузный и картофельный,Мак пищевой,Корица,Лук жареный","{""measurements"":[],""percentages"":[],""calibres"":[],""process"":[]}",Крахмал картофельный,1,1
MAP-00433,"Крахмал картофельный 500гр, Белоруссия",KAIDA-P0541,Крахмал картофельный,MAPPED_AUTO_LEGACY,PHRASE_CANONICAL,0.96,LEGACY,PRODUCT,фасованное сырье,"{""measurements"":[{""kind"":""value"",""value"":500.0,""unit"":""g"",""raw"":""500гр""}],""percentages"":[],""calibres"":[],""process"":[]}",Крахмал картофельный,1,1
MAP-00434,"Крахмал картофельный 500гр, Польша",KAIDA-P0541,Крахмал картофельный,MAPPED_AUTO_LEGACY,PHRASE_CANONICAL,0.96,LEGACY,PRODUCT,фасованное сырье,"{""measurements"":[{""kind"":""value"",""value"":500.0,""unit"":""g"",""raw"":""500гр""}],""percentages"":[],""calibres"":[],""process"":[]}",Крахмал картофельный,1,1
MAP-00435,Крахмал кукурузный,KAIDA-P0542,Крахмал кукурузный,MAPPED_AUTO,EXACT_CANONICAL,0.99,BASE_MATCH,PRODUCT,"Крахмал кукурузный и картофельный,Мак пищевой,Корица,Лук жареный","{""measurements"":[],""percentages"":[],""calibres"":[],""process"":[]}",Крахмал кукурузный,1,1
MAP-00436,Крахмал кукурузный 500гр,KAIDA-P0542,Крахмал кукурузный,MAPPED_AUTO,QUANT_STRIPPED_CANONICAL,0.93,BASE_MATCH,PRODUCT,фасованное сырье,"{""measurements"":[{""kind"":""value"",""value"":500.0,""unit"":""g"",""raw"":""500гр""}],""percentages"":[],""calibres"":[],""process"":[]}",Крахмал кукурузный,1,1
MAP-00437,Крыло индейки,KAIDA-P0105,Крыло индейки,MAPPED_AUTO,EXACT_CANONICAL,0.99,BASE_MATCH,PRODUCT,мясо индейки,"{""measurements"":[],""percentages"":[],""calibres"":[],""process"":[]}",Крыло индейки,1,1
MAP-00438,Кукуруза свежая,KAIDA-P0382,Кукуруза свежая,MAPPED_AUTO,EXACT_CANONICAL,0.99,BASE_MATCH,PRODUCT,Овощи,"{""measurements"":[],""percentages"":[],""calibres"":[],""process"":[]}",Кукуруза свежая,1,1
MAP-00439,Кунжут,KAIDA-P0588,Кунжут белый,MAPPED_AUTO,EXACT_ALIAS,0.97,BASE_MATCH,PRODUCT,"Кунжут,Кокосовая стружка","{""measurements"":[],""percentages"":[],""calibres"":[],""process"":[]}",Кунжут белый,1,1
MAP-00440,Кунжут белый очищ.Узбекистан 100гр.,KAIDA-P0588,Кунжут белый,MAPPED_AUTO_LEGACY,PHRASE_CANONICAL,0.96,LEGACY,PRODUCT,фасованное сырье,"{""measurements"":[{""kind"":""value"",""value"":100.0,""unit"":""g"",""raw"":""100гр""}],""percentages"":[],""calibres"":[],""process"":[]}",Кунжут белый,1,1
MAP-00441,"Кунжут белый очищенный премиум 100гр, Индия",KAIDA-P0588,Кунжут белый,MAPPED_AUTO_LEGACY,PHRASE_CANONICAL,0.96,LEGACY,PRODUCT,фасованное сырье,"{""measurements"":[{""kind"":""value"",""value"":100.0,""unit"":""g"",""raw"":""100гр""}],""percentages"":[],""calibres"":[],""process"":[]}",Кунжут белый,1,1
MAP-00442,Курдюк,KAIDA-P0046,Курдюк,MAPPED_AUTO,EXACT_CANONICAL,0.99,BASE_MATCH,PRODUCT,Қой еті,"{""measurements"":[],""percentages"":[],""calibres"":[],""process"":[]}",Курдюк,1,1
MAP-00443,Куриная голень,KAIDA-P0092,Куриная голень,MAPPED_AUTO,EXACT_CANONICAL,0.99,BASE_MATCH,PRODUCT,Холодные закуски,"{""measurements"":[],""percentages"":[],""calibres"":[],""process"":[]}",Куриная голень,1,1
MAP-00444,Куриная грудка,KAIDA-P0090,Куриная грудка,MAPPED_AUTO,EXACT_CANONICAL,0.99,BASE_MATCH,PRODUCT,Горячие блюда,"{""measurements"":[],""percentages"":[],""calibres"":[],""process"":[]}",Куриная грудка,1,1
MAP-00445,Куриная грудка - 1 кг,KAIDA-P0090,Куриная грудка,MAPPED_AUTO,QUANT_STRIPPED_CANONICAL,0.93,BASE_MATCH,PRODUCT,Птичий Ряд,"{""measurements"":[{""kind"":""value"",""value"":1.0,""unit"":""kg"",""raw"":""1 кг""}],""percentages"":[],""calibres"":[],""process"":[]}",Куриная грудка,1,1
MAP-00446,Куриная грудка в сливочном соусе,KAIDA-P0090,Куриная грудка,MAPPED_AUTO_LEGACY,PHRASE_CANONICAL,0.96,LEGACY,PRODUCT,Курица,"{""measurements"":[],""percentages"":[],""calibres"":[],""process"":[]}",Куриная грудка,1,1
MAP-00447,Куриная грудка в соевой заправке,KAIDA-P0090,Куриная грудка,MAPPED_AUTO_LEGACY,PHRASE_CANONICAL,0.96,LEGACY,READY_DISH,Салаты,"{""measurements"":[],""percentages"":[],""calibres"":[],""process"":[]}",Куриная грудка,1,1
MAP-00448,Куриное филе с моцареллой,KAIDA-P0089,Куриное филе,MAPPED_AUTO_LEGACY,PHRASE_CANONICAL,0.96,LEGACY,READY_DISH,Горячее,"{""measurements"":[],""percentages"":[],""calibres"":[],""process"":[]}",Куриное филе,1,1
MAP-00449,Куриное филе фаршированное с сыром моцарелла и шпинатом,KAIDA-P0089,Куриное филе,MAPPED_AUTO_LEGACY,PHRASE_CANONICAL,0.96,LEGACY,READY_DISH,Европейская кухня,"{""measurements"":[],""percentages"":[],""calibres"":[],""process"":[]}",Куриное филе,1,1
MAP-00450,Куриные крылышки,KAIDA-P0093,Куриное крыло,MAPPED_AUTO,EXACT_ALIAS,0.97,BASE_MATCH,PRODUCT,Холодные закуски,"{""measurements"":[],""percentages"":[],""calibres"":[],""process"":[]}",Куриное крыло,1,1
MAP-00451,"Куркума молотая 100гр, Индия",KAIDA-P0624,Куркума молотая,MAPPED_AUTO_LEGACY,PHRASE_CANONICAL,0.96,LEGACY,PRODUCT,фасованное сырье,"{""measurements"":[{""kind"":""value"",""value"":100.0,""unit"":""g"",""raw"":""100гр""}],""percentages"":[],""calibres"":[],""process"":[]}",Куркума молотая,1,1
MAP-00452,Курт,KAIDA-P0333,Курт,MAPPED_AUTO,EXACT_CANONICAL,0.99,BASE_MATCH,PRODUCT,Молочные продукты,"{""measurements"":[],""percentages"":[],""calibres"":[],""process"":[]}",Курт,1,1
MAP-00453,Кымыз,KAIDA-P0285,Кумыс,MAPPED_AUTO,EXACT_ALIAS,0.97,BASE_MATCH,PRODUCT,Молочные продукты,"{""measurements"":[],""percentages"":[],""calibres"":[],""process"":[]}",Кумыс,1,1
MAP-00454,Лапша рисовая 5 мм Aroy D Тайланд 454гр.,KAIDA-P0550,Лапша рисовая,MAPPED_AUTO_LEGACY,PHRASE_CANONICAL,0.96,LEGACY,PRODUCT,Популярный Товар,"{""measurements"":[{""kind"":""value"",""value"":454.0,""unit"":""g"",""raw"":""454гр""}],""percentages"":[],""calibres"":[],""process"":[]}",Лапша рисовая,1,1
MAP-00455,Лапша Яичная SeaFood 300 гр,KAIDA-P0549,Лапша яичная,MAPPED_AUTO_LEGACY,PHRASE_CANONICAL,0.96,LEGACY,PRODUCT,Мучные изделия,"{""measurements"":[{""kind"":""value"",""value"":300.0,""unit"":""g"",""raw"":""300 гр""}],""percentages"":[],""calibres"":[],""process"":[]}",Лапша яичная,1,1
MAP-00456,"Лен семена 100гр, Польша",KAIDA-P0590,Семена льна,MAPPED_AUTO_LEGACY,PHRASE_ALIAS,0.93,LEGACY,PRODUCT,фасованное сырье,"{""measurements"":[{""kind"":""value"",""value"":100.0,""unit"":""g"",""raw"":""100гр""}],""percentages"":[],""calibres"":[],""process"":[]}",Семена льна,1,1
MAP-00457,"Лен семена 1кг, Польша",KAIDA-P0590,Семена льна,MAPPED_AUTO_LEGACY,PHRASE_ALIAS,0.93,LEGACY,PRODUCT,фасованное сырье,"{""measurements"":[{""kind"":""value"",""value"":1.0,""unit"":""kg"",""raw"":""1кг""}],""percentages"":[],""calibres"":[],""process"":[]}",Семена льна,1,1
MAP-00458,Личи,KAIDA-P0468,Личи,MAPPED_AUTO,EXACT_CANONICAL,0.99,BASE_MATCH,PRODUCT,Лимонад,"{""measurements"":[],""percentages"":[],""calibres"":[],""process"":[]}",Личи,1,1
MAP-00459,Лобстер,KAIDA-P0225,Лобстер,MAPPED_AUTO,EXACT_CANONICAL,0.99,BASE_MATCH,PRODUCT,Крабы,"{""measurements"":[],""percentages"":[],""calibres"":[],""process"":[]}",Лобстер,1,1
MAP-00460,Лук белый 1 кг,KAIDA-P0361,Лук белый,MAPPED_AUTO,QUANT_STRIPPED_CANONICAL,0.93,BASE_MATCH,PRODUCT,Овощи,"{""measurements"":[{""kind"":""value"",""value"":1.0,""unit"":""kg"",""raw"":""1 кг""}],""percentages"":[],""calibres"":[],""process"":[]}",Лук белый,1,1
MAP-00461,Лук красный 1 кг,KAIDA-P0360,Лук красный,MAPPED_AUTO,QUANT_STRIPPED_CANONICAL,0.93,BASE_MATCH,PRODUCT,Овощи,"{""measurements"":[{""kind"":""value"",""value"":1.0,""unit"":""kg"",""raw"":""1 кг""}],""percentages"":[],""calibres"":[],""process"":[]}",Лук красный,1,1
MAP-00462,Лук репчатый (сетка) 1 кг,KAIDA-P0359,Лук репчатый,MAPPED_AUTO_LEGACY,PHRASE_CANONICAL,0.96,LEGACY,PRODUCT,Овощи,"{""measurements"":[{""kind"":""value"",""value"":1.0,""unit"":""kg"",""raw"":""1 кг""}],""percentages"":[],""calibres"":[],""process"":[]}",Лук репчатый,1,1
MAP-00463,Лук репчатый 1 кг,KAIDA-P0359,Лук репчатый,MAPPED_AUTO,QUANT_STRIPPED_CANONICAL,0.93,BASE_MATCH,PRODUCT,Овощи,"{""measurements"":[{""kind"":""value"",""value"":1.0,""unit"":""kg"",""raw"":""1 кг""}],""percentages"":[],""calibres"":[],""process"":[]}",Лук репчатый,1,1
MAP-00464,Мак пищевой,KAIDA-P0593,Мак пищевой,MAPPED_AUTO,EXACT_CANONICAL,0.99,BASE_MATCH,PRODUCT,"Крахмал кукурузный и картофельный,Мак пищевой,Корица,Лук жареный","{""measurements"":[],""percentages"":[],""calibres"":[],""process"":[]}",Мак пищевой,1,1
MAP-00465,МАКАРОННЫЕ ИЗДЕЛИЯ SPAGHETTI ALLA CHITARRA 250ГР,KAIDA-P0543,Макароны,MAPPED_AUTO_LEGACY,PHRASE_ALIAS,0.93,LEGACY,PRODUCT,Акции,"{""measurements"":[{""kind"":""value"",""value"":250.0,""unit"":""g"",""raw"":""250ГР""}],""percentages"":[],""calibres"":[],""process"":[]}",Макароны,1,1
MAP-00466,"Масло Гхи 0,5 кг",KAIDA-P0293,Масло топлёное,MAPPED_AUTO,QUANT_STRIPPED_ALIAS,0.9,BASE_MATCH,PRODUCT,ЭКО продукты собственное производство,"{""measurements"":[{""kind"":""value"",""value"":0.5,""unit"":""kg"",""raw"":""0,5 кг""}],""percentages"":[],""calibres"":[],""process"":[]}",Масло топлёное,1,1
MAP-00467,МАСЛО ГХИ BIOGOROD 720ГР,KAIDA-P0293,Масло топлёное,MAPPED_AUTO_LEGACY,PHRASE_ALIAS,0.93,LEGACY,PRODUCT,Здоровое питание,"{""measurements"":[{""kind"":""value"",""value"":720.0,""unit"":""g"",""raw"":""720ГР""}],""percentages"":[],""calibres"":[],""process"":[]}",Масло топлёное,1,1
MAP-00468,Масло ГХИ грецкий орех Organic Market 250мл,KAIDA-P0575,Грецкий орех,MAPPED_AUTO_LEGACY,PHRASE_CANONICAL,0.96,LEGACY,PRODUCT,Масло ГХИ,"{""measurements"":[{""kind"":""value"",""value"":250.0,""unit"":""ml"",""raw"":""250мл""}],""percentages"":[],""calibres"":[],""process"":[]}",Грецкий орех,1,1
MAP-00469,Масло ГХИ грецкий орех Organic Market 450мл,KAIDA-P0575,Грецкий орех,MAPPED_AUTO_LEGACY,PHRASE_CANONICAL,0.96,LEGACY,PRODUCT,Масло ГХИ,"{""measurements"":[{""kind"":""value"",""value"":450.0,""unit"":""ml"",""raw"":""450мл""}],""percentages"":[],""calibres"":[],""process"":[]}",Грецкий орех,1,1
MAP-00470,Масло ГХИ классический Organic Market 1л,KAIDA-P0293,Масло топлёное,MAPPED_AUTO_LEGACY,PHRASE_ALIAS,0.93,LEGACY,PRODUCT,Масло ГХИ,"{""measurements"":[{""kind"":""value"",""value"":1.0,""unit"":""l"",""raw"":""1л""}],""percentages"":[],""calibres"":[],""process"":[]}",Масло топлёное,1,1
MAP-00471,Масло ГХИ классический Organic Market 250мл,KAIDA-P0293,Масло топлёное,MAPPED_AUTO_LEGACY,PHRASE_ALIAS,0.93,LEGACY,PRODUCT,Масло ГХИ,"{""measurements"":[{""kind"":""value"",""value"":250.0,""unit"":""ml"",""raw"":""250мл""}],""percentages"":[],""calibres"":[],""process"":[]}",Масло топлёное,1,1
MAP-00472,Масло ГХИ классический Organic Market 500мл,KAIDA-P0293,Масло топлёное,MAPPED_AUTO_LEGACY,PHRASE_ALIAS,0.93,LEGACY,PRODUCT,Масло ГХИ,"{""measurements"":[{""kind"":""value"",""value"":500.0,""unit"":""ml"",""raw"":""500мл""}],""percentages"":[],""calibres"":[],""process"":[]}",Масло топлёное,1,1
MAP-00473,Масло ГХИ с мёдом Organic Market 250мл,KAIDA-P0293,Масло топлёное,MAPPED_AUTO_LEGACY,PHRASE_ALIAS,0.93,LEGACY,PRODUCT,Масло ГХИ,"{""measurements"":[{""kind"":""value"",""value"":250.0,""unit"":""ml"",""raw"":""250мл""}],""percentages"":[],""calibres"":[],""process"":[]}",Масло топлёное,1,1
MAP-00474,Масло ГХИ с мёдом Organic Market 450мл,KAIDA-P0293,Масло топлёное,MAPPED_AUTO_LEGACY,PHRASE_ALIAS,0.93,LEGACY,PRODUCT,Масло ГХИ,"{""measurements"":[{""kind"":""value"",""value"":450.0,""unit"":""ml"",""raw"":""450мл""}],""percentages"":[],""calibres"":[],""process"":[]}",Масло топлёное,1,1
MAP-00475,Масло ГХИ чеснок Organic Market 250мл,KAIDA-P0293,Масло топлёное,MAPPED_AUTO_LEGACY,PHRASE_ALIAS,0.93,LEGACY,PRODUCT,Масло ГХИ,"{""measurements"":[{""kind"":""value"",""value"":250.0,""unit"":""ml"",""raw"":""250мл""}],""percentages"":[],""calibres"":[],""process"":[]}",Масло топлёное,1,1
MAP-00476,Масло ГХИ шоколадное Organic Market 250мл,KAIDA-P0293,Масло топлёное,MAPPED_AUTO_LEGACY,PHRASE_ALIAS,0.93,LEGACY,PRODUCT,Масло ГХИ,"{""measurements"":[{""kind"":""value"",""value"":250.0,""unit"":""ml"",""raw"":""250мл""}],""percentages"":[],""calibres"":[],""process"":[]}",Масло топлёное,1,1
MAP-00477,Масло ГХИ шоколадное Organic Market 450мл,KAIDA-P0293,Масло топлёное,MAPPED_AUTO_LEGACY,PHRASE_ALIAS,0.93,LEGACY,PRODUCT,Масло ГХИ,"{""measurements"":[{""kind"":""value"",""value"":450.0,""unit"":""ml"",""raw"":""450мл""}],""percentages"":[],""calibres"":[],""process"":[]}",Масло топлёное,1,1
MAP-00478,Масло ГХИ шоколадное без сахара Organic Market 250мл,KAIDA-P0293,Масло топлёное,MAPPED_AUTO_LEGACY,PHRASE_ALIAS,0.93,LEGACY,PRODUCT,Масло ГХИ,"{""measurements"":[{""kind"":""value"",""value"":250.0,""unit"":""ml"",""raw"":""250мл""}],""percentages"":[],""calibres"":[],""process"":[]}",Масло топлёное,1,1
MAP-00479,Масло ГХИ шоколадное без сахара Organic Market 450мл,KAIDA-P0293,Масло топлёное,MAPPED_AUTO_LEGACY,PHRASE_ALIAS,0.93,LEGACY,PRODUCT,Масло ГХИ,"{""measurements"":[{""kind"":""value"",""value"":450.0,""unit"":""ml"",""raw"":""450мл""}],""percentages"":[],""calibres"":[],""process"":[]}",Масло топлёное,1,1
MAP-00480,Масло ГХИ шоколадное с арахисом Organic Market 250мл,KAIDA-P0293,Масло топлёное,MAPPED_AUTO_LEGACY,PHRASE_ALIAS,0.93,LEGACY,PRODUCT,Масло ГХИ,"{""measurements"":[{""kind"":""value"",""value"":250.0,""unit"":""ml"",""raw"":""250мл""}],""percentages"":[],""calibres"":[],""process"":[]}",Масло топлёное,1,1
MAP-00481,Масло ГХИ шоколадное с арахисом Organic Market 450мл,KAIDA-P0293,Масло топлёное,MAPPED_AUTO_LEGACY,PHRASE_ALIAS,0.93,LEGACY,PRODUCT,Масло ГХИ,"{""measurements"":[{""kind"":""value"",""value"":450.0,""unit"":""ml"",""raw"":""450мл""}],""percentages"":[],""calibres"":[],""process"":[]}",Масло топлёное,1,1
MAP-00482,Масло кунжутное 1.8 л,KAIDA-P0650,Масло кунжутное,MAPPED_AUTO,QUANT_STRIPPED_CANONICAL,0.93,BASE_MATCH,PRODUCT,Бакалея,"{""measurements"":[{""kind"":""value"",""value"":1.8,""unit"":""l"",""raw"":""1.8 л""}],""percentages"":[],""calibres"":[],""process"":[]}",Масло кунжутное,1,1
MAP-00483,Масло оливковое 1 л,KAIDA-P0645,Масло оливковое,MAPPED_AUTO,QUANT_STRIPPED_CANONICAL,0.93,BASE_MATCH,PRODUCT,Остальное,"{""measurements"":[{""kind"":""value"",""value"":1.0,""unit"":""l"",""raw"":""1 л""}],""percentages"":[],""calibres"":[],""process"":[]}",Масло оливковое,1,1
MAP-00484,Масло оливковое Extra Virgin,KAIDA-P0646,Масло оливковое extra virgin,MAPPED_AUTO,EXACT_CANONICAL,0.99,BASE_MATCH,PRODUCT,Оливковое,"{""measurements"":[],""percentages"":[],""calibres"":[],""process"":[]}",Масло оливковое extra virgin,1,1
MAP-00485,Масло оливковое Extra Virgin 5л.,KAIDA-P0646,Масло оливковое extra virgin,MAPPED_AUTO,QUANT_STRIPPED_CANONICAL,0.93,BASE_MATCH,PRODUCT,All,"{""measurements"":[{""kind"":""value"",""value"":5.0,""unit"":""l"",""raw"":""5л""}],""percentages"":[],""calibres"":[],""process"":[]}",Масло оливковое extra virgin,1,1
MAP-00486,Масло оливковое Pomace,KAIDA-P0645,Масло оливковое,MAPPED_AUTO_LEGACY,PHRASE_CANONICAL,0.96,LEGACY,PRODUCT,Оливковое,"{""measurements"":[],""percentages"":[],""calibres"":[],""process"":[]}",Масло оливковое,1,1
MAP-00487,Масло оливковое Pomace 5л,KAIDA-P0645,Масло оливковое,MAPPED_AUTO_LEGACY,PHRASE_CANONICAL,0.96,LEGACY,PRODUCT,Оливковое,"{""measurements"":[{""kind"":""value"",""value"":5.0,""unit"":""l"",""raw"":""5л""}],""percentages"":[],""calibres"":[],""process"":[]}",Масло оливковое,1,1
MAP-00488,Масло оливковое нерафинированное 5 л Extra Virgin,KAIDA-P0645,Масло оливковое,MAPPED_AUTO_LEGACY,PHRASE_CANONICAL,0.96,LEGACY,PRODUCT,Оливковое,"{""measurements"":[{""kind"":""value"",""value"":5.0,""unit"":""l"",""raw"":""5 л""}],""percentages"":[],""calibres"":[],""process"":[]}",Масло оливковое,1,1
MAP-00489,Масло оливковое рафинированное 5л Pomaca La Espanola,KAIDA-P0645,Масло оливковое,MAPPED_AUTO_LEGACY,PHRASE_CANONICAL,0.96,LEGACY,PRODUCT,Оливковое,"{""measurements"":[{""kind"":""value"",""value"":5.0,""unit"":""l"",""raw"":""5л""}],""percentages"":[],""calibres"":[],""process"":[]}",Масло оливковое,1,1
MAP-00490,Масло сливочное Organic Market 1кг,KAIDA-P0292,Масло сливочное,MAPPED_AUTO_LEGACY,PHRASE_CANONICAL,0.96,LEGACY,PRODUCT,Масло сливочное,"{""measurements"":[{""kind"":""value"",""value"":1.0,""unit"":""kg"",""raw"":""1кг""}],""percentages"":[],""calibres"":[],""process"":[]}",Масло сливочное,1,1
MAP-00491,Масло сливочное Organic Market 500гр,KAIDA-P0292,Масло сливочное,MAPPED_AUTO_LEGACY,PHRASE_CANONICAL,0.96,LEGACY,PRODUCT,Масло сливочное,"{""measurements"":[{""kind"":""value"",""value"":500.0,""unit"":""g"",""raw"":""500гр""}],""percentages"":[],""calibres"":[],""process"":[]}",Масло сливочное,1,1
MAP-00492,Масло сливочное с солью Organic Market 1кг,KAIDA-P0292,Масло сливочное,MAPPED_AUTO_LEGACY,PHRASE_CANONICAL,0.96,LEGACY,PRODUCT,Масло сливочное,"{""measurements"":[{""kind"":""value"",""value"":1.0,""unit"":""kg"",""raw"":""1кг""}],""percentages"":[],""calibres"":[],""process"":[]}",Масло сливочное,1,1
MAP-00493,Масло сливочное с солью Organic Market 500гр,KAIDA-P0292,Масло сливочное,MAPPED_AUTO_LEGACY,PHRASE_CANONICAL,0.96,LEGACY,PRODUCT,Масло сливочное,"{""measurements"":[{""kind"":""value"",""value"":500.0,""unit"":""g"",""raw"":""500гр""}],""percentages"":[],""calibres"":[],""process"":[]}",Масло сливочное,1,1
MAP-00494,Мойва,KAIDA-P0205,Мойва,MAPPED_AUTO,EXACT_CANONICAL,0.99,BASE_MATCH,PRODUCT,Свежемороженная рыба,"{""measurements"":[],""percentages"":[],""calibres"":[],""process"":[]}",Мойва,1,1
MAP-00495,МОЛОЧНАЯ РЕЧКА Сливки для взбивания 33% 1 л,KAIDA-P0274,Сливки для взбивания,MAPPED_AUTO_LEGACY,PHRASE_CANONICAL,0.96,LEGACY,PRODUCT,Молочная продукция,"{""measurements"":[{""kind"":""value"",""value"":1.0,""unit"":""l"",""raw"":""1 л""}],""percentages"":[33.0],""calibres"":[],""process"":[]}",Сливки для взбивания,1,1
MAP-00496,Молочный коктейль 2% Чудо клубничный 200г,KAIDA-P0297,Молочный коктейль,MAPPED_AUTO_LEGACY,PHRASE_CANONICAL,0.96,LEGACY,PRODUCT,Молочная продукция,"{""measurements"":[{""kind"":""value"",""value"":200.0,""unit"":""g"",""raw"":""200г""}],""percentages"":[2.0],""calibres"":[],""process"":[]}",Молочный коктейль,1,1
MAP-00497,Молочный коктейль 3% Чудо шоколадный 200г,KAIDA-P0297,Молочный коктейль,MAPPED_AUTO_LEGACY,PHRASE_CANONICAL,0.96,LEGACY,PRODUCT,Молочная продукция,"{""measurements"":[{""kind"":""value"",""value"":200.0,""unit"":""g"",""raw"":""200г""}],""percentages"":[3.0],""calibres"":[],""process"":[]}",Молочный коктейль,1,1
MAP-00498,Молочный коктейль Ванильный,KAIDA-P0297,Молочный коктейль,MAPPED_AUTO_LEGACY,PHRASE_CANONICAL,0.96,LEGACY,PRODUCT,Молочные коктейли,"{""measurements"":[],""percentages"":[],""calibres"":[],""process"":[]}",Молочный коктейль,1,1
MAP-00499,Молочный коктейль Печенье,KAIDA-P0297,Молочный коктейль,MAPPED_AUTO_LEGACY,PHRASE_CANONICAL,0.96,LEGACY,PRODUCT,Молочные коктейли,"{""measurements"":[],""percentages"":[],""calibres"":[],""process"":[]}",Молочный коктейль,1,1
MAP-00500,Молочный коктейль Шоколадный,KAIDA-P0297,Молочный коктейль,MAPPED_AUTO_LEGACY,PHRASE_CANONICAL,0.96,LEGACY,PRODUCT,Молочные коктейли,"{""measurements"":[],""percentages"":[],""calibres"":[],""process"":[]}",Молочный коктейль,1,1
MAP-00501,Морская капуста мокрая,KAIDA-P0240,Морская капуста,MAPPED_AUTO_LEGACY,PHRASE_CANONICAL,0.96,LEGACY,PRODUCT,Морская капуста,"{""measurements"":[],""percentages"":[],""calibres"":[],""process"":[]}",Морская капуста,1,1
MAP-00502,Морская капуста сухая,KAIDA-P0240,Морская капуста,MAPPED_AUTO_LEGACY,PHRASE_CANONICAL,0.96,LEGACY,PRODUCT,Морская капуста,"{""measurements"":[],""percentages"":[],""calibres"":[],""process"":[]}",Морская капуста,1,1
MAP-00503,Морской гребешок 10/20 1 кг средний 7%,KAIDA-P0230,Морской гребешок,MAPPED_AUTO_LEGACY,PHRASE_CANONICAL,0.96,LEGACY,PRODUCT,Морепродукты,"{""measurements"":[{""kind"":""value"",""value"":1.0,""unit"":""kg"",""raw"":""1 кг""}],""percentages"":[7.0],""calibres"":[""10/20""],""process"":[]}",Морской гребешок,1,1
MAP-00504,Морской коктейль (глазурь не более 5%),KAIDA-P0237,Морской коктейль,MAPPED_AUTO_LEGACY,PHRASE_CANONICAL,0.96,LEGACY,PRODUCT,Морепродукты,"{""measurements"":[],""percentages"":[5.0],""calibres"":[],""process"":[]}",Морской коктейль,1,1
MAP-00505,Морской Коктейль 20%,KAIDA-P0237,Морской коктейль,MAPPED_AUTO,QUANT_STRIPPED_CANONICAL,0.93,BASE_MATCH,PRODUCT,Морепродукты,"{""measurements"":[],""percentages"":[20.0],""calibres"":[],""process"":[]}",Морской коктейль,1,1
MAP-00506,Морской коктейль by Amiko,KAIDA-P0237,Морской коктейль,MAPPED_AUTO_LEGACY,PHRASE_CANONICAL,0.96,LEGACY,PRODUCT,Морепродукты,"{""measurements"":[],""percentages"":[],""calibres"":[],""process"":[]}",Морской коктейль,1,1
MAP-00507,Морской окунь,KAIDA-P0194,Морской окунь,MAPPED_AUTO,EXACT_CANONICAL,0.99,BASE_MATCH,PRODUCT,Рыба,"{""measurements"":[],""percentages"":[],""calibres"":[],""process"":[]}",Морской окунь,1,1
MAP-00508,Морской окунь (Гренландия),KAIDA-P0194,Морской окунь,MAPPED_AUTO_LEGACY,PHRASE_CANONICAL,0.96,LEGACY,PRODUCT,Рыба,"{""measurements"":[],""percentages"":[],""calibres"":[],""process"":[]}",Морской окунь,1,1
MAP-00509,Морской окунь горячего копчения 100гр,KAIDA-P0194,Морской окунь,MAPPED_AUTO_LEGACY,PHRASE_CANONICAL,0.96,LEGACY,PRODUCT,РЫБА КОПЧЕНАЯ,"{""measurements"":[{""kind"":""value"",""value"":100.0,""unit"":""g"",""raw"":""100гр""}],""percentages"":[],""calibres"":[],""process"":[""smoked"",""smoked_hot""]}",Морской окунь,1,1
MAP-00510,Мука миндальная в/с 200гр,KAIDA-P0540,Мука миндальная,MAPPED_AUTO_LEGACY,PHRASE_CANONICAL,0.96,LEGACY,PRODUCT,фасованное сырье,"{""measurements"":[{""kind"":""value"",""value"":200.0,""unit"":""g"",""raw"":""200гр""}],""percentages"":[],""calibres"":[],""process"":[]}",Мука миндальная,1,1
MAP-00511,Мука рисовая AROY-D Тайланд 2000 гр,KAIDA-P0536,Мука рисовая,MAPPED_AUTO_LEGACY,PHRASE_CANONICAL,0.96,LEGACY,PRODUCT,Мучные изделия,"{""measurements"":[{""kind"":""value"",""value"":2000.0,""unit"":""g"",""raw"":""2000 гр""}],""percentages"":[],""calibres"":[],""process"":[]}",Мука рисовая,1,1
MAP-00512,"Мука рисовая клейкая 2кг, A-ROY",KAIDA-P0536,Мука рисовая,MAPPED_AUTO_LEGACY,PHRASE_CANONICAL,0.96,LEGACY,PRODUCT,кондитерское сырьё,"{""measurements"":[{""kind"":""value"",""value"":2.0,""unit"":""kg"",""raw"":""2кг""}],""percentages"":[],""calibres"":[],""process"":[]}",Мука рисовая,1,1
MAP-00513,"Мука рисовая клейкая 400гр, A-ROY",KAIDA-P0536,Мука рисовая,MAPPED_AUTO_LEGACY,PHRASE_CANONICAL,0.96,LEGACY,PRODUCT,кондитерское сырьё,"{""measurements"":[{""kind"":""value"",""value"":400.0,""unit"":""g"",""raw"":""400гр""}],""percentages"":[],""calibres"":[],""process"":[]}",Мука рисовая,1,1
MAP-00514,"Мука рисовая клейкая 400гр,TAI HUANG",KAIDA-P0536,Мука рисовая,MAPPED_AUTO_LEGACY,PHRASE_CANONICAL,0.96,LEGACY,PRODUCT,кондитерское сырьё,"{""measurements"":[{""kind"":""value"",""value"":400.0,""unit"":""g"",""raw"":""400гр""}],""percentages"":[],""calibres"":[],""process"":[]}",Мука рисовая,1,1
MAP-00515,"Мука рисовая клейкая 500гр, Россия",KAIDA-P0536,Мука рисовая,MAPPED_AUTO_LEGACY,PHRASE_CANONICAL,0.96,LEGACY,PRODUCT,фасованное сырье,"{""measurements"":[{""kind"":""value"",""value"":500.0,""unit"":""g"",""raw"":""500гр""}],""percentages"":[],""calibres"":[],""process"":[]}",Мука рисовая,1,1
MAP-00516,"Мускатный орех 100гр, Индонезия",KAIDA-P0629,Мускатный орех,MAPPED_AUTO_LEGACY,PHRASE_CANONICAL,0.96,LEGACY,PRODUCT,фасованное сырье,"{""measurements"":[{""kind"":""value"",""value"":100.0,""unit"":""g"",""raw"":""100гр""}],""percentages"":[],""calibres"":[],""process"":[]}",Мускатный орех,1,1
MAP-00517,Нерка,KAIDA-P0177,Нерка,MAPPED_AUTO,EXACT_CANONICAL,0.99,BASE_MATCH,PRODUCT,Солено-копченая рыба,"{""measurements"":[],""percentages"":[],""calibres"":[],""process"":[]}",Нерка,1,1
MAP-00518,Облепиха,KAIDA-P0497,Облепиха,MAPPED_AUTO,EXACT_CANONICAL,0.99,BASE_MATCH,PRODUCT,Ягоды,"{""measurements"":[],""percentages"":[],""calibres"":[],""process"":[]}",Облепиха,1,1
MAP-00520,Острые куриные крылышки,KAIDA-P0093,Куриное крыло,MAPPED_AUTO_LEGACY,PHRASE_ALIAS,0.93,LEGACY,READY_DISH,Закуски,"{""measurements"":[],""percentages"":[],""calibres"":[],""process"":[]}",Куриное крыло,1,1
MAP-00521,"Охлаждённая радужная форель крупного размера (2,5-3,3 кг)",KAIDA-P0163,Форель радужная,MAPPED_AUTO_LEGACY,PHRASE_ALIAS,0.93,LEGACY,PRODUCT,Охлаждённая рыба,"{""measurements"":[{""kind"":""range"",""min"":2.5,""max"":3.3,""unit"":""kg"",""raw"":""2,5-3,3 кг""}],""percentages"":[],""calibres"":[],""process"":[""chilled""]}",Форель радужная,1,1
MAP-00522,Перец черный горошек 100гр.,KAIDA-P0615,Перец чёрный,MAPPED_AUTO_LEGACY,PHRASE_CANONICAL,0.96,LEGACY,PRODUCT,фасованное сырье,"{""measurements"":[{""kind"":""value"",""value"":100.0,""unit"":""g"",""raw"":""100гр""}],""percentages"":[],""calibres"":[],""process"":[]}",Перец чёрный,1,1
MAP-00523,Перец Черный горошек-200гр,KAIDA-P0615,Перец чёрный,MAPPED_AUTO_LEGACY,PHRASE_CANONICAL,0.96,LEGACY,PRODUCT,фасованное сырье,"{""measurements"":[{""kind"":""value"",""value"":200.0,""unit"":""g"",""raw"":""200гр""}],""percentages"":[],""calibres"":[],""process"":[]}",Перец чёрный,1,1
MAP-00524,Перец черный молотый 100гр,KAIDA-P0615,Перец чёрный,MAPPED_AUTO_LEGACY,PHRASE_CANONICAL,0.96,LEGACY,PRODUCT,фасованное сырье,"{""measurements"":[{""kind"":""value"",""value"":100.0,""unit"":""g"",""raw"":""100гр""}],""percentages"":[],""calibres"":[],""process"":[]}",Перец чёрный,1,1
MAP-00525,Перец черный молотый 800гр,KAIDA-P0615,Перец чёрный,MAPPED_AUTO_LEGACY,PHRASE_CANONICAL,0.96,LEGACY,PRODUCT,фасованное сырье,"{""measurements"":[{""kind"":""value"",""value"":800.0,""unit"":""g"",""raw"":""800гр""}],""percentages"":[],""calibres"":[],""process"":[]}",Перец чёрный,1,1
MAP-00526,Печень трески (Исландия) - 120 гр (кусочки),KAIDA-P0262,Печень трески,MAPPED_AUTO_LEGACY,PHRASE_CANONICAL,0.96,LEGACY,PRODUCT,Консервы,"{""measurements"":[{""kind"":""value"",""value"":120.0,""unit"":""g"",""raw"":""120 гр""}],""percentages"":[],""calibres"":[],""process"":[]}",Печень трески,1,1
MAP-00527,Печень трески (Камчатка) - 230гр (кусочки),KAIDA-P0262,Печень трески,MAPPED_AUTO_LEGACY,PHRASE_CANONICAL,0.96,LEGACY,PRODUCT,Консервы,"{""measurements"":[{""kind"":""value"",""value"":230.0,""unit"":""g"",""raw"":""230гр""}],""percentages"":[],""calibres"":[],""process"":[]}",Печень трески,1,1
MAP-00528,Печень трески натуральный 500 гр,KAIDA-P0262,Печень трески,MAPPED_AUTO_LEGACY,PHRASE_CANONICAL,0.96,LEGACY,PRODUCT,Деликатесы,"{""measurements"":[{""kind"":""value"",""value"":500.0,""unit"":""g"",""raw"":""500 гр""}],""percentages"":[],""calibres"":[],""process"":[]}",Печень трески,1,1
MAP-00529,ПИАЛА Чай зеленый gold 2 г*25 шт,KAIDA-P0725,Чай зелёный,MAPPED_AUTO_LEGACY,PHRASE_CANONICAL,0.96,LEGACY,READY_DISH,Горячие напитки,"{""measurements"":[{""kind"":""value"",""value"":2.0,""unit"":""g"",""raw"":""2 г""},{""kind"":""value"",""value"":25.0,""unit"":""pcs"",""raw"":""25 шт""}],""percentages"":[],""calibres"":[],""process"":[]}",Чай зелёный,1,1
MAP-00530,ПЛАВЫЧ Сыр плавленый гауда 250 г,KAIDA-P0303,Сыр плавленый,MAPPED_AUTO_LEGACY,PHRASE_CANONICAL,0.96,LEGACY,PRODUCT,Молочная продукция,"{""measurements"":[{""kind"":""value"",""value"":250.0,""unit"":""g"",""raw"":""250 г""}],""percentages"":[],""calibres"":[],""process"":[]}",Сыр плавленый,1,1
MAP-00531,Пломбир,KAIDA-P0298,Мороженое пломбир,MAPPED_AUTO,EXACT_ALIAS,0.97,BASE_MATCH,PRODUCT,Торт,"{""measurements"":[],""percentages"":[],""calibres"":[],""process"":[]}",Мороженое пломбир,1,1
MAP-00532,ПРИПРАВЫЧ Перец черный молотый 10 г,KAIDA-P0615,Перец чёрный,MAPPED_AUTO_LEGACY,PHRASE_CANONICAL,0.96,LEGACY,PRODUCT,Бакалея,"{""measurements"":[{""kind"":""value"",""value"":10.0,""unit"":""g"",""raw"":""10 г""}],""percentages"":[],""calibres"":[],""process"":[]}",Перец чёрный,1,1
MAP-00533,ПРИПРАВЫЧ Приправа хмели сунели 15 г,KAIDA-P0640,Хмели-сунели,MAPPED_AUTO_LEGACY,PHRASE_CANONICAL,0.96,LEGACY,PRODUCT,Бакалея,"{""measurements"":[{""kind"":""value"",""value"":15.0,""unit"":""g"",""raw"":""15 г""}],""percentages"":[],""calibres"":[],""process"":[]}",Хмели-сунели,1,1
MAP-00534,ПРОСТОКВАШИНО Масло сливочное 82% 180 г,KAIDA-P0292,Масло сливочное,MAPPED_AUTO_LEGACY,PHRASE_CANONICAL,0.96,LEGACY,PRODUCT,Молочная продукция,"{""measurements"":[{""kind"":""value"",""value"":180.0,""unit"":""g"",""raw"":""180 г""}],""percentages"":[82.0],""calibres"":[],""process"":[]}",Масло сливочное,1,1
MAP-00535,Пряный соевый соус 250мл,KAIDA-P0663,Соевый соус,MAPPED_AUTO_LEGACY,PHRASE_CANONICAL,0.96,LEGACY,PRODUCT,Соусы,"{""measurements"":[{""kind"":""value"",""value"":250.0,""unit"":""ml"",""raw"":""250мл""}],""percentages"":[],""calibres"":[],""process"":[]}",Соевый соус,1,1
MAP-00536,ПУСК Сыр плавленый 65% 140 г,KAIDA-P0303,Сыр плавленый,MAPPED_AUTO_LEGACY,PHRASE_CANONICAL,0.96,LEGACY,PRODUCT,Молочная продукция,"{""measurements"":[{""kind"":""value"",""value"":140.0,""unit"":""g"",""raw"":""140 г""}],""percentages"":[65.0],""calibres"":[],""process"":[]}",Сыр плавленый,1,1
MAP-00537,РАХАТ Какао-порошок 100 г,KAIDA-P0738,Какао-порошок,MAPPED_RULE,COCOA_RAW_CONTEXT,0.96,R08,PRODUCT,Бакалея,"{""measurements"":[{""kind"":""value"",""value"":100.0,""unit"":""g"",""raw"":""100 г""}],""percentages"":[],""calibres"":[],""process"":[]}",Какао-порошок,1,1
MAP-00538,РАХАТ Какао-порошок 500 г,KAIDA-P0738,Какао-порошок,MAPPED_RULE,COCOA_RAW_CONTEXT,0.96,R08,PRODUCT,Бакалея,"{""measurements"":[{""kind"":""value"",""value"":500.0,""unit"":""g"",""raw"":""500 г""}],""percentages"":[],""calibres"":[],""process"":[]}",Какао-порошок,1,1
MAP-00539,Редька Дайкон 1 кг,KAIDA-P0350,Редька дайкон,MAPPED_AUTO,QUANT_STRIPPED_CANONICAL,0.93,BASE_MATCH,PRODUCT,Овощи,"{""measurements"":[{""kind"":""value"",""value"":1.0,""unit"":""kg"",""raw"":""1 кг""}],""percentages"":[],""calibres"":[],""process"":[]}",Редька дайкон,1,1
MAP-00540,САНТА БРЕМОР Икра мойвы классическая №1 180 г,KAIDA-P0260,Икра мойвы,MAPPED_AUTO_LEGACY,PHRASE_CANONICAL,0.96,LEGACY,PRODUCT,Рыбные деликатесы,"{""measurements"":[{""kind"":""value"",""value"":180.0,""unit"":""g"",""raw"":""180 г""}],""percentages"":[],""calibres"":[],""process"":[]}",Икра мойвы,1,1
MAP-00541,САНТА БРЕМОР Икра мойвы подкопченная №3 180 г,KAIDA-P0260,Икра мойвы,MAPPED_AUTO_LEGACY,PHRASE_CANONICAL,0.96,LEGACY,PRODUCT,Рыбные деликатесы,"{""measurements"":[{""kind"":""value"",""value"":180.0,""unit"":""g"",""raw"":""180 г""}],""percentages"":[],""calibres"":[],""process"":[""smoked""]}",Икра мойвы,1,1
MAP-00542,Сахар тростниковый 1кг,KAIDA-P0614,Сахар тростниковый,MAPPED_AUTO,QUANT_STRIPPED_CANONICAL,0.93,BASE_MATCH,PRODUCT,фасованное сырье,"{""measurements"":[{""kind"":""value"",""value"":1.0,""unit"":""kg"",""raw"":""1кг""}],""percentages"":[],""calibres"":[],""process"":[]}",Сахар тростниковый,1,1
MAP-00543,Сахар тростниковый-100гр.,KAIDA-P0614,Сахар тростниковый,MAPPED_AUTO,QUANT_STRIPPED_CANONICAL,0.93,BASE_MATCH,PRODUCT,фасованное сырье,"{""measurements"":[{""kind"":""value"",""value"":100.0,""unit"":""g"",""raw"":""100гр""}],""percentages"":[],""calibres"":[],""process"":[]}",Сахар тростниковый,1,1
MAP-00544,Сахар тростниковый-500гр.,KAIDA-P0614,Сахар тростниковый,MAPPED_AUTO,QUANT_STRIPPED_CANONICAL,0.93,BASE_MATCH,PRODUCT,фасованное сырье,"{""measurements"":[{""kind"":""value"",""value"":500.0,""unit"":""g"",""raw"":""500гр""}],""percentages"":[],""calibres"":[],""process"":[]}",Сахар тростниковый,1,1
MAP-00545,"Сгущенное молоко 8,5% Олым 30 кг бочка",KAIDA-P0294,Сгущённое молоко,MAPPED_AUTO_LEGACY,PHRASE_CANONICAL,0.96,LEGACY,PRODUCT,Молоко сгущенное белое и вареное,"{""measurements"":[{""kind"":""value"",""value"":30.0,""unit"":""kg"",""raw"":""30 кг""}],""percentages"":[8.5],""calibres"":[],""process"":[]}",Сгущённое молоко,1,1
MAP-00546,"Сгущенное молоко Рогачевсий 8,5% ж/б Белоруссия 380гр",KAIDA-P0294,Сгущённое молоко,MAPPED_AUTO_LEGACY,PHRASE_CANONICAL,0.96,LEGACY,PRODUCT,кондитерское сырьё,"{""measurements"":[{""kind"":""value"",""value"":380.0,""unit"":""g"",""raw"":""380гр""}],""percentages"":[8.5],""calibres"":[],""process"":[]}",Сгущённое молоко,1,1
MAP-00547,"Сгущенное молоко с сахаром.м.д.ж. 8,5% 31/37 кг бочка Омск",KAIDA-P0294,Сгущённое молоко,MAPPED_AUTO_LEGACY,PHRASE_CANONICAL,0.96,LEGACY,PRODUCT,Молоко сгущенное белое и вареное,"{""measurements"":[{""kind"":""value"",""value"":37.0,""unit"":""kg"",""raw"":""37 кг""}],""percentages"":[8.5],""calibres"":[],""process"":[]}",Сгущённое молоко,1,1
MAP-00548,Семга,KAIDA-P0173,Атлантический лосось,MAPPED_RULE,SEMGA_ALIAS,0.98,R13,PRODUCT,Солено-копченая рыба,"{""measurements"":[],""percentages"":[],""calibres"":[],""process"":[]}",Атлантический лосось,1,1
MAP-00549,СЕМЕНА ЛЬНА CAREFOOD 200 ГР,KAIDA-P0590,Семена льна,MAPPED_AUTO_LEGACY,PHRASE_CANONICAL,0.96,LEGACY,PRODUCT,Здоровое питание,"{""measurements"":[{""kind"":""value"",""value"":200.0,""unit"":""g"",""raw"":""200 ГР""}],""percentages"":[],""calibres"":[],""process"":[]}",Семена льна,1,1
MAP-00550,Семена чиа 100гр,KAIDA-P0591,Семена чиа,MAPPED_AUTO,QUANT_STRIPPED_CANONICAL,0.93,BASE_MATCH,PRODUCT,фасованное сырье,"{""measurements"":[{""kind"":""value"",""value"":100.0,""unit"":""g"",""raw"":""100гр""}],""percentages"":[],""calibres"":[],""process"":[]}",Семена чиа,1,1
MAP-00551,Семена чиа 500гр,KAIDA-P0591,Семена чиа,MAPPED_AUTO,QUANT_STRIPPED_CANONICAL,0.93,BASE_MATCH,PRODUCT,фасованное сырье,"{""measurements"":[{""kind"":""value"",""value"":500.0,""unit"":""g"",""raw"":""500гр""}],""percentages"":[],""calibres"":[],""process"":[]}",Семена чиа,1,1
MAP-00552,СЕМЕНА ЧИА CAREFOOD 200 ГР,KAIDA-P0591,Семена чиа,MAPPED_AUTO_LEGACY,PHRASE_CANONICAL,0.96,LEGACY,PRODUCT,Здоровое питание,"{""measurements"":[{""kind"":""value"",""value"":200.0,""unit"":""g"",""raw"":""200 ГР""}],""percentages"":[],""calibres"":[],""process"":[]}",Семена чиа,1,1
MAP-00553,"Сироп ""Лесной орех"" 1л, Inco",KAIDA-P0577,Фундук,MAPPED_AUTO_LEGACY,PHRASE_ALIAS,0.93,LEGACY,PRODUCT,сиропы,"{""measurements"":[{""kind"":""value"",""value"":1.0,""unit"":""l"",""raw"":""1л""}],""percentages"":[],""calibres"":[],""process"":[]}",Фундук,1,1
MAP-00554,"Сироп ""Лесной орех"" 1л, Skbar",KAIDA-P0577,Фундук,MAPPED_AUTO_LEGACY,PHRASE_ALIAS,0.93,LEGACY,PRODUCT,сиропы,"{""measurements"":[{""kind"":""value"",""value"":1.0,""unit"":""l"",""raw"":""1л""}],""percentages"":[],""calibres"":[],""process"":[]}",Фундук,1,1
MAP-00555,"Сироп ""Лесной орех"" 1л, Sweety",KAIDA-P0577,Фундук,MAPPED_AUTO_LEGACY,PHRASE_ALIAS,0.93,LEGACY,PRODUCT,сиропы,"{""measurements"":[{""kind"":""value"",""value"":1.0,""unit"":""l"",""raw"":""1л""}],""percentages"":[],""calibres"":[],""process"":[]}",Фундук,1,1
MAP-00556,Сладкий картофель фри Батат,KAIDA-P0826,Картофель фри,MAPPED_RULE,STRONG_TRANSFORMATION,0.99,R04,READY_DISH,Картофель фри,"{""measurements"":[],""percentages"":[],""calibres"":[],""process"":[]}",Батат,1,1
MAP-00557,"Сливки для взбивания «Соблазн» 27% жирн, (Спарта) 20 кг",KAIDA-P0274,Сливки для взбивания,MAPPED_AUTO_LEGACY,PHRASE_CANONICAL,0.96,LEGACY,PRODUCT,"Сливки,крема кондитерские","{""measurements"":[{""kind"":""value"",""value"":20.0,""unit"":""kg"",""raw"":""20 кг""}],""percentages"":[27.0],""calibres"":[],""process"":[]}",Сливки для взбивания,1,1
MAP-00558,Сливки для взбивания БМК 33% 1л,KAIDA-P0274,Сливки для взбивания,MAPPED_AUTO_LEGACY,PHRASE_CANONICAL,0.96,LEGACY,PRODUCT,Сливки,"{""measurements"":[{""kind"":""value"",""value"":1.0,""unit"":""l"",""raw"":""1л""}],""percentages"":[33.0],""calibres"":[],""process"":[]}",Сливки для взбивания,1,1
MAP-00559,СЛИВОЧНОЕ МАСЛО ISIGNY БРИКЕТ СОЛЁНОЕ 80% 200ГР,KAIDA-P0292,Масло сливочное,MAPPED_AUTO_LEGACY,PHRASE_ALIAS,0.93,LEGACY,PRODUCT,Акции,"{""measurements"":[{""kind"":""value"",""value"":200.0,""unit"":""g"",""raw"":""200ГР""}],""percentages"":[80.0],""calibres"":[],""process"":[]}",Масло сливочное,1,1
MAP-00560,Смесь перцев 100гр,KAIDA-P0642,Смесь перцев,MAPPED_AUTO,QUANT_STRIPPED_CANONICAL,0.93,BASE_MATCH,PRODUCT,фасованное сырье,"{""measurements"":[{""kind"":""value"",""value"":100.0,""unit"":""g"",""raw"":""100гр""}],""percentages"":[],""calibres"":[],""process"":[]}",Смесь перцев,1,1
MAP-00561,Сметана,KAIDA-P0275,Сметана,MAPPED_AUTO,EXACT_CANONICAL,0.99,BASE_MATCH,PRODUCT,Дополнительное,"{""measurements"":[],""percentages"":[],""calibres"":[],""process"":[]}",Сметана,1,1
MAP-00562,Смородина красная,KAIDA-P0494,Смородина красная,MAPPED_AUTO,EXACT_CANONICAL,0.99,BASE_MATCH,PRODUCT,Ягоды,"{""measurements"":[],""percentages"":[],""calibres"":[],""process"":[]}",Смородина красная,1,1
MAP-00563,Смородина красная 125 г,KAIDA-P0494,Смородина красная,MAPPED_AUTO,QUANT_STRIPPED_CANONICAL,0.93,BASE_MATCH,PRODUCT,Фрукты,"{""measurements"":[{""kind"":""value"",""value"":125.0,""unit"":""g"",""raw"":""125 г""}],""percentages"":[],""calibres"":[],""process"":[]}",Смородина красная,1,1
MAP-00564,Смородина черная,KAIDA-P0493,Смородина чёрная,MAPPED_AUTO,EXACT_CANONICAL,0.99,BASE_MATCH,PRODUCT,Ягоды,"{""measurements"":[],""percentages"":[],""calibres"":[],""process"":[]}",Смородина чёрная,1,1
MAP-00565,Смородина черная замороженная 1кг,KAIDA-P0493,Смородина чёрная,MAPPED_AUTO_LEGACY,PHRASE_CANONICAL,0.96,LEGACY,PRODUCT,Сухофрукты,"{""measurements"":[{""kind"":""value"",""value"":1.0,""unit"":""kg"",""raw"":""1кг""}],""percentages"":[],""calibres"":[],""process"":[""frozen""]}",Смородина чёрная,1,1
MAP-00566,СОЕВЫЙ СОУС СИНКАН 500 МЛ С ЧЕСНОКОМ И ПЕРЦЕМ,KAIDA-P0663,Соевый соус,MAPPED_AUTO_LEGACY,PHRASE_CANONICAL,0.96,LEGACY,PRODUCT,Соусы,"{""measurements"":[{""kind"":""value"",""value"":500.0,""unit"":""ml"",""raw"":""500 МЛ""}],""percentages"":[],""calibres"":[],""process"":[]}",Соевый соус,1,1
MAP-00567,Соевый Соус СИНКАН Традиционный 500 мл,KAIDA-P0663,Соевый соус,MAPPED_AUTO_LEGACY,PHRASE_CANONICAL,0.96,LEGACY,PRODUCT,Соусы,"{""measurements"":[{""kind"":""value"",""value"":500.0,""unit"":""ml"",""raw"":""500 мл""}],""percentages"":[],""calibres"":[],""process"":[]}",Соевый соус,1,1
MAP-00568,Соевый Соус Терияки с/б 300гр,KAIDA-P0663,Соевый соус,MAPPED_AUTO_LEGACY,PHRASE_CANONICAL,0.96,LEGACY,PRODUCT,Соусы,"{""measurements"":[{""kind"":""value"",""value"":300.0,""unit"":""g"",""raw"":""300гр""}],""percentages"":[],""calibres"":[],""process"":[]}",Соевый соус,1,1
MAP-00569,соевый соус японский 250мл,KAIDA-P0663,Соевый соус,MAPPED_AUTO_LEGACY,PHRASE_CANONICAL,0.96,LEGACY,PRODUCT,Соусы,"{""measurements"":[{""kind"":""value"",""value"":250.0,""unit"":""ml"",""raw"":""250мл""}],""percentages"":[],""calibres"":[],""process"":[]}",Соевый соус,1,1
MAP-00570,Соль пищевая морская крупная Атлантика,KAIDA-P0610,Соль пищевая,MAPPED_AUTO_LEGACY,PHRASE_CANONICAL,0.96,LEGACY,PRODUCT,Специи/Приправы,"{""measurements"":[],""percentages"":[],""calibres"":[],""process"":[]}",Соль пищевая,1,1
MAP-00571,Соль пищевая морская мелкая Атлантика,KAIDA-P0610,Соль пищевая,MAPPED_AUTO_LEGACY,PHRASE_CANONICAL,0.96,LEGACY,PRODUCT,Специи/Приправы,"{""measurements"":[],""percentages"":[],""calibres"":[],""process"":[]}",Соль пищевая,1,1
MAP-00572,Спаржа,KAIDA-P0385,Спаржа,MAPPED_AUTO,EXACT_CANONICAL,0.99,BASE_MATCH,PRODUCT,Гарниры,"{""measurements"":[],""percentages"":[],""calibres"":[],""process"":[]}",Спаржа,1,1
MAP-00573,Стейк Форели,KAIDA-P0244,Стейк форели,MAPPED_AUTO,EXACT_CANONICAL,0.99,BASE_MATCH,PRODUCT,Замороженная рыба,"{""measurements"":[],""percentages"":[],""calibres"":[],""process"":[]}",Стейк форели,1,1
MAP-00574,СУЛТАН Вафли сгущенное молоко 400 г,KAIDA-P0294,Сгущённое молоко,MAPPED_AUTO_LEGACY,PHRASE_CANONICAL,0.96,LEGACY,PRODUCT,Сладости,"{""measurements"":[{""kind"":""value"",""value"":400.0,""unit"":""g"",""raw"":""400 г""}],""percentages"":[],""calibres"":[],""process"":[]}",Сгущённое молоко,1,1
MAP-00575,"Сухое молоко Frusela 26%, 3кг",KAIDA-P0295,Сухое молоко,MAPPED_AUTO_LEGACY,PHRASE_CANONICAL,0.96,LEGACY,PRODUCT,фасованное сырье,"{""measurements"":[{""kind"":""value"",""value"":3.0,""unit"":""kg"",""raw"":""3кг""}],""percentages"":[26.0],""calibres"":[],""process"":[]}",Сухое молоко,1,1
MAP-00576,"Сухое молоко Frusela 26%, 500гр",KAIDA-P0295,Сухое молоко,MAPPED_AUTO_LEGACY,PHRASE_CANONICAL,0.96,LEGACY,PRODUCT,фасованное сырье,"{""measurements"":[{""kind"":""value"",""value"":500.0,""unit"":""g"",""raw"":""500гр""}],""percentages"":[26.0],""calibres"":[],""process"":[]}",Сухое молоко,1,1
MAP-00577,Сухофрукты Грецкий орех 250гр Organic Market,KAIDA-P0575,Грецкий орех,MAPPED_AUTO_LEGACY,PHRASE_CANONICAL,0.96,LEGACY,PRODUCT,Сухофрукты,"{""measurements"":[{""kind"":""value"",""value"":250.0,""unit"":""g"",""raw"":""250гр""}],""percentages"":[],""calibres"":[],""process"":[]}",Грецкий орех,1,1
MAP-00578,Сухофрукты Тыквенные семечки 250гр Organic Market,KAIDA-P0587,Тыквенные семечки,MAPPED_AUTO_LEGACY,PHRASE_CANONICAL,0.96,LEGACY,PRODUCT,Сухофрукты,"{""measurements"":[{""kind"":""value"",""value"":250.0,""unit"":""g"",""raw"":""250гр""}],""percentages"":[],""calibres"":[],""process"":[]}",Тыквенные семечки,1,1
MAP-00579,Сёмга (лосось атлантический) пласт слабосоленый SEAFOOD,KAIDA-P0173,Атлантический лосось,MAPPED_RULE,SEMGA_ALIAS,0.98,R13,PRODUCT,Рыба,"{""measurements"":[],""percentages"":[],""calibres"":[],""process"":[""lightly_salted""]}",Атлантический лосось,1,1
MAP-00580,Сёмга (лосось атлантический) пласт холодного копчения SEAFOOD,KAIDA-P0173,Атлантический лосось,MAPPED_RULE,SEMGA_ALIAS,0.98,R13,PRODUCT,Популярный Товар,"{""measurements"":[],""percentages"":[],""calibres"":[],""process"":[""smoked"",""smoked_cold""]}",Атлантический лосось,1,1
MAP-00581,"Тигровые креветки 8/12 без головы, Risma, вес упаковка 1 кг.",KAIDA-P0218,Креветка тигровая,MAPPED_RULE,SHRIMP_SUBTYPE,0.97,R15,PRODUCT,Креветки,"{""measurements"":[{""kind"":""value"",""value"":1.0,""unit"":""kg"",""raw"":""1 кг""}],""percentages"":[],""calibres"":[""8/12""],""process"":[],""calibre"":[""8/12""],""head"":""without_head""}",Креветка тигровая,1,1
MAP-00582,Тигровые креветки с чесноком и петрушкой,KAIDA-P0218,Креветка тигровая,MAPPED_RULE,SHRIMP_SUBTYPE,0.97,R15,PRODUCT,Горячее,"{""measurements"":[],""percentages"":[],""calibres"":[],""process"":[]}",Креветка тигровая,1,1
MAP-00583,Топленое масло Гхи 1 л (стеклянная тара ),KAIDA-P0293,Масло топлёное,MAPPED_AUTO_LEGACY,PHRASE_ALIAS,0.93,LEGACY,PRODUCT,ЭКО продукты собственное производство,"{""measurements"":[{""kind"":""value"",""value"":1.0,""unit"":""l"",""raw"":""1 л""}],""percentages"":[],""calibres"":[],""process"":[]}",Масло топлёное,1,1
MAP-00584,Треска,KAIDA-P0189,Треска,MAPPED_AUTO,EXACT_CANONICAL,0.99,BASE_MATCH,PRODUCT,Рыба,"{""measurements"":[],""percentages"":[],""calibres"":[],""process"":[]}",Треска,1,1
MAP-00585,Трюфель,KAIDA-P0431,Трюфель,MAPPED_AUTO,EXACT_CANONICAL,0.99,BASE_MATCH,PRODUCT,Сладости от Победы (халал),"{""measurements"":[],""percentages"":[],""calibres"":[],""process"":[]}",Трюфель,1,1
MAP-00586,УВЕЛКА Рис длиннозерный шлифова пакет 80 г*5 шт,KAIDA-P0507,Рис длиннозёрный,MAPPED_AUTO_LEGACY,PHRASE_CANONICAL,0.96,LEGACY,PRODUCT,Бакалея,"{""measurements"":[{""kind"":""value"",""value"":80.0,""unit"":""g"",""raw"":""80 г""},{""kind"":""value"",""value"":5.0,""unit"":""pcs"",""raw"":""5 шт""}],""percentages"":[],""calibres"":[],""process"":[]}",Рис длиннозёрный,1,1
MAP-00587,УВЕЛКА Рис круглозерный шлифованый 80 г*5 шт,KAIDA-P0506,Рис круглозёрный,MAPPED_AUTO_LEGACY,PHRASE_CANONICAL,0.96,LEGACY,PRODUCT,Бакалея,"{""measurements"":[{""kind"":""value"",""value"":80.0,""unit"":""g"",""raw"":""80 г""},{""kind"":""value"",""value"":5.0,""unit"":""pcs"",""raw"":""5 шт""}],""percentages"":[],""calibres"":[],""process"":[]}",Рис круглозёрный,1,1
MAP-00588,"Уксус винный белый ""De Nigris"" 1л",KAIDA-P0660,Уксус винный белый,MAPPED_AUTO_LEGACY,PHRASE_CANONICAL,0.96,LEGACY,PRODUCT,All,"{""measurements"":[{""kind"":""value"",""value"":1.0,""unit"":""l"",""raw"":""1л""}],""percentages"":[],""calibres"":[],""process"":[]}",Уксус винный белый,1,1
MAP-00589,"Уксус винный красный ""De Nigris"" 1л",KAIDA-P0659,Уксус винный красный,MAPPED_AUTO_LEGACY,PHRASE_CANONICAL,0.96,LEGACY,PRODUCT,Популярный Товар,"{""measurements"":[{""kind"":""value"",""value"":1.0,""unit"":""l"",""raw"":""1л""}],""percentages"":[],""calibres"":[],""process"":[]}",Уксус винный красный,1,1
MAP-00590,Уксус яблочный 0.5 л,KAIDA-P0658,Уксус яблочный,MAPPED_AUTO,QUANT_STRIPPED_CANONICAL,0.93,BASE_MATCH,PRODUCT,ЭКО продукты собственное производство,"{""measurements"":[{""kind"":""value"",""value"":0.5,""unit"":""l"",""raw"":""0.5 л""}],""percentages"":[],""calibres"":[],""process"":[]}",Уксус яблочный,1,1
MAP-00591,Уксус яблочный 1 л,KAIDA-P0658,Уксус яблочный,MAPPED_AUTO,QUANT_STRIPPED_CANONICAL,0.93,BASE_MATCH,PRODUCT,ЭКО продукты собственное производство,"{""measurements"":[{""kind"":""value"",""value"":1.0,""unit"":""l"",""raw"":""1 л""}],""percentages"":[],""calibres"":[],""process"":[]}",Уксус яблочный,1,1
MAP-00592,"Уксус яблочный Organic Market 0,5л",KAIDA-P0658,Уксус яблочный,MAPPED_AUTO_LEGACY,PHRASE_CANONICAL,0.96,LEGACY,PRODUCT,Уксус,"{""measurements"":[{""kind"":""value"",""value"":0.5,""unit"":""l"",""raw"":""0,5л""}],""percentages"":[],""calibres"":[],""process"":[]}",Уксус яблочный,1,1
MAP-00593,"Уксус яблочный имбирь 0,5 л",KAIDA-P0658,Уксус яблочный,MAPPED_AUTO_LEGACY,PHRASE_CANONICAL,0.96,LEGACY,PRODUCT,ЭКО продукты собственное производство,"{""measurements"":[{""kind"":""value"",""value"":0.5,""unit"":""l"",""raw"":""0,5 л""}],""percentages"":[],""calibres"":[],""process"":[]}",Уксус яблочный,1,1
MAP-00594,"Уксус яблочный с имбирем Organic Market 0,5л",KAIDA-P0658,Уксус яблочный,MAPPED_AUTO_LEGACY,PHRASE_CANONICAL,0.96,LEGACY,PRODUCT,Уксус,"{""measurements"":[{""kind"":""value"",""value"":0.5,""unit"":""l"",""raw"":""0,5л""}],""percentages"":[],""calibres"":[],""process"":[]}",Уксус яблочный,1,1
MAP-00595,"Уксус яблочный с имбирем и куркумой Organic Market 0,5л",KAIDA-P0658,Уксус яблочный,MAPPED_AUTO_LEGACY,PHRASE_CANONICAL,0.96,LEGACY,PRODUCT,Уксус,"{""measurements"":[{""kind"":""value"",""value"":0.5,""unit"":""l"",""raw"":""0,5л""}],""percentages"":[],""calibres"":[],""process"":[]}",Уксус яблочный,1,1
MAP-00596,Уксус яблочный-имбирь,KAIDA-P0658,Уксус яблочный,MAPPED_AUTO_LEGACY,PHRASE_CANONICAL,0.96,LEGACY,PRODUCT,ЭКО продукты собственное производство,"{""measurements"":[],""percentages"":[],""calibres"":[],""process"":[]}",Уксус яблочный,1,1
MAP-00597,Устричный соус-маринад к мясу «SEN SOY» 330гр,KAIDA-P0665,Устричный соус,MAPPED_AUTO_LEGACY,PHRASE_CANONICAL,0.96,LEGACY,PRODUCT,Соусы,"{""measurements"":[{""kind"":""value"",""value"":330.0,""unit"":""g"",""raw"":""330гр""}],""percentages"":[],""calibres"":[],""process"":[]}",Устричный соус,1,1
MAP-00598,"Фарш говяжий 0,7 кг/ шт",KAIDA-P0024,Говяжий фарш,MAPPED_AUTO_LEGACY,PHRASE_ALIAS,0.93,LEGACY,PRODUCT,Фарш,"{""measurements"":[{""kind"":""value"",""value"":0.7,""unit"":""kg"",""raw"":""0,7 кг""}],""percentages"":[],""calibres"":[],""process"":[]}",Говяжий фарш,1,1
MAP-00599,"Фарш говяжий домашний, 1 кг",KAIDA-P0024,Говяжий фарш,MAPPED_AUTO_LEGACY,PHRASE_ALIAS,0.93,LEGACY,PRODUCT,Фарш,"{""measurements"":[{""kind"":""value"",""value"":1.0,""unit"":""kg"",""raw"":""1 кг""}],""percentages"":[],""calibres"":[],""process"":[]}",Говяжий фарш,1,1
MAP-00600,"Филе лосося (семги) замороженное, ПРЕМИУМ 4-5 фунтов, кг",KAIDA-P0173,Атлантический лосось,MAPPED_RULE,SEMGA_ALIAS,0.98,R13,PRODUCT,Семга,"{""measurements"":[],""percentages"":[],""calibres"":[],""process"":[""frozen""]}",Филе лосося,1,1
MAP-00601,Филе лосося на гриле,KAIDA-P0241,Филе лосося,MAPPED_AUTO_LEGACY,PHRASE_CANONICAL,0.96,LEGACY,READY_DISH,Горячее,"{""measurements"":[],""percentages"":[],""calibres"":[],""process"":[]}",Филе лосося,1,1
MAP-00602,"Филе лосося охлажденное 1,5-2 кг",KAIDA-P0241,Филе лосося,MAPPED_AUTO_LEGACY,PHRASE_CANONICAL,0.96,LEGACY,PRODUCT,Охлажденная рыба,"{""measurements"":[{""kind"":""range"",""min"":1.5,""max"":2.0,""unit"":""kg"",""raw"":""1,5-2 кг""}],""percentages"":[],""calibres"":[],""process"":[""chilled""]}",Филе лосося,1,1
MAP-00603,Филе Минтая (Россия) - упаковка 1 кг,KAIDA-P0248,Филе минтая,MAPPED_AUTO_LEGACY,PHRASE_CANONICAL,0.96,LEGACY,PRODUCT,Рыба,"{""measurements"":[{""kind"":""value"",""value"":1.0,""unit"":""kg"",""raw"":""1 кг""}],""percentages"":[],""calibres"":[],""process"":[]}",Филе минтая,1,1
MAP-00604,Филе минтая без глазировки (1кг),KAIDA-P0248,Филе минтая,MAPPED_AUTO_LEGACY,PHRASE_CANONICAL,0.96,LEGACY,PRODUCT,Морепродукты,"{""measurements"":[{""kind"":""value"",""value"":1.0,""unit"":""kg"",""raw"":""1кг""}],""percentages"":[],""calibres"":[],""process"":[]}",Филе минтая,1,1
MAP-00605,Филе Минтая без кожи с/м,KAIDA-P0248,Филе минтая,MAPPED_AUTO_LEGACY,PHRASE_CANONICAL,0.96,LEGACY,PRODUCT,Рыба свежемороженная,"{""measurements"":[],""percentages"":[],""calibres"":[],""process"":[""frozen""]}",Филе минтая,1,1
MAP-00606,Филе сельди (малосольная) - упаковка 500гр,KAIDA-P0781,Филе сельди,MAPPED_AUTO_LEGACY,PHRASE_CANONICAL,0.96,LEGACY,PRODUCT,Копченая/Соленая,"{""measurements"":[{""kind"":""value"",""value"":500.0,""unit"":""g"",""raw"":""500гр""}],""percentages"":[],""calibres"":[],""process"":[""lightly_salted""]}",Филе сельди,1,1
MAP-00607,Филе Сибаса,KAIDA-P0787,Филе сибаса,MAPPED_AUTO,EXACT_CANONICAL,0.99,BASE_MATCH,PRODUCT,Европейская кухня,"{""measurements"":[],""percentages"":[],""calibres"":[],""process"":[]}",Филе сибаса,1,1
MAP-00608,Филе Судака Алакольского мелкое,KAIDA-P0245,Филе судака,MAPPED_RULE,FISH_CUT_PRODUCT,0.96,R13,PRODUCT,Рыба свежемороженная,"{""measurements"":[],""percentages"":[],""calibres"":[],""process"":[]}",Филе судака,1,1
MAP-00609,Филе судака в остро-сладком соусе,KAIDA-P0245,Филе судака,MAPPED_RULE,FISH_CUT_PRODUCT,0.96,R13,PRODUCT,Восточная кухня,"{""measurements"":[],""percentages"":[],""calibres"":[],""process"":[]}",Филе судака,1,1
MAP-00610,Филе судака с соусом из домашней сметаны,KAIDA-P0245,Филе судака,MAPPED_RULE,FISH_CUT_PRODUCT,0.96,R13,PRODUCT,Горячее,"{""measurements"":[],""percentages"":[],""calibres"":[],""process"":[]}",Филе судака,1,1
MAP-00611,Филе Судака среднее,KAIDA-P0245,Филе судака,MAPPED_RULE,FISH_CUT_PRODUCT,0.96,R13,PRODUCT,Рыба свежемороженная,"{""measurements"":[],""percentages"":[],""calibres"":[],""process"":[]}",Филе судака,1,1
MAP-00612,Филе судака среднее 20%,KAIDA-P0245,Филе судака,MAPPED_RULE,FISH_CUT_PRODUCT,0.96,R13,PRODUCT,Морепродукты,"{""measurements"":[],""percentages"":[20.0],""calibres"":[],""process"":[]}",Филе судака,1,1
MAP-00613,"Филе судака среднее свежемороженое, вес упаковка 1-1,2 кг",KAIDA-P0245,Филе судака,MAPPED_RULE,FISH_CUT_PRODUCT,0.96,R13,PRODUCT,Замороженная рыба,"{""measurements"":[{""kind"":""range"",""min"":1.0,""max"":1.2,""unit"":""kg"",""raw"":""1-1,2 кг""}],""percentages"":[],""calibres"":[],""process"":[""frozen""]}",Филе судака,1,1
MAP-00614,Филе Тилапии - упаковка 1 кг,KAIDA-P0247,Филе тилапии,MAPPED_AUTO_LEGACY,PHRASE_CANONICAL,0.96,LEGACY,PRODUCT,Рыба,"{""measurements"":[{""kind"":""value"",""value"":1.0,""unit"":""kg"",""raw"":""1 кг""}],""percentages"":[],""calibres"":[],""process"":[]}",Филе тилапии,1,1
MAP-00615,Филе Тунца (крупные) 0.5,KAIDA-P0250,Филе тунца,MAPPED_AUTO_LEGACY,PHRASE_CANONICAL,0.96,LEGACY,PRODUCT,Рыба свежемороженная,"{""measurements"":[],""percentages"":[],""calibres"":[],""process"":[]}",Филе тунца,1,1
MAP-00616,"Филе форели малосоленое, вес упаковка 300-400 гр.",KAIDA-P0243,Филе форели,MAPPED_AUTO_LEGACY,PHRASE_CANONICAL,0.96,LEGACY,PRODUCT,Копченая и малосоленая рыба,"{""measurements"":[{""kind"":""range"",""min"":300.0,""max"":400.0,""unit"":""g"",""raw"":""300-400 гр""}],""percentages"":[],""calibres"":[],""process"":[]}",Филе форели,1,1
MAP-00617,Форель Радужная,KAIDA-P0163,Форель радужная,MAPPED_AUTO,EXACT_CANONICAL,0.99,BASE_MATCH,PRODUCT,Рыба свежемороженная,"{""measurements"":[],""percentages"":[],""calibres"":[],""process"":[]}",Форель радужная,1,1
MAP-00618,Форель радужная холодного копчения,KAIDA-P0163,Форель радужная,MAPPED_AUTO_LEGACY,PHRASE_CANONICAL,0.96,LEGACY,PRODUCT,"Солёная, копчёная и вяленая продукция","{""measurements"":[],""percentages"":[],""calibres"":[],""process"":[""smoked"",""smoked_cold""]}",Форель радужная,1,1
MAP-00619,"Форель речная 300-350 свежемороженая, потрошеная, вес упаковка 1-1,2 кг",KAIDA-P0164,Форель речная,MAPPED_AUTO_LEGACY,PHRASE_CANONICAL,0.96,LEGACY,PRODUCT,Замороженная рыба,"{""measurements"":[{""kind"":""range"",""min"":1.0,""max"":1.2,""unit"":""kg"",""raw"":""1-1,2 кг""}],""percentages"":[],""calibres"":[],""process"":[""frozen""]}",Форель речная,1,1
MAP-00620,Хрустящие куриные крылышки,KAIDA-P0093,Куриное крыло,MAPPED_AUTO_LEGACY,PHRASE_ALIAS,0.93,LEGACY,READY_DISH,Закуски к пиву,"{""measurements"":[],""percentages"":[],""calibres"":[],""process"":[]}",Куриное крыло,1,1
MAP-00621,Цветная капуста,KAIDA-P0390,Цветная капуста,MAPPED_AUTO,EXACT_CANONICAL,0.99,BASE_MATCH,PRODUCT,Гарниры,"{""measurements"":[],""percentages"":[],""calibres"":[],""process"":[]}",Цветная капуста,1,1
MAP-00622,"Чай зеленый ""Те Гуань Инь"" (0,5л)",KAIDA-P0838,Чай зелёный (напиток),MAPPED_RULE,PREPARED_TEA,0.95,R08,READY_DISH,Чаи:,"{""measurements"":[{""kind"":""value"",""value"":0.5,""unit"":""l"",""raw"":""0,5л""}],""percentages"":[],""calibres"":[],""process"":[]}",Чай зелёный,1,1
MAP-00623,"Чай зеленый ""Те Гуань Инь"" (1л)",KAIDA-P0838,Чай зелёный (напиток),MAPPED_RULE,PREPARED_TEA,0.95,R08,READY_DISH,Чаи:,"{""measurements"":[{""kind"":""value"",""value"":1.0,""unit"":""l"",""raw"":""1л""}],""percentages"":[],""calibres"":[],""process"":[]}",Чай зелёный,1,1
MAP-00624,Чай зеленый (чайник),KAIDA-P0725,Чай зелёный,MAPPED_AUTO_LEGACY,PHRASE_CANONICAL,0.96,LEGACY,READY_DISH,Горячие напитки,"{""measurements"":[],""percentages"":[],""calibres"":[],""process"":[]}",Чай зелёный,1,1
MAP-00625,Чай зеленый (чашка),KAIDA-P0725,Чай зелёный,MAPPED_AUTO_LEGACY,PHRASE_CANONICAL,0.96,LEGACY,READY_DISH,Горячие напитки,"{""measurements"":[],""percentages"":[],""calibres"":[],""process"":[]}",Чай зелёный,1,1
MAP-00626,Чай зеленый Greenfield,KAIDA-P0725,Чай зелёный,MAPPED_AUTO_LEGACY,PHRASE_CANONICAL,0.96,LEGACY,READY_DISH,Чайная карта,"{""measurements"":[],""percentages"":[],""calibres"":[],""process"":[]}",Чай зелёный,1,1
MAP-00627,Чай Зеленый Жасмин,KAIDA-P0725,Чай зелёный,MAPPED_AUTO_LEGACY,PHRASE_CANONICAL,0.96,LEGACY,READY_DISH,Чай,"{""measurements"":[],""percentages"":[],""calibres"":[],""process"":[]}",Чай зелёный,1,1
MAP-00628,"Чай зеленый с жасмином (0,5л)",KAIDA-P0838,Чай зелёный (напиток),MAPPED_RULE,PREPARED_TEA,0.95,R08,READY_DISH,Чаи:,"{""measurements"":[{""kind"":""value"",""value"":0.5,""unit"":""l"",""raw"":""0,5л""}],""percentages"":[],""calibres"":[],""process"":[]}",Чай зелёный,1,1
MAP-00629,Чай зеленый с жасмином (1л),KAIDA-P0838,Чай зелёный (напиток),MAPPED_RULE,PREPARED_TEA,0.95,R08,READY_DISH,Чаи:,"{""measurements"":[{""kind"":""value"",""value"":1.0,""unit"":""l"",""raw"":""1л""}],""percentages"":[],""calibres"":[],""process"":[]}",Чай зелёный,1,1
MAP-00630,Чай Пуэр,KAIDA-P0728,Чай пуэр,MAPPED_AUTO,EXACT_CANONICAL,0.99,BASE_MATCH,PRODUCT,Чай,"{""measurements"":[],""percentages"":[],""calibres"":[],""process"":[]}",Чай пуэр,1,1
MAP-00631,Чай Фруктовый,KAIDA-P0730,Чай фруктовый,MAPPED_AUTO,EXACT_CANONICAL,0.99,BASE_MATCH,PRODUCT,Фирменные чаи,"{""measurements"":[],""percentages"":[],""calibres"":[],""process"":[]}",Чай фруктовый,1,1
MAP-00632,"Чай черный ""Цейлонское Золото"" (0,5л)",KAIDA-P0837,Чай чёрный (напиток),MAPPED_RULE,PREPARED_TEA,0.95,R08,READY_DISH,Чаи:,"{""measurements"":[{""kind"":""value"",""value"":0.5,""unit"":""l"",""raw"":""0,5л""}],""percentages"":[],""calibres"":[],""process"":[]}",Чай чёрный,1,1
MAP-00633,"Чай черный ""Цейлонское Золото"" (1л)",KAIDA-P0837,Чай чёрный (напиток),MAPPED_RULE,PREPARED_TEA,0.95,R08,READY_DISH,Чаи:,"{""measurements"":[{""kind"":""value"",""value"":1.0,""unit"":""l"",""raw"":""1л""}],""percentages"":[],""calibres"":[],""process"":[]}",Чай чёрный,1,1
MAP-00634,Чай черный (чайник),KAIDA-P0724,Чай чёрный,MAPPED_AUTO_LEGACY,PHRASE_CANONICAL,0.96,LEGACY,READY_DISH,Горячие напитки,"{""measurements"":[],""percentages"":[],""calibres"":[],""process"":[]}",Чай чёрный,1,1
MAP-00635,Чай черный (чашка),KAIDA-P0724,Чай чёрный,MAPPED_AUTO_LEGACY,PHRASE_CANONICAL,0.96,LEGACY,READY_DISH,Горячие напитки,"{""measurements"":[],""percentages"":[],""calibres"":[],""process"":[]}",Чай чёрный,1,1
MAP-00636,Чай черный Greenfield,KAIDA-P0724,Чай чёрный,MAPPED_AUTO_LEGACY,PHRASE_CANONICAL,0.96,LEGACY,READY_DISH,Чайная карта,"{""measurements"":[],""percentages"":[],""calibres"":[],""process"":[]}",Чай чёрный,1,1
MAP-00637,Черная икра Aquatir со скидкой - 20%,KAIDA-P0256,Чёрная икра,MAPPED_RULE,CAVIAR_GENERIC,0.94,R14,PRODUCT,Черная икра,"{""measurements"":[],""percentages"":[20.0],""calibres"":[],""process"":[]}",Чёрная икра,1,1
MAP-00638,Черника,KAIDA-P0492,Черника,MAPPED_AUTO,EXACT_CANONICAL,0.99,BASE_MATCH,PRODUCT,Ягоды,"{""measurements"":[],""percentages"":[],""calibres"":[],""process"":[]}",Черника,1,1
MAP-00639,Черный чай (400 мл),KAIDA-P0724,Чай чёрный,MAPPED_AUTO,QUANT_STRIPPED_ALIAS,0.9,BASE_MATCH,PRODUCT,Остальное,"{""measurements"":[{""kind"":""value"",""value"":400.0,""unit"":""ml"",""raw"":""400 мл""}],""percentages"":[],""calibres"":[],""process"":[]}",Чай чёрный,1,1
MAP-00640,Черный чай (800 мл),KAIDA-P0837,Чай чёрный (напиток),MAPPED_RULE,PREPARED_TEA,0.95,R08,READY_DISH,Классические чаи,"{""measurements"":[{""kind"":""value"",""value"":800.0,""unit"":""ml"",""raw"":""800 мл""}],""percentages"":[],""calibres"":[],""process"":[]}",Чай чёрный,1,1
MAP-00641,Черный чай 0.6L,KAIDA-P0724,Чай чёрный,MAPPED_AUTO,QUANT_STRIPPED_ALIAS,0.9,BASE_MATCH,PRODUCT,Остальное,"{""measurements"":[{""kind"":""value"",""value"":0.6,""unit"":""l"",""raw"":""0.6L""}],""percentages"":[],""calibres"":[],""process"":[]}",Чай чёрный,1,1
MAP-00642,Черный чай 0.8L,KAIDA-P0724,Чай чёрный,MAPPED_AUTO,QUANT_STRIPPED_ALIAS,0.9,BASE_MATCH,PRODUCT,Остальное,"{""measurements"":[{""kind"":""value"",""value"":0.8,""unit"":""l"",""raw"":""0.8L""}],""percentages"":[],""calibres"":[],""process"":[]}",Чай чёрный,1,1
MAP-00643,Черный чай 1L,KAIDA-P0724,Чай чёрный,MAPPED_AUTO,QUANT_STRIPPED_ALIAS,0.9,BASE_MATCH,PRODUCT,Остальное,"{""measurements"":[{""kind"":""value"",""value"":1.0,""unit"":""l"",""raw"":""1L""}],""percentages"":[],""calibres"":[],""process"":[]}",Чай чёрный,1,1
MAP-00644,Черный чай Томирис,KAIDA-P0724,Чай чёрный,MAPPED_AUTO_LEGACY,PHRASE_ALIAS,0.93,LEGACY,READY_DISH,Чайная карта,"{""measurements"":[],""percentages"":[],""calibres"":[],""process"":[]}",Чай чёрный,1,1
MAP-00645,Чечил,KAIDA-P0330,Чечил,MAPPED_AUTO,EXACT_CANONICAL,0.99,BASE_MATCH,PRODUCT,Остальное,"{""measurements"":[],""percentages"":[],""calibres"":[],""process"":[]}",Чечил,1,1
MAP-00646,Чудо Молочный коктейль 2% 960 мл,KAIDA-P0297,Молочный коктейль,MAPPED_AUTO_LEGACY,PHRASE_CANONICAL,0.96,LEGACY,PRODUCT,Молочная продукция,"{""measurements"":[{""kind"":""value"",""value"":960.0,""unit"":""ml"",""raw"":""960 мл""}],""percentages"":[2.0],""calibres"":[],""process"":[]}",Молочный коктейль,1,1
MAP-00647,Чудо Молочный коктейль 2% ванильный 200г,KAIDA-P0297,Молочный коктейль,MAPPED_AUTO_LEGACY,PHRASE_CANONICAL,0.96,LEGACY,PRODUCT,Молочная продукция,"{""measurements"":[{""kind"":""value"",""value"":200.0,""unit"":""g"",""raw"":""200г""}],""percentages"":[2.0],""calibres"":[],""process"":[]}",Молочный коктейль,1,1
MAP-00648,Чудо Молочный коктейль ваниль 2% 950 мл,KAIDA-P0297,Молочный коктейль,MAPPED_AUTO_LEGACY,PHRASE_CANONICAL,0.96,LEGACY,PRODUCT,Молочная продукция,"{""measurements"":[{""kind"":""value"",""value"":950.0,""unit"":""ml"",""raw"":""950 мл""}],""percentages"":[2.0],""calibres"":[],""process"":[]}",Молочный коктейль,1,1
MAP-00649,"Чёрная икра (икра осетра), 100 г.",KAIDA-P0257,Икра осетра,MAPPED_RULE,CAVIAR_SPECIES,0.97,R14,PRODUCT,Икра,"{""measurements"":[{""kind"":""value"",""value"":100.0,""unit"":""g"",""raw"":""100 г""}],""percentages"":[],""calibres"":[],""process"":[]}",Чёрная икра,1,1
MAP-00650,Чёрная икра белуги 100гр,KAIDA-P0256,Чёрная икра,MAPPED_RULE,CAVIAR_GENERIC,0.94,R14,PRODUCT,Черная икра,"{""measurements"":[{""kind"":""value"",""value"":100.0,""unit"":""g"",""raw"":""100гр""}],""percentages"":[],""calibres"":[],""process"":[]}",Чёрная икра,1,1
MAP-00651,Чёрная икра белуги 250гр,KAIDA-P0256,Чёрная икра,MAPPED_RULE,CAVIAR_GENERIC,0.94,R14,PRODUCT,Черная икра,"{""measurements"":[{""kind"":""value"",""value"":250.0,""unit"":""g"",""raw"":""250гр""}],""percentages"":[],""calibres"":[],""process"":[]}",Чёрная икра,1,1
MAP-00652,Чёрная икра белуги 50гр,KAIDA-P0256,Чёрная икра,MAPPED_RULE,CAVIAR_GENERIC,0.94,R14,PRODUCT,Черная икра,"{""measurements"":[{""kind"":""value"",""value"":50.0,""unit"":""g"",""raw"":""50гр""}],""percentages"":[],""calibres"":[],""process"":[]}",Чёрная икра,1,1
MAP-00653,Чёрная икра Каспийского осетра 100гр,KAIDA-P0257,Икра осетра,MAPPED_RULE,CAVIAR_SPECIES,0.97,R14,PRODUCT,Черная икра,"{""measurements"":[{""kind"":""value"",""value"":100.0,""unit"":""g"",""raw"":""100гр""}],""percentages"":[],""calibres"":[],""process"":[]}",Чёрная икра,1,1
MAP-00654,Чёрная икра Каспийского осетра 200гр,KAIDA-P0257,Икра осетра,MAPPED_RULE,CAVIAR_SPECIES,0.97,R14,PRODUCT,Черная икра,"{""measurements"":[{""kind"":""value"",""value"":200.0,""unit"":""g"",""raw"":""200гр""}],""percentages"":[],""calibres"":[],""process"":[]}",Чёрная икра,1,1
MAP-00655,Чёрная икра Каспийского осетра 500гр,KAIDA-P0257,Икра осетра,MAPPED_RULE,CAVIAR_SPECIES,0.97,R14,PRODUCT,Черная икра,"{""measurements"":[{""kind"":""value"",""value"":500.0,""unit"":""g"",""raw"":""500гр""}],""percentages"":[],""calibres"":[],""process"":[]}",Чёрная икра,1,1
MAP-00656,Чёрная икра Каспийского осетра 50гр,KAIDA-P0257,Икра осетра,MAPPED_RULE,CAVIAR_SPECIES,0.97,R14,PRODUCT,Черная икра,"{""measurements"":[{""kind"":""value"",""value"":50.0,""unit"":""g"",""raw"":""50гр""}],""percentages"":[],""calibres"":[],""process"":[]}",Чёрная икра,1,1
MAP-00657,Чёрная икра осетровая Admiral Husso 125гр,KAIDA-P0257,Икра осетра,MAPPED_RULE,CAVIAR_SPECIES,0.97,R14,PRODUCT,Черная икра,"{""measurements"":[{""kind"":""value"",""value"":125.0,""unit"":""g"",""raw"":""125гр""}],""percentages"":[],""calibres"":[],""process"":[]}",Чёрная икра,1,1
MAP-00658,Чёрная икра осетровая Admiral Husso 250гр,KAIDA-P0257,Икра осетра,MAPPED_RULE,CAVIAR_SPECIES,0.97,R14,PRODUCT,Черная икра,"{""measurements"":[{""kind"":""value"",""value"":250.0,""unit"":""g"",""raw"":""250гр""}],""percentages"":[],""calibres"":[],""process"":[]}",Чёрная икра,1,1
MAP-00659,Чёрная икра осетровая Admiral Husso 500гр,KAIDA-P0257,Икра осетра,MAPPED_RULE,CAVIAR_SPECIES,0.97,R14,PRODUCT,Черная икра,"{""measurements"":[{""kind"":""value"",""value"":500.0,""unit"":""g"",""raw"":""500гр""}],""percentages"":[],""calibres"":[],""process"":[]}",Чёрная икра,1,1
MAP-00660,Чёрная икра осетровая Admiral Husso 50гр,KAIDA-P0257,Икра осетра,MAPPED_RULE,CAVIAR_SPECIES,0.97,R14,PRODUCT,Черная икра,"{""measurements"":[{""kind"":""value"",""value"":50.0,""unit"":""g"",""raw"":""50гр""}],""percentages"":[],""calibres"":[],""process"":[]}",Чёрная икра,1,1
MAP-00661,Чёрная икра русского осетра 100гр,KAIDA-P0257,Икра осетра,MAPPED_RULE,CAVIAR_SPECIES,0.97,R14,PRODUCT,Черная икра,"{""measurements"":[{""kind"":""value"",""value"":100.0,""unit"":""g"",""raw"":""100гр""}],""percentages"":[],""calibres"":[],""process"":[]}",Чёрная икра,1,1
MAP-00662,Чёрная икра русского осетра 250гр,KAIDA-P0257,Икра осетра,MAPPED_RULE,CAVIAR_SPECIES,0.97,R14,PRODUCT,Черная икра,"{""measurements"":[{""kind"":""value"",""value"":250.0,""unit"":""g"",""raw"":""250гр""}],""percentages"":[],""calibres"":[],""process"":[]}",Чёрная икра,1,1
MAP-00663,Чёрная икра русского осетра 500гр,KAIDA-P0257,Икра осетра,MAPPED_RULE,CAVIAR_SPECIES,0.97,R14,PRODUCT,Черная икра,"{""measurements"":[{""kind"":""value"",""value"":500.0,""unit"":""g"",""raw"":""500гр""}],""percentages"":[],""calibres"":[],""process"":[]}",Чёрная икра,1,1
MAP-00664,Чёрная икра русского осетра 50гр,KAIDA-P0257,Икра осетра,MAPPED_RULE,CAVIAR_SPECIES,0.97,R14,PRODUCT,Черная икра,"{""measurements"":[{""kind"":""value"",""value"":50.0,""unit"":""g"",""raw"":""50гр""}],""percentages"":[],""calibres"":[],""process"":[]}",Чёрная икра,1,1
MAP-00665,Чёрная икра Сибирского осетра Hakobyan 100гр,KAIDA-P0257,Икра осетра,MAPPED_RULE,CAVIAR_SPECIES,0.97,R14,PRODUCT,Черная икра,"{""measurements"":[{""kind"":""value"",""value"":100.0,""unit"":""g"",""raw"":""100гр""}],""percentages"":[],""calibres"":[],""process"":[]}",Чёрная икра,1,1
MAP-00666,Чёрная икра Сибирского осетра Hakobyan 200гр,KAIDA-P0257,Икра осетра,MAPPED_RULE,CAVIAR_SPECIES,0.97,R14,PRODUCT,Черная икра,"{""measurements"":[{""kind"":""value"",""value"":200.0,""unit"":""g"",""raw"":""200гр""}],""percentages"":[],""calibres"":[],""process"":[]}",Чёрная икра,1,1
MAP-00667,Чёрная икра Сибирского осетра Hakobyan 250гр,KAIDA-P0257,Икра осетра,MAPPED_RULE,CAVIAR_SPECIES,0.97,R14,PRODUCT,Черная икра,"{""measurements"":[{""kind"":""value"",""value"":250.0,""unit"":""g"",""raw"":""250гр""}],""percentages"":[],""calibres"":[],""process"":[]}",Чёрная икра,1,1
MAP-00668,Чёрная икра Сибирского осетра Hakobyan 50гр,KAIDA-P0257,Икра осетра,MAPPED_RULE,CAVIAR_SPECIES,0.97,R14,PRODUCT,Черная икра,"{""measurements"":[{""kind"":""value"",""value"":50.0,""unit"":""g"",""raw"":""50гр""}],""percentages"":[],""calibres"":[],""process"":[]}",Чёрная икра,1,1
MAP-00669,ШЕДЕВР Масло подсолнечное 5 л,KAIDA-P0643,Масло подсолнечное,MAPPED_AUTO_LEGACY,PHRASE_CANONICAL,0.96,LEGACY,PRODUCT,Бакалея,"{""measurements"":[{""kind"":""value"",""value"":5.0,""unit"":""l"",""raw"":""5 л""}],""percentages"":[],""calibres"":[],""process"":[]}",Масло подсолнечное,1,1
MAP-00670,ШИН-ЛАЙН Мороженое пломбир шоколадный бомба145 г,KAIDA-P0298,Мороженое пломбир,MAPPED_AUTO_LEGACY,PHRASE_CANONICAL,0.96,LEGACY,PRODUCT,Глубокая заморозка,"{""measurements"":[{""kind"":""value"",""value"":145.0,""unit"":""g"",""raw"":""145 г""}],""percentages"":[],""calibres"":[],""process"":[]}",Мороженое пломбир,1,1
MAP-00671,Шоколадное масло Гхи 500гр,KAIDA-P0293,Масло топлёное,MAPPED_AUTO_LEGACY,PHRASE_ALIAS,0.93,LEGACY,PRODUCT,ЭКО продукты собственное производство,"{""measurements"":[{""kind"":""value"",""value"":500.0,""unit"":""g"",""raw"":""500гр""}],""percentages"":[],""calibres"":[],""process"":[]}",Масло топлёное,1,1
MAP-00672,Шпинат,KAIDA-P0407,Шпинат,MAPPED_AUTO,EXACT_CANONICAL,0.99,BASE_MATCH,PRODUCT,Гарниры,"{""measurements"":[],""percentages"":[],""calibres"":[],""process"":[]}",Шпинат,1,1
MAP-00673,Шубат,KAIDA-P0286,Шубат,MAPPED_AUTO,EXACT_CANONICAL,0.99,BASE_MATCH,PRODUCT,Молочные продукты,"{""measurements"":[],""percentages"":[],""calibres"":[],""process"":[]}",Шубат,1,1
MAP-00674,Шұжық,KAIDA-P0059,Шужук из конины,MAPPED_AUTO,EXACT_ALIAS,0.97,BASE_MATCH,PRODUCT,Жылқы еті,"{""measurements"":[],""percentages"":[],""calibres"":[],""process"":[]}",Шужук из конины,1,1
MAP-00675,Эсколар,KAIDA-P0209,Масляная рыба,MAPPED_AUTO,EXACT_ALIAS,0.97,BASE_MATCH,PRODUCT,Солено-копченая рыба,"{""measurements"":[],""percentages"":[],""calibres"":[],""process"":[]}",Масляная рыба,1,1
MAP-00676,ЯМИШ YAMISH Яблоко голден делишес кг,KAIDA-P0434,Яблоко голден,MAPPED_AUTO_LEGACY,PHRASE_CANONICAL,0.96,LEGACY,PRODUCT,Фрукты,"{""measurements"":[],""percentages"":[],""calibres"":[],""process"":[]}",Яблоко голден,1,1
MAP-00677,ЯРМАРКА Чечевица красная 700 г,KAIDA-P0568,Чечевица красная,MAPPED_AUTO_LEGACY,PHRASE_CANONICAL,0.96,LEGACY,PRODUCT,Бакалея,"{""measurements"":[{""kind"":""value"",""value"":700.0,""unit"":""g"",""raw"":""700 г""}],""percentages"":[],""calibres"":[],""process"":[]}",Чечевица красная,1,1
MAP-00678,Бедро (кг),KAIDA-P0091,Куриное бедро,MAPPED_RULE,BRANCH_CONTEXT_CHICKEN,0.92,R11,PRODUCT,Прочие мясные продукты,"{""measurements"":[],""percentages"":[],""calibres"":[],""process"":[]}",Куриное бедро,21,21
MAP-00679,Голень (кг),KAIDA-P0092,Куриная голень,MAPPED_RULE,BRANCH_CONTEXT_CHICKEN,0.92,R11,PRODUCT,Прочие мясные продукты,"{""measurements"":[],""percentages"":[],""calibres"":[],""process"":[]}",Куриная голень,21,21
MAP-00680,Грудинка (кг),KAIDA-P0090,Куриная грудка,MAPPED_RULE,BRANCH_CONTEXT_CHICKEN,0.92,R11,PRODUCT,Прочие мясные продукты,"{""measurements"":[],""percentages"":[],""calibres"":[],""process"":[]}",Говяжья грудинка,21,21
MAP-00681,Каркас (кг),KAIDA-P0797,Куриный каркас,MAPPED_RULE,BRANCH_CONTEXT_CHICKEN,0.92,R11,PRODUCT,Прочие мясные продукты,"{""measurements"":[],""percentages"":[],""calibres"":[],""process"":[]}",Карась,21,21
MAP-00682,Крылышки (кг),KAIDA-P0093,Куриное крыло,MAPPED_RULE,BRANCH_CONTEXT_CHICKEN,0.92,R11,PRODUCT,Прочие мясные продукты,"{""measurements"":[],""percentages"":[],""calibres"":[],""process"":[]}",Куриное крыло,21,21
MAP-00683,Печень (кг),KAIDA-P0138,Куриная печень,MAPPED_RULE,BRANCH_CONTEXT_CHICKEN,0.92,R11,PRODUCT,Прочие мясные продукты,"{""measurements"":[],""percentages"":[],""calibres"":[],""process"":[]}",Говяжья печень,21,21
MAP-00684,Сердце (кг),KAIDA-P0847,Куриное сердце,MAPPED_RULE,BRANCH_CONTEXT_CHICKEN,0.92,R11,PRODUCT,Прочие мясные продукты,"{""measurements"":[],""percentages"":[],""calibres"":[],""process"":[]}",Говяжье сердце,21,21
MAP-00685,Филе (кг),KAIDA-P0089,Куриное филе,MAPPED_RULE,BRANCH_CONTEXT_CHICKEN,0.92,R11,PRODUCT,Прочие мясные продукты,"{""measurements"":[],""percentages"":[],""calibres"":[],""process"":[]}",Говяжье филе,21,21
MAP-00686,Самса с курицей,KAIDA-P0690,Самса,MAPPED_USER,USER_BATCH1,1.0,USER_B01,PRODUCT,Витрина | Выпечка | Полуфабрикаты | Самса и хачапури,"{""measurements"":[],""percentages"":[],""calibres"":[],""process"":[],""filling_text"":""курицей""}",Самса,16,16
MAP-00687,Спагетти болоньезе,KAIDA-P0830,Спагетти болоньезе,MAPPED_RULE,NAMED_READY_DISH,0.98,R07,READY_DISH,Итальянская кухня | Паста | Паста фреш | Фреш паста,"{""measurements"":[],""percentages"":[],""calibres"":[],""process"":[]}",Спагетти,14,14
MAP-00689,Греческий салат,KAIDA-P0831,Греческий салат,MAPPED_RULE,NAMED_READY_DISH,0.98,R07,READY_DISH,Закуски/Салаты | КУХНЯ | Салаты,"{""measurements"":[],""percentages"":[],""calibres"":[],""process"":[]}",Йогурт греческий,12,12
MAP-00690,Павлова,KAIDA-P0858,Павлова,MAPPED_RULE,I3_HIGH_IMPACT,0.97,R12,READY_DISH,Десерты | Пирожное | Пирожные | Тәттілер,"{""measurements"":[],""percentages"":[],""calibres"":[],""process"":[]}",Плотва,12,12
MAP-00691,Самса с говядиной,KAIDA-P0690,Самса,MAPPED_USER,USER_BATCH1,1.0,USER_B01,PRODUCT,Витрина | Полуфабрикаты | Самса и хачапури,"{""measurements"":[],""percentages"":[],""calibres"":[],""process"":[],""filling_text"":""говядиной""}",Самса,12,12
MAP-00692,Молочная девочка,KAIDA-P0810,Торт Молочная девочка,MAPPED_RULE,CAKE_RECIPE,0.96,R12,READY_DISH,Десерты | Торт | Торты | Торты по предзаказу | Целые торты,"{""measurements"":[],""percentages"":[],""calibres"":[],""process"":[]}",Сыворотка молочная,11,11
MAP-00693,Рибай стейк,KAIDA-P0017,Говяжий рибай,MAPPED_RULE,I3_HIGH_IMPACT,0.95,I3-HIGH,READY_DISH,Говядина | Горячее | Хоспер,"{""measurements"":[],""percentages"":[],""calibres"":[],""process"":[]}",Говяжий рибай,11,5
MAP-00694,«Банан» торты | Торт «Банановый»,KAIDA-P0850,Торт Банановый,MAPPED_USER,USER_BATCH1_NEW_PRODUCT,1.0,USER_B01,READY_DISH,Торт,"{""measurements"":[],""percentages"":[],""calibres"":[],""process"":[]}",Банан,8,8
MAP-00695,«Қызыл мақпал» торты | Торт «Красный бархат»,KAIDA-P0866,Торт Красный бархат,MAPPED_RULE,I3_HIGH_IMPACT,0.95,I3-HIGH,READY_DISH,Торт,"{""measurements"":[],""percentages"":[],""calibres"":[],""process"":[]}",Лук красный,8,8
MAP-00696,«Құлпынай» торт | Торт «Клубника»,KAIDA-P0851,Торт Клубничный,MAPPED_USER,USER_BATCH1_NEW_PRODUCT,1.0,USER_B01,READY_DISH,Торт,"{""measurements"":[],""percentages"":[],""calibres"":[],""process"":[]}",Клубника,8,8
MAP-00697,Алмалы круассан | Яблочный круассан,KAIDA-P0693,Круассан,MAPPED_RULE,BAKERY_BASE,0.94,R03,READY_DISH,Выпечка | Нан өнімдері,"{""measurements"":[],""percentages"":[],""calibres"":[],""process"":[]}",Круассан,8,8
MAP-00699,Картоп қосылған нан | Пирожок с картошкой,KAIDA-P0691,Пирожок,MAPPED_USER,USER_BATCH1,1.0,USER_B01,PRODUCT,Выпечка | Нан өнімдері,"{""measurements"":[],""percentages"":[],""calibres"":[],""process"":[],""filling_text"":""картошкой""}",Пирожок,8,8
MAP-00700,Картофель фри,KAIDA-P0826,Картофель фри,MAPPED_USER,USER_BATCH1_NEW_PRODUCT,1.0,USER_B01,READY_DISH,Гарниры | Закуски | Картофель фри,"{""measurements"":[],""percentages"":[],""calibres"":[],""process"":[]}",Картофель,8,8
MAP-00701,Классикалық круассан | Классический круассан,KAIDA-P0693,Круассан,MAPPED_RULE,BAKERY_BASE,0.94,R03,READY_DISH,Выпечка | Нан өнімдері,"{""measurements"":[],""percentages"":[],""calibres"":[],""process"":[]}",Круассан,8,8
MAP-00702,Круассан-cэндвич с курицей,KAIDA-P0816,Круассан-сэндвич,MAPPED_RULE,CROISSANT_SANDWICH,0.9,R12,READY_DISH,Выпечка | Нан өнімдері,"{""measurements"":[],""percentages"":[],""calibres"":[],""process"":[],""filling_text"":""курицей""}",Круассан,8,8
MAP-00703,Манго-Маракуйя макаронсы | Макаронс Манго-Маракуйя,KAIDA-P0812,Макаронс,MAPPED_RULE,MACARONS_BASE,0.92,R12,READY_DISH,Пирожное | Тәттілер,"{""measurements"":[],""percentages"":[],""calibres"":[],""process"":[]}",Маракуйя,8,8
MAP-00704,Пирог лимонный | Лимон бәліші,KAIDA-P0852,Лимонный пирог,MAPPED_USER,USER_BATCH1_NEW_PRODUCT,1.0,USER_B01,READY_DISH,Бәліш | Пирог,"{""measurements"":[],""percentages"":[],""calibres"":[],""process"":[]}",Лимон,8,8
MAP-00705,Пісте-Таңқурай макаронсы | Макаронс Фисташка-Малина,KAIDA-P0812,Макаронс,MAPPED_RULE,MACARONS_BASE,0.92,R12,READY_DISH,Пирожное | Тәттілер,"{""measurements"":[],""percentages"":[],""calibres"":[],""process"":[]}",Малина,8,8
MAP-00706,Самса с мясом,KAIDA-P0690,Самса,MAPPED_RULE,BAKERY_BASE,0.95,R03,READY_DISH,Выпечка | Домашняя выпечка,"{""measurements"":[],""percentages"":[],""calibres"":[],""process"":[],""filling_text"":""мясом""}",Самса,8,8
MAP-00707,Самса Томпақ ( мясом),KAIDA-P0690,Самса,MAPPED_RULE,BAKERY_BASE,0.95,R03,READY_DISH,Выпечка | Нан өнімдері,"{""measurements"":[],""percentages"":[],""calibres"":[],""process"":[]}",Самса,8,8
MAP-00708,Самса Қызғалдақ ( с курицей),KAIDA-P0690,Самса,MAPPED_RULE,BAKERY_BASE,0.95,R03,READY_DISH,Выпечка | Нан өнімдері,"{""measurements"":[],""percentages"":[],""calibres"":[],""process"":[],""filling_text"":""курицей""}",Самса,8,8
MAP-00709,Сиыр еті қосылған самса | Самса с говядиной,KAIDA-P0690,Самса,MAPPED_RULE,BAKERY_BASE,0.95,R03,READY_DISH,Выпечка | Нан өнімдері,"{""measurements"":[],""percentages"":[],""calibres"":[],""process"":[],""filling_text"":""говядиной""}",Самса,8,8
MAP-00710,Тауық еті қосылған самса | Самса с курицей,KAIDA-P0690,Самса,MAPPED_RULE,BAKERY_BASE,0.95,R03,READY_DISH,Выпечка | Нан өнімдері,"{""measurements"":[],""percentages"":[],""calibres"":[],""process"":[],""filling_text"":""курицей""}",Самса,8,8
MAP-00711,Торт бенто қара орман | черный лес,KAIDA-P0867,Торт Чёрный лес,MAPPED_RULE,I3_HIGH_IMPACT,0.95,I3-HIGH,READY_DISH,Бенто торт,"{""measurements"":[],""percentages"":[],""calibres"":[],""process"":[]}",Чай чёрный,8,8
MAP-00712,Шоколадты круассан | Шоколадный круассан,KAIDA-P0693,Круассан,MAPPED_USER,USER_BATCH1,1.0,USER_B01,PRODUCT,Выпечка | Нан өнімдері,"{""measurements"":[],""percentages"":[],""calibres"":[],""process"":[]}",Круассан,8,8
MAP-00713,Шпинат пен брынза қосылған бөрек | Борек со шпинатом и брынзой,KAIDA-P0815,Борек,MAPPED_RULE,BAKERY_BASE,0.94,R03,READY_DISH,Выпечка | Нан өнімдері,"{""measurements"":[],""percentages"":[],""calibres"":[],""process"":[],""filling_text"":""шпинатом и брынзой""}",Брынза,8,8
MAP-00715,Қою кремді круассан | Круассан с заварным кремом,KAIDA-P0693,Круассан,MAPPED_RULE,BAKERY_BASE,0.94,R03,READY_DISH,Выпечка | Нан өнімдері,"{""measurements"":[],""percentages"":[],""calibres"":[],""process"":[],""filling_text"":""заварным кремом""}",Круассан,8,8
MAP-00716,Қырыққабат қосылған нан | Пирожок с капустой,KAIDA-P0691,Пирожок,MAPPED_USER,USER_BATCH1,1.0,USER_B01,PRODUCT,Выпечка | Нан өнімдері,"{""measurements"":[],""percentages"":[],""calibres"":[],""process"":[],""filling_text"":""капустой""}",Пирожок,8,8
MAP-00717,Құлпынай-Милкшейк макаронсы | Макаронс Клубника-Милкшейк,KAIDA-P0812,Макаронс,MAPPED_RULE,MACARONS_BASE,0.92,R12,READY_DISH,Пирожное | Тәттілер,"{""measurements"":[],""percentages"":[],""calibres"":[],""process"":[]}",Клубника,8,8
MAP-00718,Құс сүті | Птичье молоко,KAIDA-P0849,Птичье молоко,MAPPED_USER,USER_BATCH1_NEW_PRODUCT,1.0,USER_B01,READY_DISH,Пирожное | Тәттілер,"{""measurements"":[],""percentages"":[],""calibres"":[],""process"":[]}",Молоко коровье,8,8
MAP-00723,Жидек шайы | Чай ягодный 300 мл,KAIDA-P0839,Чай ягодный (напиток),MAPPED_RULE,PREPARED_TEA,0.95,R08,READY_DISH,Чаи | Шай,"{""measurements"":[{""kind"":""value"",""value"":300.0,""unit"":""ml"",""raw"":""300 мл""}],""percentages"":[],""calibres"":[],""process"":[]}",Чай чёрный,7,7
MAP-00724,Жидек шайы | Чай ягодный 800 мл,KAIDA-P0839,Чай ягодный (напиток),MAPPED_RULE,PREPARED_TEA,0.95,R08,READY_DISH,Чаи | Шай,"{""measurements"":[{""kind"":""value"",""value"":800.0,""unit"":""ml"",""raw"":""800 мл""}],""percentages"":[],""calibres"":[],""process"":[]}",Чай чёрный,7,7
MAP-00725,Мароккан шайы | Чай марокканский 300 мл,KAIDA-P0840,Чай марокканский,MAPPED_RULE,PREPARED_TEA,0.95,R08,READY_DISH,Чаи | Шай,"{""measurements"":[{""kind"":""value"",""value"":300.0,""unit"":""ml"",""raw"":""300 мл""}],""percentages"":[],""calibres"":[],""process"":[]}",Чай чёрный,7,7
MAP-00726,Мароккан шайы | Чай марокканский 800 мл,KAIDA-P0840,Чай марокканский,MAPPED_RULE,PREPARED_TEA,0.95,R08,READY_DISH,Чаи | Шай,"{""measurements"":[{""kind"":""value"",""value"":800.0,""unit"":""ml"",""raw"":""800 мл""}],""percentages"":[],""calibres"":[],""process"":[]}",Чай чёрный,7,7
MAP-00727,Молочный улун,KAIDA-P0846,Молочный улун,MAPPED_RULE,MILK_OOLONG,0.99,R06,PRODUCT,Листовые чаи | Чай,"{""measurements"":[],""percentages"":[],""calibres"":[],""process"":[]}",Молочный коктейль,7,7
MAP-00728,Окрошка,KAIDA-P0820,Окрошка,MAPPED_RULE,NAMED_SOUP,0.97,R04,READY_DISH,Блюда | Супы,"{""measurements"":[],""percentages"":[],""calibres"":[],""process"":[]}",Картофель,7,7
MAP-00730,Рисовая каша,KAIDA-P0832,Рисовая каша,MAPPED_RULE,NAMED_READY_DISH,0.98,R07,READY_DISH,Завтраки | Завтраки от 11:00 до 12:30,"{""measurements"":[],""percentages"":[],""calibres"":[],""process"":[]}",Лапша рисовая,7,7
MAP-00731,"СЛИВКИ ПЕТРОПАВЛОВСКИЕ 10%, 500 МЛ",KAIDA-P0272,Сливки,MAPPED_USER,USER_BATCH1,1.0,USER_B01,PRODUCT,молочные продукты,"{""measurements"":[{""kind"":""value"",""value"":500.0,""unit"":""ml"",""raw"":""500 МЛ""}],""percentages"":[10.0],""calibres"":[],""process"":[]}",Сливки,7,7
MAP-00732,Ташкент шайы | Чай ташкенский 300 мл,KAIDA-P0841,Чай ташкентский,MAPPED_RULE,PREPARED_TEA,0.95,R08,READY_DISH,Чаи | Шай,"{""measurements"":[{""kind"":""value"",""value"":300.0,""unit"":""ml"",""raw"":""300 мл""}],""percentages"":[],""calibres"":[],""process"":[]}",Чай чёрный,7,7
MAP-00733,Ташкент шайы | Чай ташкенский 800 мл,KAIDA-P0841,Чай ташкентский,MAPPED_RULE,PREPARED_TEA,0.95,R08,READY_DISH,Чаи | Шай,"{""measurements"":[{""kind"":""value"",""value"":800.0,""unit"":""ml"",""raw"":""800 мл""}],""percentages"":[],""calibres"":[],""process"":[]}",Чай чёрный,7,7
MAP-00736,Пирожок с картошкой,KAIDA-P0691,Пирожок,MAPPED_RULE,BAKERY_BASE,0.95,R03,READY_DISH,Витрина | Выпечка,"{""measurements"":[],""percentages"":[],""calibres"":[],""process"":[],""filling_text"":""картошкой""}",Пирожок,6,6
MAP-00737,Самса с сыром,KAIDA-P0690,Самса,MAPPED_USER,USER_BATCH1,1.0,USER_B01,PRODUCT,Выпечка | Кулинария | Самса и хачапури,"{""measurements"":[],""percentages"":[],""calibres"":[],""process"":[],""filling_text"":""сыром""}",Самса,6,6
MAP-00750,Красный бархат,KAIDA-P0866,Торт Красный бархат,MAPPED_RULE,I3_HIGH_IMPACT,0.95,I3-HIGH,READY_DISH,Десерты | Торты,"{""measurements"":[],""percentages"":[],""calibres"":[],""process"":[]}",Лук красный,5,5
MAP-00760,Алатская самса,KAIDA-P0690,Самса,MAPPED_RULE,BAKERY_BASE,0.95,R03,READY_DISH,Домашняя выпечка,"{""measurements"":[],""percentages"":[],""calibres"":[],""process"":[]}",Самса,4,4
MAP-00761,Апельсиновый фреш,KAIDA-P0843,Фреш апельсиновый,MAPPED_RULE,FRESH_CONTEXT,0.98,R08,READY_DISH,Смузи и фреши | Холодные напитки,"{""measurements"":[],""percentages"":[],""calibres"":[],""process"":[]}",Сок апельсиновый,4,4
MAP-00786,Колбаски-гриль говядина,KAIDA-P0789,Колбаса,MAPPED_RULE,SAUSAGE_BASE,0.82,R16,PRODUCT,Говядина,"{""measurements"":[],""percentages"":[],""calibres"":[],""process"":[]}",Говядина,4,2
MAP-00787,Колбаски-гриль острые (говядина),KAIDA-P0789,Колбаса,MAPPED_RULE,SAUSAGE_BASE,0.82,R16,PRODUCT,Говядина,"{""measurements"":[],""percentages"":[],""calibres"":[],""process"":[]}",Говядина,4,2
MAP-00788,Круассан спайси креветками и со скремблом,KAIDA-P0693,Круассан,MAPPED_RULE,BAKERY_BASE,0.94,R03,READY_DISH,Завтраки,"{""measurements"":[],""percentages"":[],""calibres"":[],""process"":[],""filling_text"":""скремблом""}",Круассан,4,4
MAP-00795,"Латте курт 0,3L",KAIDA-P0835,Латте,MAPPED_RULE,COFFEE_TYPE,0.97,R01,READY_DISH,Горячий кофе,"{""measurements"":[{""kind"":""value"",""value"":0.3,""unit"":""l"",""raw"":""0,3L""}],""percentages"":[],""calibres"":[],""process"":[]}",Курт,4,3
MAP-00796,"Латте тары 0,3L",KAIDA-P0835,Латте,MAPPED_RULE,COFFEE_TYPE,0.97,R01,READY_DISH,Горячий кофе,"{""measurements"":[{""kind"":""value"",""value"":0.3,""unit"":""l"",""raw"":""0,3L""}],""percentages"":[],""calibres"":[],""process"":[]}",Тары,4,3
MAP-00810,Рамен сливочный с креветками,KAIDA-P0217,Креветка,MAPPED_RULE,SHRIMP_GENERIC,0.92,R15,PRODUCT,Паназия,"{""measurements"":[],""percentages"":[],""calibres"":[],""process"":[]}",Крем-сыр,4,4
MAP-00813,Салат с запеченной семгой в соусе терияки,KAIDA-P0173,Атлантический лосось,MAPPED_RULE,SEMGA_ALIAS,0.98,R13,PRODUCT,Салаты,"{""measurements"":[],""percentages"":[],""calibres"":[],""process"":[]}",Терияки соус,4,4
MAP-00814,Салат с запеченной семгой и соусом терияки,KAIDA-P0173,Атлантический лосось,MAPPED_RULE,SEMGA_ALIAS,0.98,R13,PRODUCT,Салаты,"{""measurements"":[],""percentages"":[],""calibres"":[],""process"":[]}",Терияки соус,4,4
MAP-00818,Самса с курочкой и сыром,KAIDA-P0690,Самса,MAPPED_RULE,BAKERY_BASE,0.95,R03,READY_DISH,Домашняя выпечка,"{""measurements"":[],""percentages"":[],""calibres"":[],""process"":[],""filling_text"":""курочкой и сыром""}",Самса,4,4
MAP-00819,Самса с тыквой,KAIDA-P0690,Самса,MAPPED_RULE,BAKERY_BASE,0.95,R03,READY_DISH,Витрина | Выпечка,"{""measurements"":[],""percentages"":[],""calibres"":[],""process"":[],""filling_text"":""тыквой""}",Самса,4,4
MAP-00820,Самса с тыквой и говядиной,KAIDA-P0690,Самса,MAPPED_RULE,BAKERY_BASE,0.95,R03,READY_DISH,Самса и хачапури,"{""measurements"":[],""percentages"":[],""calibres"":[],""process"":[],""filling_text"":""тыквой и говядиной""}",Самса,4,4
MAP-00840,ЧЕРНЫЙ ЛЕС,KAIDA-P0867,Торт Чёрный лес,MAPPED_RULE,I3_HIGH_IMPACT,0.95,I3-HIGH,READY_DISH,НА БАНКЕТЫ | ПИРОЖНЫЕ | Сезонные Наполеоны | ТОРТЫ масовочные,"{""measurements"":[],""percentages"":[],""calibres"":[],""process"":[]}",Хлеб ржаной,4,2
MAP-00853,Борек шпинат-брынза,KAIDA-P0815,Борек,MAPPED_RULE,BAKERY_BASE,0.94,R03,READY_DISH,Выпечка,"{""measurements"":[],""percentages"":[],""calibres"":[],""process"":[]}",Брынза,3,3
MAP-00854,Боул с киноа и креветками,KAIDA-P0217,Креветка,MAPPED_RULE,SHRIMP_GENERIC,0.92,R15,PRODUCT,Здоровое питание,"{""measurements"":[],""percentages"":[],""calibres"":[],""process"":[]}",Киноа,3,3
MAP-00856,Восточная самса с курицей,KAIDA-P0690,Самса,MAPPED_RULE,BAKERY_BASE,0.95,R03,READY_DISH,Выпечка,"{""measurements"":[],""percentages"":[],""calibres"":[],""process"":[],""filling_text"":""курицей""}",Самса,3,3
MAP-00857,Восточная самса с мясом,KAIDA-P0690,Самса,MAPPED_RULE,BAKERY_BASE,0.95,R03,READY_DISH,Выпечка,"{""measurements"":[],""percentages"":[],""calibres"":[],""process"":[],""filling_text"":""мясом""}",Самса,3,3
MAP-00858,Заварной круассан,KAIDA-P0693,Круассан,MAPPED_RULE,BAKERY_BASE,0.94,R03,READY_DISH,Пирожные,"{""measurements"":[],""percentages"":[],""calibres"":[],""process"":[]}",Круассан,3,3
MAP-00868,Креветки пивные,KAIDA-P0217,Креветка,MAPPED_RULE,SHRIMP_GENERIC,0.92,R15,PRODUCT,Закуски к пиву | Креветки,"{""measurements"":[],""percentages"":[],""calibres"":[],""process"":[]}",Креветка,3,2
MAP-00869,Круассан с курицей,KAIDA-P0816,Круассан-сэндвич,MAPPED_RULE,CROISSANT_SANDWICH,0.9,R12,READY_DISH,Бранч Сэндвичи | Выпечка | Сендвичи,"{""measurements"":[],""percentages"":[],""calibres"":[],""process"":[],""filling_text"":""курицей""}",Круассан,3,3
MAP-00872,Макаронс,KAIDA-P0812,Макаронс,MAPPED_RULE,MACARONS_BASE,0.92,R12,READY_DISH,Пирожные,"{""measurements"":[],""percentages"":[],""calibres"":[],""process"":[]}",Макароны,3,3
MAP-00873,"Марокканский чай 1,6L",KAIDA-P0840,Чай марокканский,MAPPED_RULE,PREPARED_TEA,0.95,R08,READY_DISH,Чай,"{""measurements"":[{""kind"":""value"",""value"":1.6,""unit"":""l"",""raw"":""1,6L""}],""percentages"":[],""calibres"":[],""process"":[]}",Чай чёрный,3,3
MAP-00879,Пирожок с капустой,KAIDA-P0691,Пирожок,MAPPED_RULE,BAKERY_BASE,0.95,R03,READY_DISH,Выпечка,"{""measurements"":[],""percentages"":[],""calibres"":[],""process"":[],""filling_text"":""капустой""}",Пирожок,3,3
MAP-00880,Пирожок с яйцом и луком,KAIDA-P0691,Пирожок,MAPPED_RULE,BAKERY_BASE,0.95,R03,READY_DISH,Витрина,"{""measurements"":[],""percentages"":[],""calibres"":[],""process"":[],""filling_text"":""яйцом и луком""}",Пирожок,3,3
MAP-00881,Пицца с сыром страчателла,KAIDA-P0822,Пицца,MAPPED_RULE,PIZZA_BASE,0.9,R12,READY_DISH,Итальянская кухня,"{""measurements"":[],""percentages"":[],""calibres"":[],""process"":[]}",Страчателла,3,3
MAP-00882,ПТИЧЬЕ МОЛОКО,KAIDA-P0849,Птичье молоко,MAPPED_RULE,DESSERT_PICHYE_MOLOKO,0.98,R06,READY_DISH,Десерты | ПИРОЖНЫЕ | ТОРТЫ масовочные,"{""measurements"":[],""percentages"":[],""calibres"":[],""process"":[]}",Молоко коровье,3,2
MAP-00883,Рис отварной,KAIDA-P0828,Рис отварной,MAPPED_AUTO,EXACT_CANONICAL,0.99,BASE_MATCH,PRODUCT,Гарниры | Дополнительное,"{""measurements"":[],""percentages"":[],""calibres"":[],""process"":[]}",Рис,3,3
MAP-00884,Рисовая каша с клубникой и киви,KAIDA-P0832,Рисовая каша,MAPPED_RULE,NAMED_READY_DISH,0.98,R07,READY_DISH,СЛАДКИЕ ЗАВТРАКИ,"{""measurements"":[],""percentages"":[],""calibres"":[],""process"":[]}",Киви,3,3
MAP-00889,Слойка с творогом,KAIDA-P0692,Слойка,MAPPED_RULE,BAKERY_BASE,0.94,R03,READY_DISH,Выпечка,"{""measurements"":[],""percentages"":[],""calibres"":[],""process"":[],""filling_text"":""творогом""}",Слойка,3,3
MAP-00890,Слойка с яблоком,KAIDA-P0692,Слойка,MAPPED_RULE,BAKERY_BASE,0.94,R03,READY_DISH,Выпечка,"{""measurements"":[],""percentages"":[],""calibres"":[],""process"":[],""filling_text"":""яблоком""}",Слойка,3,3
MAP-00892,Спагетти с креветками в шпинатном соусе,KAIDA-P0217,Креветка,MAPPED_RULE,SHRIMP_GENERIC,0.92,R15,PRODUCT,Паста,"{""measurements"":[],""percentages"":[],""calibres"":[],""process"":[]}",Спагетти,3,3
MAP-00895,Сырники с кремом маскарпоне и свежими ягодами,KAIDA-P0825,Сырники,MAPPED_RULE,SYRNIKI_BASE,0.94,R12,PRODUCT,СЛАДКИЕ ЗАВТРАКИ,"{""measurements"":[],""percentages"":[],""calibres"":[],""process"":[]}",Маскарпоне,3,3
MAP-00902,"Фруктово-манговый лимонад с мороженым 0,4L",KAIDA-P0721,Лимонад,MAPPED_RULE,LEMONADE_BASE,0.94,R03,READY_DISH,Лимонады,"{""measurements"":[{""kind"":""value"",""value"":0.4,""unit"":""l"",""raw"":""0,4L""}],""percentages"":[],""calibres"":[],""process"":[],""flavor_text"":""с мороженым""}",Лимонад,3,3
MAP-00903,"Фруктово-ягодный лимонад с мороженым 0,4L",KAIDA-P0721,Лимонад,MAPPED_RULE,LEMONADE_BASE,0.94,R03,READY_DISH,Лимонады,"{""measurements"":[{""kind"":""value"",""value"":0.4,""unit"":""l"",""raw"":""0,4L""}],""percentages"":[],""calibres"":[],""process"":[],""flavor_text"":""с мороженым""}",Лимонад,3,3
MAP-00913,Шоколадный круассан,KAIDA-P0693,Круассан,MAPPED_RULE,BAKERY_BASE,0.94,R03,READY_DISH,Пирожные,"{""measurements"":[],""percentages"":[],""calibres"":[],""process"":[]}",Круассан,3,3
MAP-00928,Банан 450мл,KAIDA-P0460,Банан,MAPPED_AUTO,QUANT_STRIPPED_CANONICAL,0.93,BASE_MATCH,PRODUCT,Молочные коктейли,"{""measurements"":[{""kind"":""value"",""value"":450.0,""unit"":""ml"",""raw"":""450мл""}],""percentages"":[],""calibres"":[],""process"":[]}",Банан,2,2
MAP-00931,Вяленая семга,KAIDA-P0173,Атлантический лосось,MAPPED_RULE,SEMGA_ALIAS,0.98,R13,PRODUCT,Закуски к пенному,"{""measurements"":[],""percentages"":[],""calibres"":[],""process"":[""dried""]}",Атлантический лосось,2,2
MAP-00934,Гранатовый Лимонад,KAIDA-P0721,Лимонад,MAPPED_RULE,LEMONADE_BASE,0.94,R03,READY_DISH,БЕЗАЛКОГОЛЬНЫЕ НАПИТКИ | Лимонады,"{""measurements"":[],""percentages"":[],""calibres"":[],""process"":[]}",Лимонад,2,2
MAP-00937,"Икра ""Обкомовская"" лососевая, вес 140 гр .",KAIDA-P0252,Красная икра,MAPPED_RULE,CAVIAR_GENERIC,0.94,R14,PRODUCT,Икра красная,"{""measurements"":[{""kind"":""value"",""value"":140.0,""unit"":""g"",""raw"":""140 гр""}],""percentages"":[],""calibres"":[],""process"":[]}",Красная икра,2,1
MAP-00941,Какао 360мл,KAIDA-P0844,Какао (напиток),MAPPED_RULE,COCOA_DRINK_CONTEXT,0.98,R08,READY_DISH,Детские напитки,"{""measurements"":[{""kind"":""value"",""value"":360.0,""unit"":""ml"",""raw"":""360мл""}],""percentages"":[],""calibres"":[],""process"":[]}",Какао-порошок,2,2
MAP-00947,Клубничный какао 360мл,KAIDA-P0844,Какао (напиток),MAPPED_RULE,COCOA_DRINK_CONTEXT,0.98,R08,READY_DISH,Детские напитки,"{""measurements"":[{""kind"":""value"",""value"":360.0,""unit"":""ml"",""raw"":""360мл""}],""percentages"":[],""calibres"":[],""process"":[]}",Какао-порошок,2,2
MAP-00948,Компот 500 мл,KAIDA-P0719,Компот,MAPPED_AUTO,QUANT_STRIPPED_CANONICAL,0.93,BASE_MATCH,PRODUCT,Напитки,"{""measurements"":[{""kind"":""value"",""value"":500.0,""unit"":""ml"",""raw"":""500 мл""}],""percentages"":[],""calibres"":[],""process"":[]}",Компот,2,2
MAP-00952,Креветки 16/20 1кг б/г Эконом Индия SeaFood,KAIDA-P0217,Креветка,MAPPED_RULE,SHRIMP_GENERIC,0.92,R15,PRODUCT,All | Креветки,"{""measurements"":[{""kind"":""value"",""value"":1.0,""unit"":""kg"",""raw"":""1кг""}],""percentages"":[],""calibres"":[""16/20""],""process"":[],""calibre"":[""16/20""],""head"":""without_head""}",Креветка,2,1
MAP-00953,Креветки сырые без головы,KAIDA-P0217,Креветка,MAPPED_RULE,SHRIMP_GENERIC,0.92,R15,PRODUCT,Морепродукты,"{""measurements"":[],""percentages"":[],""calibres"":[],""process"":[],""head"":""without_head""}",Креветка,2,1
MAP-00954,Креветки тигровые,KAIDA-P0218,Креветка тигровая,MAPPED_RULE,SHRIMP_SUBTYPE,0.97,R15,PRODUCT,Морепродукты | Сашими,"{""measurements"":[],""percentages"":[],""calibres"":[],""process"":[]}",Креветка,2,2
MAP-00962,Латте гранат 360мл,KAIDA-P0835,Латте,MAPPED_RULE,COFFEE_TYPE,0.97,R01,READY_DISH,Фирменные напитки,"{""measurements"":[{""kind"":""value"",""value"":360.0,""unit"":""ml"",""raw"":""360мл""}],""percentages"":[],""calibres"":[],""process"":[]}",Гранат,2,2
MAP-00963,Латте черника 360мл,KAIDA-P0835,Латте,MAPPED_RULE,COFFEE_TYPE,0.97,R01,READY_DISH,Фирменные напитки,"{""measurements"":[{""kind"":""value"",""value"":360.0,""unit"":""ml"",""raw"":""360мл""}],""percentages"":[],""calibres"":[],""process"":[]}",Черника,2,2
MAP-00967,Морс 500 мл,KAIDA-P0718,Морс ягодный,MAPPED_AUTO,QUANT_STRIPPED_ALIAS,0.9,BASE_MATCH,PRODUCT,Напитки,"{""measurements"":[{""kind"":""value"",""value"":500.0,""unit"":""ml"",""raw"":""500 мл""}],""percentages"":[],""calibres"":[],""process"":[]}",Морс ягодный,2,2
MAP-00970,Пирожок Маргеланский,KAIDA-P0691,Пирожок,MAPPED_RULE,BAKERY_BASE,0.95,R03,READY_DISH,Заказные блюда,"{""measurements"":[],""percentages"":[],""calibres"":[],""process"":[]}",Пирожок,2,2
MAP-00976,сметана /40 гр,KAIDA-P0275,Сметана,MAPPED_AUTO,QUANT_STRIPPED_CANONICAL,0.93,BASE_MATCH,PRODUCT,КУХНЯ,"{""measurements"":[{""kind"":""value"",""value"":40.0,""unit"":""g"",""raw"":""40 гр""}],""percentages"":[],""calibres"":[],""process"":[]}",Сметана,2,2
MAP-00984,творог /100 гр,KAIDA-P0277,Творог,MAPPED_AUTO,QUANT_STRIPPED_CANONICAL,0.93,BASE_MATCH,PRODUCT,КУХНЯ,"{""measurements"":[{""kind"":""value"",""value"":100.0,""unit"":""g"",""raw"":""100 гр""}],""percentages"":[],""calibres"":[],""process"":[]}",Творог,2,2
MAP-00995,чай /500 мл,KAIDA-P0724,Чай чёрный,MAPPED_AUTO,QUANT_STRIPPED_ALIAS,0.9,BASE_MATCH,PRODUCT,БАР,"{""measurements"":[{""kind"":""value"",""value"":500.0,""unit"":""ml"",""raw"":""500 мл""}],""percentages"":[],""calibres"":[],""process"":[]}",Чай чёрный,2,2
MAP-00998,Чай Ташкентский,KAIDA-P0841,Чай ташкентский,MAPPED_AUTO,EXACT_CANONICAL,0.99,BASE_MATCH,PRODUCT,Авторский чай | Фирменные чаи,"{""measurements"":[],""percentages"":[],""calibres"":[],""process"":[]}",Чай чёрный,2,2
MAP-01022,ADAL Сметана 10% 180 г,KAIDA-P0275,Сметана,MAPPED_USER,USER_BATCH1,1.0,USER_B01,PRODUCT,Молочная продукция,"{""measurements"":[{""kind"":""value"",""value"":180.0,""unit"":""g"",""raw"":""180 г""}],""percentages"":[10.0],""calibres"":[],""process"":[]}",Сметана,1,1
MAP-01023,ADAL Сметана 10% 380 г,KAIDA-P0275,Сметана,MAPPED_USER,USER_BATCH1,1.0,USER_B01,PRODUCT,Молочная продукция,"{""measurements"":[{""kind"":""value"",""value"":380.0,""unit"":""g"",""raw"":""380 г""}],""percentages"":[10.0],""calibres"":[],""process"":[]}",Сметана,1,1
MAP-01024,ADAL Сметана 15% 180 г,KAIDA-P0275,Сметана,MAPPED_USER,USER_BATCH1,1.0,USER_B01,PRODUCT,Молочная продукция,"{""measurements"":[{""kind"":""value"",""value"":180.0,""unit"":""g"",""raw"":""180 г""}],""percentages"":[15.0],""calibres"":[],""process"":[]}",Сметана,1,1
MAP-01025,ADAL Сметана 15% 380 г,KAIDA-P0275,Сметана,MAPPED_USER,USER_BATCH1,1.0,USER_B01,PRODUCT,Молочная продукция,"{""measurements"":[{""kind"":""value"",""value"":380.0,""unit"":""g"",""raw"":""380 г""}],""percentages"":[15.0],""calibres"":[],""process"":[]}",Сметана,1,1
MAP-01026,ADAL Сметана 20% 180 г,KAIDA-P0275,Сметана,MAPPED_USER,USER_BATCH1,1.0,USER_B01,PRODUCT,Молочная продукция,"{""measurements"":[{""kind"":""value"",""value"":180.0,""unit"":""g"",""raw"":""180 г""}],""percentages"":[20.0],""calibres"":[],""process"":[]}",Сметана,1,1
MAP-01071,belVita Печенье с какао 225 г,KAIDA-P0738,Какао-порошок,MAPPED_RULE,COCOA_RAW_CONTEXT,0.96,R08,PRODUCT,Сладости,"{""measurements"":[{""kind"":""value"",""value"":225.0,""unit"":""g"",""raw"":""225 г""}],""percentages"":[],""calibres"":[],""process"":[]}",Какао-порошок,1,1
MAP-01072,BENTO-BOX С КРЕВЕТКАМИ/КАРТОФЕЛЬ ФРИ,KAIDA-P0826,Картофель фри,MAPPED_RULE,STRONG_TRANSFORMATION,0.99,R04,READY_DISH,MINI MENU,"{""measurements"":[],""percentages"":[],""calibres"":[],""process"":[]}",Картофель,1,1
MAP-01080,BLITZ Корм д/к кревет индейка 85 г,KAIDA-P0217,Креветка,MAPPED_RULE,SHRIMP_GENERIC,0.92,R15,PRODUCT,Корм и товары для животных,"{""measurements"":[{""kind"":""value"",""value"":85.0,""unit"":""g"",""raw"":""85 г""}],""percentages"":[],""calibres"":[],""process"":[]}",Индейка,1,1
MAP-01100,"Caravella Ante-forno Cocoa (Каравелла Анте-форно Какао), 13 кг. Италия",KAIDA-P0738,Какао-порошок,MAPPED_RULE,COCOA_RAW_CONTEXT,0.96,R08,PRODUCT,"Пасты Фисташковая, Шоколадные и  Шоколадно-ореховые","{""measurements"":[{""kind"":""value"",""value"":13.0,""unit"":""kg"",""raw"":""13 кг""}],""percentages"":[],""calibres"":[],""process"":[]}",Какао-порошок,1,1
MAP-01103,"Crea какао-масло в каллетах 100%, 10кг",KAIDA-P0738,Какао-порошок,MAPPED_RULE,COCOA_RAW_CONTEXT,0.96,R08,PRODUCT,шоколадные товары Crea,"{""measurements"":[{""kind"":""value"",""value"":10.0,""unit"":""kg"",""raw"":""10кг""}],""percentages"":[100.0],""calibres"":[],""process"":[]}",Какао-порошок,1,1
MAP-01104,"Crea какао-масло в каллетах 100%, 500гр",KAIDA-P0738,Какао-порошок,MAPPED_RULE,COCOA_RAW_CONTEXT,0.96,R08,PRODUCT,шоколадные товары Crea,"{""measurements"":[{""kind"":""value"",""value"":500.0,""unit"":""g"",""raw"":""500гр""}],""percentages"":[100.0],""calibres"":[],""process"":[]}",Какао-порошок,1,1
MAP-01134,DIZZY Лимонад fest berry 1 л,KAIDA-P0721,Лимонад,MAPPED_RULE,LEMONADE_BASE,0.94,R03,READY_DISH,Безалкогольные напитки,"{""measurements"":[{""kind"":""value"",""value"":1.0,""unit"":""l"",""raw"":""1 л""}],""percentages"":[],""calibres"":[],""process"":[],""flavor_text"":""fest berry""}",Лимонад,1,1
MAP-01235,HOLIDAY Лимонад 1 л,KAIDA-P0721,Лимонад,MAPPED_RULE,LEMONADE_BASE,0.94,R03,READY_DISH,Безалкогольные напитки,"{""measurements"":[{""kind"":""value"",""value"":1.0,""unit"":""l"",""raw"":""1 л""}],""percentages"":[],""calibres"":[],""process"":[]}",Лимонад,1,1
MAP-01236,HOLIDAY Лимонад 500 мл,KAIDA-P0721,Лимонад,MAPPED_RULE,LEMONADE_BASE,0.94,R03,READY_DISH,Безалкогольные напитки,"{""measurements"":[{""kind"":""value"",""value"":500.0,""unit"":""ml"",""raw"":""500 мл""}],""percentages"":[],""calibres"":[],""process"":[]}",Лимонад,1,1
MAP-01237,"HOLIDAY Лимонад газированный 1,5 л",KAIDA-P0721,Лимонад,MAPPED_RULE,LEMONADE_BASE,0.94,R03,READY_DISH,Безалкогольные напитки,"{""measurements"":[{""kind"":""value"",""value"":1.5,""unit"":""l"",""raw"":""1,5 л""}],""percentages"":[],""calibres"":[],""process"":[],""flavor_text"":""газированный""}",Лимонад,1,1
MAP-01238,"HOLIDAY Лимонад Лучший русский 2,5 л",KAIDA-P0721,Лимонад,MAPPED_RULE,LEMONADE_BASE,0.94,R03,READY_DISH,Безалкогольные напитки,"{""measurements"":[{""kind"":""value"",""value"":2.5,""unit"":""l"",""raw"":""2,5 л""}],""percentages"":[],""calibres"":[],""process"":[],""flavor_text"":""лучший русский""}",Лимонад,1,1
MAP-01239,HOLIDAY Лимонад Тархун 500 мл,KAIDA-P0722,Тархун напиток,MAPPED_RULE,LEMONADE_TARHUN,0.97,R08,READY_DISH,Безалкогольные напитки,"{""measurements"":[{""kind"":""value"",""value"":500.0,""unit"":""ml"",""raw"":""500 мл""}],""percentages"":[],""calibres"":[],""process"":[],""flavor_text"":""тархун""}",Лимонад,1,1
MAP-01305,LOTTE Choco Pie с какао 168 г,KAIDA-P0738,Какао-порошок,MAPPED_RULE,COCOA_RAW_CONTEXT,0.96,R08,PRODUCT,Сладости,"{""measurements"":[{""kind"":""value"",""value"":168.0,""unit"":""g"",""raw"":""168 г""}],""percentages"":[],""calibres"":[],""process"":[]}",Какао-порошок,1,1
MAP-01396,Milka Вафля с какао 30 г,KAIDA-P0738,Какао-порошок,MAPPED_RULE,COCOA_RAW_CONTEXT,0.96,R08,PRODUCT,Сладости,"{""measurements"":[{""kind"":""value"",""value"":30.0,""unit"":""g"",""raw"":""30 г""}],""percentages"":[],""calibres"":[],""process"":[]}",Какао-порошок,1,1
MAP-01397,Milka Паста ореховая с какао 350 г,KAIDA-P0738,Какао-порошок,MAPPED_RULE,COCOA_RAW_CONTEXT,0.96,R08,PRODUCT,Сладости,"{""measurements"":[{""kind"":""value"",""value"":350.0,""unit"":""g"",""raw"":""350 г""}],""percentages"":[],""calibres"":[],""process"":[]}",Какао-порошок,1,1
MAP-01409,OREO Печенье какао ваниль 95 г,KAIDA-P0738,Какао-порошок,MAPPED_RULE,COCOA_RAW_CONTEXT,0.96,R08,PRODUCT,Сладости,"{""measurements"":[{""kind"":""value"",""value"":95.0,""unit"":""g"",""raw"":""95 г""}],""percentages"":[],""calibres"":[],""process"":[]}",Какао-порошок,1,1
MAP-01410,OREO Печенье какао-ваниль 38 г,KAIDA-P0738,Какао-порошок,MAPPED_RULE,COCOA_RAW_CONTEXT,0.96,R08,PRODUCT,Сладости,"{""measurements"":[{""kind"":""value"",""value"":38.0,""unit"":""g"",""raw"":""38 г""}],""percentages"":[],""calibres"":[],""process"":[]}",Какао-порошок,1,1
MAP-01411,OREO Печенье с какао и клубникой 95 г,KAIDA-P0738,Какао-порошок,MAPPED_RULE,COCOA_RAW_CONTEXT,0.96,R08,PRODUCT,Сладости,"{""measurements"":[{""kind"":""value"",""value"":95.0,""unit"":""g"",""raw"":""95 г""}],""percentages"":[],""calibres"":[],""process"":[]}",Какао-порошок,1,1
MAP-01427,PRESIDENT Сметана 10% 400 г,KAIDA-P0275,Сметана,MAPPED_USER,USER_BATCH1,1.0,USER_B01,PRODUCT,Молочная продукция,"{""measurements"":[{""kind"":""value"",""value"":400.0,""unit"":""g"",""raw"":""400 г""}],""percentages"":[10.0],""calibres"":[],""process"":[]}",Сметана,1,1
MAP-01428,PRESIDENT Сметана 15% 380 г,KAIDA-P0275,Сметана,MAPPED_USER,USER_BATCH1,1.0,USER_B01,PRODUCT,Молочная продукция,"{""measurements"":[{""kind"":""value"",""value"":380.0,""unit"":""g"",""raw"":""380 г""}],""percentages"":[15.0],""calibres"":[],""process"":[]}",Сметана,1,1
MAP-01429,PRESIDENT Сметана 15% 400 г,KAIDA-P0275,Сметана,MAPPED_USER,USER_BATCH1,1.0,USER_B01,PRODUCT,Молочная продукция,"{""measurements"":[{""kind"":""value"",""value"":400.0,""unit"":""g"",""raw"":""400 г""}],""percentages"":[15.0],""calibres"":[],""process"":[]}",Сметана,1,1
MAP-01430,PRESIDENT Сметана 20% 200 г,KAIDA-P0275,Сметана,MAPPED_USER,USER_BATCH1,1.0,USER_B01,PRODUCT,Молочная продукция,"{""measurements"":[{""kind"":""value"",""value"":200.0,""unit"":""g"",""raw"":""200 г""}],""percentages"":[20.0],""calibres"":[],""process"":[]}",Сметана,1,1
MAP-01431,PRESIDENT Сметана 20% 400 г,KAIDA-P0275,Сметана,MAPPED_USER,USER_BATCH1,1.0,USER_B01,PRODUCT,Молочная продукция,"{""measurements"":[{""kind"":""value"",""value"":400.0,""unit"":""g"",""raw"":""400 г""}],""percentages"":[20.0],""calibres"":[],""process"":[]}",Сметана,1,1
MAP-01456,RIKS Лимонад Буратино 500 мл,KAIDA-P0721,Лимонад,MAPPED_RULE,LEMONADE_BASE,0.94,R03,READY_DISH,Безалкогольные напитки,"{""measurements"":[{""kind"":""value"",""value"":500.0,""unit"":""ml"",""raw"":""500 мл""}],""percentages"":[],""calibres"":[],""process"":[],""flavor_text"":""буратино""}",Лимонад,1,1
MAP-01473,RIOBA Шоколад горький 72% какао 100 г,KAIDA-P0738,Какао-порошок,MAPPED_RULE,COCOA_RAW_CONTEXT,0.96,R08,PRODUCT,Сладости,"{""measurements"":[{""kind"":""value"",""value"":100.0,""unit"":""g"",""raw"":""100 г""}],""percentages"":[72.0],""calibres"":[],""process"":[]}",Какао-порошок,1,1
MAP-01474,RIOBA Шоколад порционный горький 72% какао 800 г,KAIDA-P0738,Какао-порошок,MAPPED_RULE,COCOA_RAW_CONTEXT,0.96,R08,PRODUCT,Сладости,"{""measurements"":[{""kind"":""value"",""value"":800.0,""unit"":""g"",""raw"":""800 г""}],""percentages"":[72.0],""calibres"":[],""process"":[]}",Какао-порошок,1,1
MAP-01475,RIOBA Шоколад порционный молочный 32% какао 800 г,KAIDA-P0738,Какао-порошок,MAPPED_RULE,COCOA_RAW_CONTEXT,0.96,R08,PRODUCT,Сладости,"{""measurements"":[{""kind"":""value"",""value"":800.0,""unit"":""g"",""raw"":""800 г""}],""percentages"":[32.0],""calibres"":[],""process"":[]}",Какао-порошок,1,1
MAP-01476,RIOBA Шоколад порционный темный 51% какао 800 г,KAIDA-P0738,Какао-порошок,MAPPED_RULE,COCOA_RAW_CONTEXT,0.96,R08,PRODUCT,Сладости,"{""measurements"":[{""kind"":""value"",""value"":800.0,""unit"":""g"",""raw"":""800 г""}],""percentages"":[51.0],""calibres"":[],""process"":[]}",Какао-порошок,1,1
MAP-01480,ROSHEN Трубочки Konafetto какао 140 г,KAIDA-P0738,Какао-порошок,MAPPED_RULE,COCOA_RAW_CONTEXT,0.96,R08,PRODUCT,Сладости,"{""measurements"":[{""kind"":""value"",""value"":140.0,""unit"":""g"",""raw"":""140 г""}],""percentages"":[],""calibres"":[],""process"":[]}",Какао-порошок,1,1
MAP-01632,"Аргентинские красные креветки в панцире б/г с/м 41/50 ""Лангостино"" зам. 'VICI' 750г *5 шт/кор",KAIDA-P0217,Креветка,MAPPED_RULE,SHRIMP_GENERIC,0.92,R15,PRODUCT,Морепродукты,"{""measurements"":[{""kind"":""value"",""value"":750.0,""unit"":""g"",""raw"":""750г""},{""kind"":""value"",""value"":5.0,""unit"":""pcs"",""raw"":""5 шт""}],""percentages"":[],""calibres"":[""41/50""],""process"":[""frozen""],""calibre"":[""41/50""],""head"":""without_head"",""shell"":""shell_on""}",Креветка,1,1
MAP-01633,Аргентинские красные креветки в панцире б/г с/м 41/50 зам. 'VICI' 4000 г.,KAIDA-P0217,Креветка,MAPPED_RULE,SHRIMP_GENERIC,0.92,R15,PRODUCT,Морепродукты,"{""measurements"":[{""kind"":""value"",""value"":4000.0,""unit"":""g"",""raw"":""4000 г""}],""percentages"":[],""calibres"":[""41/50""],""process"":[""frozen""],""calibre"":[""41/50""],""head"":""without_head"",""shell"":""shell_on""}",Креветка,1,1
MAP-01650,"Ассорти мини самса, чебуреки №1",KAIDA-P0690,Самса,MAPPED_RULE,BAKERY_BASE,0.95,R03,READY_DISH,Выпечка,"{""measurements"":[],""percentages"":[],""calibres"":[],""process"":[]}",Самса,1,1
MAP-01652,Ассорти самса чебуреки №2,KAIDA-P0690,Самса,MAPPED_RULE,BAKERY_BASE,0.95,R03,READY_DISH,Выпечка,"{""measurements"":[],""percentages"":[],""calibres"":[],""process"":[]}",Самса,1,1
MAP-01660,Базилик 50гр,KAIDA-P0397,Базилик зелёный,MAPPED_AUTO,QUANT_STRIPPED_ALIAS,0.9,BASE_MATCH,PRODUCT,фасованное сырье,"{""measurements"":[{""kind"":""value"",""value"":50.0,""unit"":""g"",""raw"":""50гр""}],""percentages"":[],""calibres"":[],""process"":[]}",Базилик зелёный,1,1
MAP-01663,Балқаймақ 300гр,KAIDA-P0335,Балкаймак,MAPPED_AUTO,QUANT_STRIPPED_ALIAS,0.9,BASE_MATCH,PRODUCT,Национальная Молочная продукция,"{""measurements"":[{""kind"":""value"",""value"":300.0,""unit"":""g"",""raw"":""300гр""}],""percentages"":[],""calibres"":[],""process"":[]}",Балкаймак,1,1
MAP-01667,Баранина - 1 кг,KAIDA-P0031,Баранина,MAPPED_AUTO,QUANT_STRIPPED_CANONICAL,0.93,BASE_MATCH,PRODUCT,Мясной Ряд,"{""measurements"":[{""kind"":""value"",""value"":1.0,""unit"":""kg"",""raw"":""1 кг""}],""percentages"":[],""calibres"":[],""process"":[]}",Баранина,1,1
MAP-01677,Барбарисовый Лимонад,KAIDA-P0721,Лимонад,MAPPED_RULE,LEMONADE_BASE,0.94,R03,READY_DISH,БЕЗАЛКОГОЛЬНЫЕ НАПИТКИ,"{""measurements"":[],""percentages"":[],""calibres"":[],""process"":[]}",Лимонад,1,1
MAP-01679,Баурсаки 250г,KAIDA-P0689,Баурсак,MAPPED_AUTO,QUANT_STRIPPED_ALIAS,0.9,BASE_MATCH,PRODUCT,Кулинария,"{""measurements"":[{""kind"":""value"",""value"":250.0,""unit"":""g"",""raw"":""250г""}],""percentages"":[],""calibres"":[],""process"":[]}",Баурсак,1,1
MAP-01685,БИЖАН Ветчина говяжья 1 кг,KAIDA-P0788,Ветчина,MAPPED_RULE,HAM_BASE,0.92,R16,PRODUCT,Переработанное мясо,"{""measurements"":[{""kind"":""value"",""value"":1.0,""unit"":""kg"",""raw"":""1 кг""}],""percentages"":[],""calibres"":[],""process"":[]}",Говяжья шея,1,1
MAP-01689,Бланшированные креветки,KAIDA-P0217,Креветка,MAPPED_RULE,SHRIMP_GENERIC,0.92,R15,PRODUCT,Креветки,"{""measurements"":[],""percentages"":[],""calibres"":[],""process"":[]}",Креветка,1,1
MAP-01693,Борщ Суп лапша Апашкин суп Мампар Рассольник Солянка Харчо Чечевичный суп Грибной крем-суп Тыквенный крем-суп Сырный суп Крем-суп из брокколи Окрошка от 870,KAIDA-P0818,Борщ,MAPPED_RULE,NAMED_SOUP,0.97,R04,READY_DISH,Супы,"{""measurements"":[],""percentages"":[],""calibres"":[],""process"":[]}",Брокколи,1,1
MAP-01694,боул с креветками и авокадо,KAIDA-P0217,Креветка,MAPPED_RULE,SHRIMP_GENERIC,0.92,R15,PRODUCT,Горячие блюда,"{""measurements"":[],""percentages"":[],""calibres"":[],""process"":[]}",Авокадо,1,1
MAP-01698,Брокколи 1 кг,KAIDA-P0391,Брокколи,MAPPED_AUTO,QUANT_STRIPPED_CANONICAL,0.93,BASE_MATCH,PRODUCT,Овощи,"{""measurements"":[{""kind"":""value"",""value"":1.0,""unit"":""kg"",""raw"":""1 кг""}],""percentages"":[],""calibres"":[],""process"":[]}",Брокколи,1,1
MAP-01730,Говядина - 1 кг,KAIDA-P0001,Говядина,MAPPED_AUTO,QUANT_STRIPPED_CANONICAL,0.93,BASE_MATCH,PRODUCT,Мясной Ряд,"{""measurements"":[{""kind"":""value"",""value"":1.0,""unit"":""kg"",""raw"":""1 кг""}],""percentages"":[],""calibres"":[],""process"":[]}",Говядина,1,1
MAP-01748,Голубика 125 г,KAIDA-P0491,Голубика,MAPPED_AUTO,QUANT_STRIPPED_CANONICAL,0.93,BASE_MATCH,PRODUCT,Фрукты,"{""measurements"":[{""kind"":""value"",""value"":125.0,""unit"":""g"",""raw"":""125 г""}],""percentages"":[],""calibres"":[],""process"":[]}",Голубика,1,1
MAP-01758,Гранат 1 кг,KAIDA-P0450,Гранат,MAPPED_AUTO,QUANT_STRIPPED_CANONICAL,0.93,BASE_MATCH,PRODUCT,Фрукты,"{""measurements"":[{""kind"":""value"",""value"":1.0,""unit"":""kg"",""raw"":""1 кг""}],""percentages"":[],""calibres"":[],""process"":[]}",Гранат,1,1
MAP-01765,Греческий салат с сыром Фета,KAIDA-P0831,Греческий салат,MAPPED_RULE,NAMED_READY_DISH,0.98,R07,READY_DISH,Салаты,"{""measurements"":[],""percentages"":[],""calibres"":[],""process"":[]}",Фета,1,1
MAP-01879,Жареные креветки,KAIDA-P0217,Креветка,MAPPED_RULE,SHRIMP_GENERIC,0.92,R15,PRODUCT,Морепродукты,"{""measurements"":[],""percentages"":[],""calibres"":[],""process"":[""fried""]}",Креветка,1,1
MAP-01903,Зеленый салат с авокадо и креветками,KAIDA-P0217,Креветка,MAPPED_RULE,SHRIMP_GENERIC,0.92,R15,PRODUCT,Салаты,"{""measurements"":[],""percentages"":[],""calibres"":[],""process"":[]}",Авокадо,1,1
MAP-01905,ЗЛАТОЯР Лимонад Байкал 500 мл,KAIDA-P0721,Лимонад,MAPPED_RULE,LEMONADE_BASE,0.94,R03,READY_DISH,Безалкогольные напитки,"{""measurements"":[{""kind"":""value"",""value"":500.0,""unit"":""ml"",""raw"":""500 мл""}],""percentages"":[],""calibres"":[],""process"":[],""flavor_text"":""байкал""}",Лимонад,1,1
MAP-01906,ЗЛАТОЯР Лимонад Буратино 500 мл,KAIDA-P0721,Лимонад,MAPPED_RULE,LEMONADE_BASE,0.94,R03,READY_DISH,Безалкогольные напитки,"{""measurements"":[{""kind"":""value"",""value"":500.0,""unit"":""ml"",""raw"":""500 мл""}],""percentages"":[],""calibres"":[],""process"":[],""flavor_text"":""буратино""}",Лимонад,1,1
MAP-01907,ЗЛАТОЯР Лимонад Дюшес 500 мл,KAIDA-P0721,Лимонад,MAPPED_RULE,LEMONADE_BASE,0.94,R03,READY_DISH,Безалкогольные напитки,"{""measurements"":[{""kind"":""value"",""value"":500.0,""unit"":""ml"",""raw"":""500 мл""}],""percentages"":[],""calibres"":[],""process"":[],""flavor_text"":""дюшес""}",Лимонад,1,1
MAP-01908,ЗЛАТОЯР Лимонад Тархун 500 мл,KAIDA-P0722,Тархун напиток,MAPPED_RULE,LEMONADE_TARHUN,0.97,R08,READY_DISH,Безалкогольные напитки,"{""measurements"":[{""kind"":""value"",""value"":500.0,""unit"":""ml"",""raw"":""500 мл""}],""percentages"":[],""calibres"":[],""process"":[],""flavor_text"":""тархун""}",Лимонад,1,1
MAP-01912,"Икра ""KAMCHATKA"" лососевая Кета, вес 230 гр .",KAIDA-P0254,Икра кеты,MAPPED_RULE,CAVIAR_SPECIES,0.97,R14,PRODUCT,Икра красная,"{""measurements"":[{""kind"":""value"",""value"":230.0,""unit"":""g"",""raw"":""230 гр""}],""percentages"":[],""calibres"":[],""process"":[]}",Красная икра,1,1
MAP-01913,"Икра ""Обкомовская"" лососевая, вес 200 гр .",KAIDA-P0252,Красная икра,MAPPED_RULE,CAVIAR_GENERIC,0.94,R14,PRODUCT,Икра красная,"{""measurements"":[{""kind"":""value"",""value"":200.0,""unit"":""g"",""raw"":""200 гр""}],""percentages"":[],""calibres"":[],""process"":[]}",Красная икра,1,1
MAP-01914,"Икра ""Обкомовская"" лососевая, вес 360 гр .",KAIDA-P0252,Красная икра,MAPPED_RULE,CAVIAR_GENERIC,0.94,R14,PRODUCT,Икра красная,"{""measurements"":[{""kind"":""value"",""value"":360.0,""unit"":""g"",""raw"":""360 гр""}],""percentages"":[],""calibres"":[],""process"":[]}",Красная икра,1,1
MAP-01915,"Икра ""Обкомовская"" лососевая, вес 500 гр .",KAIDA-P0252,Красная икра,MAPPED_RULE,CAVIAR_GENERIC,0.94,R14,PRODUCT,Икра красная,"{""measurements"":[{""kind"":""value"",""value"":500.0,""unit"":""g"",""raw"":""500 гр""}],""percentages"":[],""calibres"":[],""process"":[]}",Красная икра,1,1
MAP-01916,"Икра ""Обкомовская"" лососевая, вес 95 гр .",KAIDA-P0252,Красная икра,MAPPED_RULE,CAVIAR_GENERIC,0.94,R14,PRODUCT,Икра красная,"{""measurements"":[{""kind"":""value"",""value"":95.0,""unit"":""g"",""raw"":""95 гр""}],""percentages"":[],""calibres"":[],""process"":[]}",Красная икра,1,1
MAP-01917,"Икра зернистая осетра 100гр, Астраханская",KAIDA-P0257,Икра осетра,MAPPED_RULE,CAVIAR_SPECIES,0.97,R14,PRODUCT,Икра черная,"{""measurements"":[{""kind"":""value"",""value"":100.0,""unit"":""g"",""raw"":""100гр""}],""percentages"":[],""calibres"":[],""process"":[]}",Икра осетра,1,1
MAP-01918,"Икра зернистая осетра железная банка 125 гр, Астраханская",KAIDA-P0257,Икра осетра,MAPPED_RULE,CAVIAR_SPECIES,0.97,R14,PRODUCT,Икра черная,"{""measurements"":[{""kind"":""value"",""value"":125.0,""unit"":""g"",""raw"":""125 гр""}],""percentages"":[],""calibres"":[],""process"":[]}",Икра осетра,1,1
MAP-01919,"Икра зернистая осетровых рыб Black Gold 100 гр, Астраханская",KAIDA-P0257,Икра осетра,MAPPED_RULE,CAVIAR_SPECIES,0.97,R14,PRODUCT,Икра черная,"{""measurements"":[{""kind"":""value"",""value"":100.0,""unit"":""g"",""raw"":""100 гр""}],""percentages"":[],""calibres"":[],""process"":[]}",Чёрная икра,1,1
MAP-01920,"Икра зернистая осетровых рыб Black Gold 50 гр, Астраханская",KAIDA-P0257,Икра осетра,MAPPED_RULE,CAVIAR_SPECIES,0.97,R14,PRODUCT,Икра черная,"{""measurements"":[{""kind"":""value"",""value"":50.0,""unit"":""g"",""raw"":""50 гр""}],""percentages"":[],""calibres"":[],""process"":[]}",Чёрная икра,1,1
MAP-01921,"Икра зернистая осетровых рыб Империал 100 гр, Астраханская",KAIDA-P0257,Икра осетра,MAPPED_RULE,CAVIAR_SPECIES,0.97,R14,PRODUCT,Икра черная,"{""measurements"":[{""kind"":""value"",""value"":100.0,""unit"":""g"",""raw"":""100 гр""}],""percentages"":[],""calibres"":[],""process"":[]}",Чёрная икра,1,1
MAP-01922,"Икра зернистая осетровых рыб Империал 50 гр, Астраханская",KAIDA-P0257,Икра осетра,MAPPED_RULE,CAVIAR_SPECIES,0.97,R14,PRODUCT,Икра черная,"{""measurements"":[{""kind"":""value"",""value"":50.0,""unit"":""g"",""raw"":""50 гр""}],""percentages"":[],""calibres"":[],""process"":[]}",Чёрная икра,1,1
MAP-01923,"Икра зернистая осетровых рыб Премиум 100 гр, Астраханская",KAIDA-P0257,Икра осетра,MAPPED_RULE,CAVIAR_SPECIES,0.97,R14,PRODUCT,Икра черная,"{""measurements"":[{""kind"":""value"",""value"":100.0,""unit"":""g"",""raw"":""100 гр""}],""percentages"":[],""calibres"":[],""process"":[]}",Чёрная икра,1,1
MAP-01924,"Икра зернистая осетровых рыб Премиум 50 гр, Астраханская",KAIDA-P0257,Икра осетра,MAPPED_RULE,CAVIAR_SPECIES,0.97,R14,PRODUCT,Икра черная,"{""measurements"":[{""kind"":""value"",""value"":50.0,""unit"":""g"",""raw"":""50 гр""}],""percentages"":[],""calibres"":[],""process"":[]}",Чёрная икра,1,1
MAP-01925,Икра Кета 250гр,KAIDA-P0254,Икра кеты,MAPPED_RULE,CAVIAR_SPECIES,0.97,R14,PRODUCT,Красная Икра,"{""measurements"":[{""kind"":""value"",""value"":250.0,""unit"":""g"",""raw"":""250гр""}],""percentages"":[],""calibres"":[],""process"":[]}",Икра кеты,1,1
MAP-01926,Икра красная Hansey Масаго,KAIDA-P0252,Красная икра,MAPPED_RULE,CAVIAR_GENERIC,0.94,R14,PRODUCT,Популярный Товар,"{""measurements"":[],""percentages"":[],""calibres"":[],""process"":[]}",Красная икра,1,1
MAP-01927,Икра черная 100гр,KAIDA-P0256,Чёрная икра,MAPPED_RULE,CAVIAR_GENERIC,0.94,R14,PRODUCT,Икра,"{""measurements"":[{""kind"":""value"",""value"":100.0,""unit"":""g"",""raw"":""100гр""}],""percentages"":[],""calibres"":[],""process"":[]}",Чёрная икра,1,1
MAP-01928,Икра Черная 50гр,KAIDA-P0256,Чёрная икра,MAPPED_RULE,CAVIAR_GENERIC,0.94,R14,PRODUCT,Икра,"{""measurements"":[{""kind"":""value"",""value"":50.0,""unit"":""g"",""raw"":""50гр""}],""percentages"":[],""calibres"":[],""process"":[]}",Чёрная икра,1,1
MAP-01929,"Икра черная Caspian Caviar осетра 100 гр, Каспийская",KAIDA-P0257,Икра осетра,MAPPED_RULE,CAVIAR_SPECIES,0.97,R14,PRODUCT,Икра черная,"{""measurements"":[{""kind"":""value"",""value"":100.0,""unit"":""g"",""raw"":""100 гр""}],""percentages"":[],""calibres"":[],""process"":[]}",Чёрная икра,1,1
MAP-01930,"Икра черная Caspian Caviar осетра 200 гр, Каспийская",KAIDA-P0257,Икра осетра,MAPPED_RULE,CAVIAR_SPECIES,0.97,R14,PRODUCT,Икра черная,"{""measurements"":[{""kind"":""value"",""value"":200.0,""unit"":""g"",""raw"":""200 гр""}],""percentages"":[],""calibres"":[],""process"":[]}",Чёрная икра,1,1
MAP-01931,"Икра черная Caspian Caviar осетра 50 гр, Каспийская",KAIDA-P0257,Икра осетра,MAPPED_RULE,CAVIAR_SPECIES,0.97,R14,PRODUCT,Икра черная,"{""measurements"":[{""kind"":""value"",""value"":50.0,""unit"":""g"",""raw"":""50 гр""}],""percentages"":[],""calibres"":[],""process"":[]}",Чёрная икра,1,1
MAP-01932,"Икра черная Caspian Caviar стерлядь 120 гр, Каспийская",KAIDA-P0805,Икра стерляди,MAPPED_RULE,CAVIAR_SPECIES,0.97,R14,PRODUCT,Икра черная,"{""measurements"":[{""kind"":""value"",""value"":120.0,""unit"":""g"",""raw"":""120 гр""}],""percentages"":[],""calibres"":[],""process"":[]}",Стерлядь,1,1
MAP-01933,"Икра черная Caspian Caviar стерлядь 230 гр, Каспийская",KAIDA-P0805,Икра стерляди,MAPPED_RULE,CAVIAR_SPECIES,0.97,R14,PRODUCT,Икра черная,"{""measurements"":[{""kind"":""value"",""value"":230.0,""unit"":""g"",""raw"":""230 гр""}],""percentages"":[],""calibres"":[],""process"":[]}",Стерлядь,1,1
MAP-01954,Казы - 1 кг,KAIDA-P0058,Казы,MAPPED_AUTO,QUANT_STRIPPED_CANONICAL,0.93,BASE_MATCH,PRODUCT,Мясной Ряд,"{""measurements"":[{""kind"":""value"",""value"":1.0,""unit"":""kg"",""raw"":""1 кг""}],""percentages"":[],""calibres"":[],""process"":[]}",Казы,1,1
MAP-01955,"Какао ""Алкализе"" 500гр, Малайзия",KAIDA-P0738,Какао-порошок,MAPPED_RULE,COCOA_RAW_CONTEXT,0.96,R08,PRODUCT,фасованное сырье,"{""measurements"":[{""kind"":""value"",""value"":500.0,""unit"":""g"",""raw"":""500гр""}],""percentages"":[],""calibres"":[],""process"":[]}",Какао-порошок,1,1
MAP-01956,"Какао ""Алкализе"" AG800 Камбоджа 500гр",KAIDA-P0738,Какао-порошок,MAPPED_RULE,COCOA_RAW_CONTEXT,0.96,R08,PRODUCT,фасованное сырье,"{""measurements"":[{""kind"":""value"",""value"":500.0,""unit"":""g"",""raw"":""500гр""}],""percentages"":[],""calibres"":[],""process"":[]}",Какао-порошок,1,1
MAP-01957,"Какао 0,3",KAIDA-P0844,Какао (напиток),MAPPED_RULE,COCOA_DRINK_CONTEXT,0.98,R08,READY_DISH,Горячие напитки (Чай-Какао),"{""measurements"":[],""percentages"":[],""calibres"":[],""process"":[]}",Какао-порошок,1,1
MAP-01958,Какао 350 мл,KAIDA-P0844,Какао (напиток),MAPPED_RULE,COCOA_DRINK_CONTEXT,0.98,R08,READY_DISH,Кофе,"{""measurements"":[{""kind"":""value"",""value"":350.0,""unit"":""ml"",""raw"":""350 мл""}],""percentages"":[],""calibres"":[],""process"":[]}",Какао-порошок,1,1
MAP-01959,"Какао 7-9%, 500гр, Китай",KAIDA-P0738,Какао-порошок,MAPPED_RULE,COCOA_RAW_CONTEXT,0.96,R08,PRODUCT,фасованное сырье,"{""measurements"":[{""kind"":""value"",""value"":500.0,""unit"":""g"",""raw"":""500гр""}],""percentages"":[9.0],""calibres"":[],""process"":[]}",Какао-порошок,1,1
MAP-01960,Какао масло 1кг,KAIDA-P0738,Какао-порошок,MAPPED_RULE,COCOA_RAW_CONTEXT,0.96,R08,PRODUCT,какао,"{""measurements"":[{""kind"":""value"",""value"":1.0,""unit"":""kg"",""raw"":""1кг""}],""percentages"":[],""calibres"":[],""process"":[]}",Какао-порошок,1,1
MAP-01961,Какао масло Турция 100гр,KAIDA-P0738,Какао-порошок,MAPPED_RULE,COCOA_RAW_CONTEXT,0.96,R08,PRODUCT,фасованное Ovalette,"{""measurements"":[{""kind"":""value"",""value"":100.0,""unit"":""g"",""raw"":""100гр""}],""percentages"":[],""calibres"":[],""process"":[]}",Какао-порошок,1,1
MAP-01962,"Какао-масло в каллетах 100%, 100гр, Veliche",KAIDA-P0738,Какао-порошок,MAPPED_RULE,COCOA_RAW_CONTEXT,0.96,R08,PRODUCT,фасованное сырье,"{""measurements"":[{""kind"":""value"",""value"":100.0,""unit"":""g"",""raw"":""100гр""}],""percentages"":[100.0],""calibres"":[],""process"":[]}",Какао-порошок,1,1
MAP-01963,"Какао-масло в каллетах 100%, 3кг, Veliche",KAIDA-P0738,Какао-порошок,MAPPED_RULE,COCOA_RAW_CONTEXT,0.96,R08,PRODUCT,Каллебаут,"{""measurements"":[{""kind"":""value"",""value"":3.0,""unit"":""kg"",""raw"":""3кг""}],""percentages"":[100.0],""calibres"":[],""process"":[]}",Какао-порошок,1,1
MAP-01969,Капуста 1 кг,KAIDA-P0386,Капуста белокочанная,MAPPED_AUTO,QUANT_STRIPPED_ALIAS,0.9,BASE_MATCH,PRODUCT,Овощи,"{""measurements"":[{""kind"":""value"",""value"":1.0,""unit"":""kg"",""raw"":""1 кг""}],""percentages"":[],""calibres"":[],""process"":[]}",Морская капуста,1,1
MAP-01975,Кардамон 100гр,KAIDA-P0628,Кардамон,MAPPED_AUTO,QUANT_STRIPPED_CANONICAL,0.93,BASE_MATCH,PRODUCT,фасованное сырье,"{""measurements"":[{""kind"":""value"",""value"":100.0,""unit"":""g"",""raw"":""100гр""}],""percentages"":[],""calibres"":[],""process"":[]}",Кардамон,1,1
MAP-01984,Картофель фри + кетчуп,KAIDA-P0826,Картофель фри,MAPPED_RULE,STRONG_TRANSFORMATION,0.99,R04,READY_DISH,Фастфуд,"{""measurements"":[],""percentages"":[],""calibres"":[],""process"":[]}",Картофель,1,1
MAP-01985,Картофель фри с пармезаном,KAIDA-P0826,Картофель фри,MAPPED_RULE,STRONG_TRANSFORMATION,0.99,R04,READY_DISH,Закуски,"{""measurements"":[],""percentages"":[],""calibres"":[],""process"":[]}",Картофель,1,1
MAP-02006,киш лорен с семгой и брокколи,KAIDA-P0173,Атлантический лосось,MAPPED_RULE,SEMGA_ALIAS,0.98,R13,PRODUCT,Выпечка,"{""measurements"":[],""percentages"":[],""calibres"":[],""process"":[]}",Брокколи,1,1
MAP-02024,"Колбаски гриль для жарки баранина, 0,45 кг/упак",KAIDA-P0789,Колбаса,MAPPED_RULE,SAUSAGE_BASE,0.82,R16,PRODUCT,Колбаски-гриль,"{""measurements"":[{""kind"":""value"",""value"":0.45,""unit"":""kg"",""raw"":""0,45 кг""}],""percentages"":[],""calibres"":[],""process"":[]}",Баранина,1,1
MAP-02025,"Колбаски гриль для жарки говядина, 0,45 кг/упак",KAIDA-P0789,Колбаса,MAPPED_RULE,SAUSAGE_BASE,0.82,R16,PRODUCT,Колбаски-гриль,"{""measurements"":[{""kind"":""value"",""value"":0.45,""unit"":""kg"",""raw"":""0,45 кг""}],""percentages"":[],""calibres"":[],""process"":[]}",Говядина,1,1
MAP-02026,"Колбаски гриль для жарки конина, 0,45 кг/упак",KAIDA-P0789,Колбаса,MAPPED_RULE,SAUSAGE_BASE,0.82,R16,PRODUCT,Колбаски-гриль,"{""measurements"":[{""kind"":""value"",""value"":0.45,""unit"":""kg"",""raw"":""0,45 кг""}],""percentages"":[],""calibres"":[],""process"":[]}",Конина,1,1
MAP-02027,"Колбаски гриль для жарки курица, 0,45 кг/упак",KAIDA-P0789,Колбаса,MAPPED_RULE,SAUSAGE_BASE,0.82,R16,PRODUCT,Колбаски-гриль,"{""measurements"":[{""kind"":""value"",""value"":0.45,""unit"":""kg"",""raw"":""0,45 кг""}],""percentages"":[],""calibres"":[],""process"":[]}",Курица,1,1
MAP-02028,"Колбаски гриль хот-дог куриные 0,28кг",KAIDA-P0789,Колбаса,MAPPED_RULE,SAUSAGE_BASE,0.82,R16,PRODUCT,Колбаски-гриль,"{""measurements"":[{""kind"":""value"",""value"":0.28,""unit"":""kg"",""raw"":""0,28кг""}],""percentages"":[],""calibres"":[],""process"":[]}",Куриные шеи,1,1
MAP-02029,"Колбаски гриль-улитка sous-vide говядина, 0,15 кг/шт",KAIDA-P0789,Колбаса,MAPPED_RULE,SAUSAGE_BASE,0.82,R16,PRODUCT,Колбаски-гриль,"{""measurements"":[{""kind"":""value"",""value"":0.15,""unit"":""kg"",""raw"":""0,15 кг""}],""percentages"":[],""calibres"":[],""process"":[]}",Говядина,1,1
MAP-02030,"Колбаски гриль-улитка sous-vide курица, 0,15 кг/шт",KAIDA-P0789,Колбаса,MAPPED_RULE,SAUSAGE_BASE,0.82,R16,PRODUCT,Колбаски-гриль,"{""measurements"":[{""kind"":""value"",""value"":0.15,""unit"":""kg"",""raw"":""0,15 кг""}],""percentages"":[],""calibres"":[],""process"":[]}",Курица,1,1
MAP-02031,"Колбаски гриль-улитка для жарки баранина, 0,20 кг/шт",KAIDA-P0789,Колбаса,MAPPED_RULE,SAUSAGE_BASE,0.82,R16,PRODUCT,Колбаски-гриль,"{""measurements"":[{""kind"":""value"",""value"":0.2,""unit"":""kg"",""raw"":""0,20 кг""}],""percentages"":[],""calibres"":[],""process"":[]}",Баранина,1,1
MAP-02032,"Колбаски гриль-улитка для жарки говядина, 0,20 кг/шт",KAIDA-P0789,Колбаса,MAPPED_RULE,SAUSAGE_BASE,0.82,R16,PRODUCT,Колбаски-гриль,"{""measurements"":[{""kind"":""value"",""value"":0.2,""unit"":""kg"",""raw"":""0,20 кг""}],""percentages"":[],""calibres"":[],""process"":[]}",Говядина,1,1
MAP-02033,"Колбаски гриль-улитка для жарки конина, 0,20 кг/шт",KAIDA-P0789,Колбаса,MAPPED_RULE,SAUSAGE_BASE,0.82,R16,PRODUCT,Колбаски-гриль,"{""measurements"":[{""kind"":""value"",""value"":0.2,""unit"":""kg"",""raw"":""0,20 кг""}],""percentages"":[],""calibres"":[],""process"":[]}",Конина,1,1
MAP-02034,"Колбаски гриль-улитка для жарки курица, 0,20 кг/шт",KAIDA-P0789,Колбаса,MAPPED_RULE,SAUSAGE_BASE,0.82,R16,PRODUCT,Колбаски-гриль,"{""measurements"":[{""kind"":""value"",""value"":0.2,""unit"":""kg"",""raw"":""0,20 кг""}],""percentages"":[],""calibres"":[],""process"":[]}",Курица,1,1
MAP-02039,Конина - 1 кг,KAIDA-P0056,Конина,MAPPED_AUTO,QUANT_STRIPPED_CANONICAL,0.93,BASE_MATCH,PRODUCT,Мясной Ряд,"{""measurements"":[{""kind"":""value"",""value"":1.0,""unit"":""kg"",""raw"":""1 кг""}],""percentages"":[],""calibres"":[],""process"":[]}",Конина,1,1
MAP-02058,"Котлеты в панировке из мяса креветки ""Эби Кацу"", вес упаковка 450 гр.",KAIDA-P0217,Креветка,MAPPED_RULE,SHRIMP_GENERIC,0.92,R15,PRODUCT,Креветки,"{""measurements"":[{""kind"":""value"",""value"":450.0,""unit"":""g"",""raw"":""450 гр""}],""percentages"":[],""calibres"":[],""process"":[]}",Креветка,1,1
MAP-02066,"Креветка 16/20 стандарт,в панцире, без головы, вес упаковка 1 кг.",KAIDA-P0217,Креветка,MAPPED_RULE,SHRIMP_GENERIC,0.92,R15,PRODUCT,Креветки,"{""measurements"":[{""kind"":""value"",""value"":1.0,""unit"":""kg"",""raw"":""1 кг""}],""percentages"":[],""calibres"":[""16/20""],""process"":[],""calibre"":[""16/20""],""head"":""without_head"",""shell"":""shell_on""}",Креветка,1,1
MAP-02067,"Креветка 16/20 стандарт,в панцире, без головы, вес упаковка 500 гр.",KAIDA-P0217,Креветка,MAPPED_RULE,SHRIMP_GENERIC,0.92,R15,PRODUCT,Креветки,"{""measurements"":[{""kind"":""value"",""value"":500.0,""unit"":""g"",""raw"":""500 гр""}],""percentages"":[],""calibres"":[""16/20""],""process"":[],""calibre"":[""16/20""],""head"":""without_head"",""shell"":""shell_on""}",Креветка,1,1
MAP-02068,"Креветка 26/30 свежемороженая, без головы, очищенная, без пищ. тракта, вес упаковка 1 кг.",KAIDA-P0217,Креветка,MAPPED_RULE,SHRIMP_GENERIC,0.92,R15,PRODUCT,Креветки,"{""measurements"":[{""kind"":""value"",""value"":1.0,""unit"":""kg"",""raw"":""1 кг""}],""percentages"":[],""calibres"":[""26/30""],""process"":[""frozen""],""calibre"":[""26/30""],""head"":""without_head"",""cleaned"":true}",Креветка,1,1
MAP-02069,"Креветка бланшерованная очищенная 31/40, вес упаковка 1 кг.",KAIDA-P0217,Креветка,MAPPED_RULE,SHRIMP_GENERIC,0.92,R15,PRODUCT,Креветки,"{""measurements"":[{""kind"":""value"",""value"":1.0,""unit"":""kg"",""raw"":""1 кг""}],""percentages"":[],""calibres"":[""31/40""],""process"":[],""calibre"":[""31/40""],""cleaned"":true}",Креветка,1,1
MAP-02070,"Креветка бланшерованная очищенная 31/40, вес упаковка 500 гр.",KAIDA-P0217,Креветка,MAPPED_RULE,SHRIMP_GENERIC,0.92,R15,PRODUCT,Креветки,"{""measurements"":[{""kind"":""value"",""value"":500.0,""unit"":""g"",""raw"":""500 гр""}],""percentages"":[],""calibres"":[""31/40""],""process"":[],""calibre"":[""31/40""],""cleaned"":true}",Креветка,1,1
MAP-02071,Креветка ваннамей в панировке сыромороженая 21/25 вес упаковка 1кг.,KAIDA-P0217,Креветка,MAPPED_RULE,SHRIMP_GENERIC,0.92,R15,PRODUCT,Креветки,"{""measurements"":[{""kind"":""value"",""value"":1.0,""unit"":""kg"",""raw"":""1кг""}],""percentages"":[],""calibres"":[""21/25""],""process"":[],""calibre"":[""21/25""]}",Креветка,1,1
MAP-02072,Креветка красная аргентинская (креветка-лангостино),KAIDA-P0217,Креветка,MAPPED_RULE,SHRIMP_GENERIC,0.92,R15,PRODUCT,Свежемороженая продукция,"{""measurements"":[],""percentages"":[],""calibres"":[],""process"":[]}",Креветка,1,1
MAP-02073,"Креветка красная аргентинская (лангустины), в панцире, свежемороженая, с головой 10/20 L1, вес упаковка 2 кг.",KAIDA-P0217,Креветка,MAPPED_RULE,SHRIMP_GENERIC,0.92,R15,PRODUCT,Креветки,"{""measurements"":[{""kind"":""value"",""value"":2.0,""unit"":""kg"",""raw"":""2 кг""}],""percentages"":[],""calibres"":[""10/20""],""process"":[""frozen""],""calibre"":[""10/20""],""shell"":""shell_on""}",Креветка,1,1
MAP-02074,"Креветка пивная без глазировки варено-мороженая, в пацире, с головой 90/120, вес упаковка 1 кг.",KAIDA-P0217,Креветка,MAPPED_RULE,SHRIMP_GENERIC,0.92,R15,PRODUCT,Креветки,"{""measurements"":[{""kind"":""value"",""value"":1.0,""unit"":""kg"",""raw"":""1 кг""}],""percentages"":[],""calibres"":[""90/120""],""process"":[""boiled""],""calibre"":[""90/120""]}",Креветка,1,1
MAP-02075,"Креветка с/м 21/25 ( блочка 1,8 кг )",KAIDA-P0217,Креветка,MAPPED_RULE,SHRIMP_GENERIC,0.92,R15,PRODUCT,Морепродукты,"{""measurements"":[{""kind"":""value"",""value"":1.8,""unit"":""kg"",""raw"":""1,8 кг""}],""percentages"":[],""calibres"":[""21/25""],""process"":[""frozen""],""calibre"":[""21/25""]}",Креветка,1,1
MAP-02076,"Креветка свежемороженая очищенная 31/40, вес упаковка 1 кг.",KAIDA-P0217,Креветка,MAPPED_RULE,SHRIMP_GENERIC,0.92,R15,PRODUCT,Креветки,"{""measurements"":[{""kind"":""value"",""value"":1.0,""unit"":""kg"",""raw"":""1 кг""}],""percentages"":[],""calibres"":[""31/40""],""process"":[""frozen""],""calibre"":[""31/40""],""cleaned"":true}",Креветка,1,1
MAP-02077,"Креветка свежемороженая очищенная 31/40, вес упаковка 500 гр.",KAIDA-P0217,Креветка,MAPPED_RULE,SHRIMP_GENERIC,0.92,R15,PRODUCT,Креветки,"{""measurements"":[{""kind"":""value"",""value"":500.0,""unit"":""g"",""raw"":""500 гр""}],""percentages"":[],""calibres"":[""31/40""],""process"":[""frozen""],""calibre"":[""31/40""],""cleaned"":true}",Креветка,1,1
MAP-02078,"Креветка свежемороженая очищенная с хвостом 21/25, вес упаковка 1 кг.",KAIDA-P0217,Креветка,MAPPED_RULE,SHRIMP_GENERIC,0.92,R15,PRODUCT,Креветки,"{""measurements"":[{""kind"":""value"",""value"":1.0,""unit"":""kg"",""raw"":""1 кг""}],""percentages"":[],""calibres"":[""21/25""],""process"":[""frozen""],""calibre"":[""21/25""],""cleaned"":true}",Креветка,1,1
MAP-02079,"Креветка свежемороженая очищенная с хвостом 21/25, вес упаковка 500 гр.",KAIDA-P0217,Креветка,MAPPED_RULE,SHRIMP_GENERIC,0.92,R15,PRODUCT,Креветки,"{""measurements"":[{""kind"":""value"",""value"":500.0,""unit"":""g"",""raw"":""500 гр""}],""percentages"":[],""calibres"":[""21/25""],""process"":[""frozen""],""calibre"":[""21/25""],""cleaned"":true}",Креветка,1,1
MAP-02080,"Креветка черная тигровая в панцире, свежемороженая, с головой 13/15 Бангладеш, вес упаковка 1 кг.",KAIDA-P0218,Креветка тигровая,MAPPED_RULE,SHRIMP_SUBTYPE,0.97,R15,PRODUCT,Креветки,"{""measurements"":[{""kind"":""value"",""value"":1.0,""unit"":""kg"",""raw"":""1 кг""}],""percentages"":[],""calibres"":[""13/15""],""process"":[""frozen""],""calibre"":[""13/15""],""shell"":""shell_on""}",Креветка,1,1
MAP-02081,"Креветка черная тигровая в панцире, свежемороженая, с головой 8/12, Бангладеш, вес упаковка 1 кг.",KAIDA-P0218,Креветка тигровая,MAPPED_RULE,SHRIMP_SUBTYPE,0.97,R15,PRODUCT,Креветки,"{""measurements"":[{""kind"":""value"",""value"":1.0,""unit"":""kg"",""raw"":""1 кг""}],""percentages"":[],""calibres"":[""8/12""],""process"":[""frozen""],""calibre"":[""8/12""],""shell"":""shell_on""}",Креветка,1,1
MAP-02082,Креветка-богомол (креветка-мантис),KAIDA-P0217,Креветка,MAPPED_RULE,SHRIMP_GENERIC,0.92,R15,PRODUCT,Свежемороженая продукция,"{""measurements"":[],""percentages"":[],""calibres"":[],""process"":[]}",Креветка,1,1
MAP-02083,Креветки 100/200 (салатные),KAIDA-P0217,Креветка,MAPPED_RULE,SHRIMP_GENERIC,0.92,R15,PRODUCT,Морепродукты,"{""measurements"":[],""percentages"":[],""calibres"":[""100/200""],""process"":[],""calibre"":[""100/200""]}",Креветка,1,1
MAP-02084,Креветки 100/200 салатная,KAIDA-P0217,Креветка,MAPPED_RULE,SHRIMP_GENERIC,0.92,R15,PRODUCT,Морепродукты,"{""measurements"":[],""percentages"":[],""calibres"":[""100/200""],""process"":[],""calibre"":[""100/200""]}",Креветка,1,1
MAP-02085,Креветки 13/15 в панцире с головой,KAIDA-P0217,Креветка,MAPPED_RULE,SHRIMP_GENERIC,0.92,R15,PRODUCT,Морепродукты,"{""measurements"":[],""percentages"":[],""calibres"":[""13/15""],""process"":[],""calibre"":[""13/15""],""shell"":""shell_on""}",Креветка,1,1
MAP-02086,Креветки 16/20 1кг б/г Стандарт Индия Seafood,KAIDA-P0217,Креветка,MAPPED_RULE,SHRIMP_GENERIC,0.92,R15,PRODUCT,All,"{""measurements"":[{""kind"":""value"",""value"":1.0,""unit"":""kg"",""raw"":""1кг""}],""percentages"":[],""calibres"":[""16/20""],""process"":[],""calibre"":[""16/20""],""head"":""without_head""}",Креветка,1,1
MAP-02087,Креветки 16/20 без головы бланшированные очищ. с хвостом Эконом SeaFood,KAIDA-P0217,Креветка,MAPPED_RULE,SHRIMP_GENERIC,0.92,R15,PRODUCT,Морепродукты,"{""measurements"":[],""percentages"":[],""calibres"":[""16/20""],""process"":[],""calibre"":[""16/20""],""head"":""without_head"",""cleaned"":true}",Креветка,1,1
MAP-02088,Креветки 16/20 в панцире 20%,KAIDA-P0217,Креветка,MAPPED_RULE,SHRIMP_GENERIC,0.92,R15,PRODUCT,Морепродукты,"{""measurements"":[],""percentages"":[20.0],""calibres"":[""16/20""],""process"":[],""calibre"":[""16/20""],""shell"":""shell_on""}",Креветка,1,1
MAP-02089,Креветки 16/20 очищенные,KAIDA-P0217,Креветка,MAPPED_RULE,SHRIMP_GENERIC,0.92,R15,PRODUCT,Морепродукты,"{""measurements"":[],""percentages"":[],""calibres"":[""16/20""],""process"":[],""calibre"":[""16/20""],""cleaned"":true}",Креветка,1,1
MAP-02090,Креветки 16/20 очищенные (глазурь 10%),KAIDA-P0217,Креветка,MAPPED_RULE,SHRIMP_GENERIC,0.92,R15,PRODUCT,Морепродукты,"{""measurements"":[],""percentages"":[10.0],""calibres"":[""16/20""],""process"":[],""calibre"":[""16/20""],""cleaned"":true}",Креветка,1,1
MAP-02091,Креветки 16/20 очищенные - упаковка 1 кг,KAIDA-P0217,Креветка,MAPPED_RULE,SHRIMP_GENERIC,0.92,R15,PRODUCT,Морепродукты,"{""measurements"":[{""kind"":""value"",""value"":1.0,""unit"":""kg"",""raw"":""1 кг""}],""percentages"":[],""calibres"":[""16/20""],""process"":[],""calibre"":[""16/20""],""cleaned"":true}",Креветка,1,1
MAP-02092,Креветки 16/20 очищенные вар. (20%),KAIDA-P0217,Креветка,MAPPED_RULE,SHRIMP_GENERIC,0.92,R15,PRODUCT,Морепродукты,"{""measurements"":[],""percentages"":[20.0],""calibres"":[""16/20""],""process"":[],""calibre"":[""16/20""],""cleaned"":true}",Креветка,1,1
MAP-02093,Креветки 16/20 очищенные вар. (5%),KAIDA-P0217,Креветка,MAPPED_RULE,SHRIMP_GENERIC,0.92,R15,PRODUCT,Морепродукты,"{""measurements"":[],""percentages"":[5.0],""calibres"":[""16/20""],""process"":[],""calibre"":[""16/20""],""cleaned"":true}",Креветка,1,1
MAP-02094,Креветки 16/20 сырые очищенные - упаковка 1 кг,KAIDA-P0217,Креветка,MAPPED_RULE,SHRIMP_GENERIC,0.92,R15,PRODUCT,Морепродукты,"{""measurements"":[{""kind"":""value"",""value"":1.0,""unit"":""kg"",""raw"":""1 кг""}],""percentages"":[],""calibres"":[""16/20""],""process"":[],""calibre"":[""16/20""],""cleaned"":true}",Креветка,1,1
MAP-02095,"Креветки 16/20, 1 кг, б\г, By Amiko Премиум, 7%",KAIDA-P0217,Креветка,MAPPED_RULE,SHRIMP_GENERIC,0.92,R15,PRODUCT,Креветки,"{""measurements"":[{""kind"":""value"",""value"":1.0,""unit"":""kg"",""raw"":""1 кг""}],""percentages"":[7.0],""calibres"":[""16/20""],""process"":[],""calibre"":[""16/20""]}",Креветка,1,1
MAP-02096,"Креветки 16/20,кг",KAIDA-P0217,Креветка,MAPPED_RULE,SHRIMP_GENERIC,0.92,R15,PRODUCT,Морепродукты,"{""measurements"":[],""percentages"":[],""calibres"":[""16/20""],""process"":[],""calibre"":[""16/20""]}",Креветка,1,1
MAP-02097,"Креветки 21/25 лёд-блок 1,8 кг вес нетто SeaFood Group",KAIDA-P0217,Креветка,MAPPED_RULE,SHRIMP_GENERIC,0.92,R15,PRODUCT,Морепродукты,"{""measurements"":[{""kind"":""value"",""value"":1.8,""unit"":""kg"",""raw"":""1,8 кг""}],""percentages"":[],""calibres"":[""21/25""],""process"":[],""calibre"":[""21/25""]}",Креветка,1,1
MAP-02098,"Креветки 26/30 лед блок 1,8кг SeaFood",KAIDA-P0217,Креветка,MAPPED_RULE,SHRIMP_GENERIC,0.92,R15,PRODUCT,Креветки,"{""measurements"":[{""kind"":""value"",""value"":1.8,""unit"":""kg"",""raw"":""1,8кг""}],""percentages"":[],""calibres"":[""26/30""],""process"":[],""calibre"":[""26/30""]}",Креветка,1,1
MAP-02099,Креветки 31/40 в панцире,KAIDA-P0217,Креветка,MAPPED_RULE,SHRIMP_GENERIC,0.92,R15,PRODUCT,Морепродукты,"{""measurements"":[],""percentages"":[],""calibres"":[""31/40""],""process"":[],""calibre"":[""31/40""],""shell"":""shell_on""}",Креветка,1,1
MAP-02100,Креветки 50/70,KAIDA-P0217,Креветка,MAPPED_RULE,SHRIMP_GENERIC,0.92,R15,PRODUCT,Морепродукты,"{""measurements"":[],""percentages"":[],""calibres"":[""50/70""],""process"":[],""calibre"":[""50/70""]}",Креветка,1,1
MAP-02101,Креветки 61/80,KAIDA-P0217,Креветка,MAPPED_RULE,SHRIMP_GENERIC,0.92,R15,PRODUCT,Морепродукты,"{""measurements"":[],""percentages"":[],""calibres"":[""61/80""],""process"":[],""calibre"":[""61/80""]}",Креветка,1,1
MAP-02102,Креветки 90/120 (пивные) - сухая заморозка,KAIDA-P0217,Креветка,MAPPED_RULE,SHRIMP_GENERIC,0.92,R15,PRODUCT,Морепродукты,"{""measurements"":[],""percentages"":[],""calibres"":[""90/120""],""process"":[],""calibre"":[""90/120""]}",Креветка,1,1
MAP-02103,"Креветки by Amiko 16/20, б/г, Стандарт",KAIDA-P0217,Креветка,MAPPED_RULE,SHRIMP_GENERIC,0.92,R15,PRODUCT,Товары для суши by Amiko,"{""measurements"":[],""percentages"":[],""calibres"":[""16/20""],""process"":[],""calibre"":[""16/20""],""head"":""without_head""}",Креветка,1,1
MAP-02104,Креветки Аргентинские,KAIDA-P0217,Креветка,MAPPED_RULE,SHRIMP_GENERIC,0.92,R15,PRODUCT,Креветки,"{""measurements"":[],""percentages"":[],""calibres"":[],""process"":[]}",Креветка,1,1
MAP-02105,"Креветки Аргентинские 41/50,кг",KAIDA-P0217,Креветка,MAPPED_RULE,SHRIMP_GENERIC,0.92,R15,PRODUCT,Морепродукты,"{""measurements"":[],""percentages"":[],""calibres"":[""41/50""],""process"":[],""calibre"":[""41/50""]}",Креветка,1,1
MAP-02106,Креветки бланшированные 100/200,KAIDA-P0217,Креветка,MAPPED_RULE,SHRIMP_GENERIC,0.92,R15,PRODUCT,Товары для суши by Amiko,"{""measurements"":[],""percentages"":[],""calibres"":[""100/200""],""process"":[],""calibre"":[""100/200""]}",Креветка,1,1
MAP-02107,Креветки в темпуре,KAIDA-P0217,Креветка,MAPPED_RULE,SHRIMP_GENERIC,0.92,R15,PRODUCT,Темпура,"{""measurements"":[],""percentages"":[],""calibres"":[],""process"":[]}",Креветка,1,1
MAP-02108,Креветки варёные чишеные,KAIDA-P0217,Креветка,MAPPED_RULE,SHRIMP_GENERIC,0.92,R15,PRODUCT,Морепродукты,"{""measurements"":[],""percentages"":[],""calibres"":[],""process"":[""boiled""]}",Креветка,1,1
MAP-02109,Креветки горячего копчения 100гр,KAIDA-P0217,Креветка,MAPPED_RULE,SHRIMP_GENERIC,0.92,R15,PRODUCT,РЫБА КОПЧЕНАЯ,"{""measurements"":[{""kind"":""value"",""value"":100.0,""unit"":""g"",""raw"":""100гр""}],""percentages"":[],""calibres"":[],""process"":[""smoked"",""smoked_hot""]}",Креветка,1,1
MAP-02110,"Креветки Гренландские,кг очищенные",KAIDA-P0217,Креветка,MAPPED_RULE,SHRIMP_GENERIC,0.92,R15,PRODUCT,Морепродукты,"{""measurements"":[],""percentages"":[],""calibres"":[],""process"":[],""cleaned"":true}",Креветка,1,1
MAP-02111,Креветки динамит,KAIDA-P0217,Креветка,MAPPED_RULE,SHRIMP_GENERIC,0.92,R15,PRODUCT,Закуски,"{""measurements"":[],""percentages"":[],""calibres"":[],""process"":[]}",Креветка,1,1
MAP-02112,Креветки Королевские .чишеные варёные,KAIDA-P0219,Креветка королевская,MAPPED_RULE,SHRIMP_SUBTYPE,0.97,R15,PRODUCT,Морепродукты,"{""measurements"":[],""percentages"":[],""calibres"":[],""process"":[""boiled""]}",Креветка,1,1
MAP-02113,"Креветки Королевские 40/60,кг",KAIDA-P0219,Креветка королевская,MAPPED_RULE,SHRIMP_SUBTYPE,0.97,R15,PRODUCT,Морепродукты,"{""measurements"":[],""percentages"":[],""calibres"":[""40/60""],""process"":[],""calibre"":[""40/60""]}",Креветка,1,1
MAP-02114,Креветки королевские в панцире (30/50),KAIDA-P0219,Креветка королевская,MAPPED_RULE,SHRIMP_SUBTYPE,0.97,R15,PRODUCT,Креветки,"{""measurements"":[],""percentages"":[],""calibres"":[""30/50""],""process"":[],""calibre"":[""30/50""],""shell"":""shell_on""}",Креветка,1,1
MAP-02115,Креветки королевские в панцире (50/70),KAIDA-P0219,Креветка королевская,MAPPED_RULE,SHRIMP_SUBTYPE,0.97,R15,PRODUCT,Креветки,"{""measurements"":[],""percentages"":[],""calibres"":[""50/70""],""process"":[],""calibre"":[""50/70""],""shell"":""shell_on""}",Креветка,1,1
MAP-02116,Креветки Королевские в Панцире с/м,KAIDA-P0219,Креветка королевская,MAPPED_RULE,SHRIMP_SUBTYPE,0.97,R15,PRODUCT,РЫБА С/М,"{""measurements"":[],""percentages"":[],""calibres"":[],""process"":[""frozen""],""shell"":""shell_on""}",Креветка,1,1
MAP-02117,Креветки Королевские на Хвостике,KAIDA-P0219,Креветка королевская,MAPPED_RULE,SHRIMP_SUBTYPE,0.97,R15,PRODUCT,РЫБА С/М,"{""measurements"":[],""percentages"":[],""calibres"":[],""process"":[]}",Креветка,1,1
MAP-02118,"Креветки на шпажках в чесночном маринаде сыромороженые, вес упаковка 500 гр",KAIDA-P0217,Креветка,MAPPED_RULE,SHRIMP_GENERIC,0.92,R15,PRODUCT,Креветки,"{""measurements"":[{""kind"":""value"",""value"":500.0,""unit"":""g"",""raw"":""500 гр""}],""percentages"":[],""calibres"":[],""process"":[]}",Креветка,1,1
MAP-02119,Креветки очищенные,KAIDA-P0217,Креветка,MAPPED_RULE,SHRIMP_GENERIC,0.92,R15,PRODUCT,Креветки,"{""measurements"":[],""percentages"":[],""calibres"":[],""process"":[],""cleaned"":true}",Креветка,1,1
MAP-02120,Креветки очищенные варено-мороженые обычные (200/300) п/у 1/300г vici любо есть,KAIDA-P0217,Креветка,MAPPED_RULE,SHRIMP_GENERIC,0.92,R15,PRODUCT,Морепродукты,"{""measurements"":[{""kind"":""value"",""value"":300.0,""unit"":""g"",""raw"":""300г""}],""percentages"":[],""calibres"":[""200/300""],""process"":[""boiled""],""calibre"":[""200/300""],""cleaned"":true}",Креветка,1,1
MAP-02121,Креветки Пивные с/м,KAIDA-P0217,Креветка,MAPPED_RULE,SHRIMP_GENERIC,0.92,R15,PRODUCT,РЫБА С/М,"{""measurements"":[],""percentages"":[],""calibres"":[],""process"":[""frozen""]}",Креветка,1,1
MAP-02122,Креветки пиль-пиль,KAIDA-P0217,Креветка,MAPPED_RULE,SHRIMP_GENERIC,0.92,R15,PRODUCT,Основные блюда,"{""measurements"":[],""percentages"":[],""calibres"":[],""process"":[]}",Креветка,1,1
MAP-02123,Креветки Приорити VICI 50/70 500г/в уп.,KAIDA-P0217,Креветка,MAPPED_RULE,SHRIMP_GENERIC,0.92,R15,PRODUCT,Морепродукты,"{""measurements"":[{""kind"":""value"",""value"":500.0,""unit"":""g"",""raw"":""500г""}],""percentages"":[],""calibres"":[""50/70""],""process"":[],""calibre"":[""50/70""]}",Креветка,1,1
MAP-02124,Креветки пухляш,KAIDA-P0217,Креветка,MAPPED_RULE,SHRIMP_GENERIC,0.92,R15,PRODUCT,Креветки,"{""measurements"":[],""percentages"":[],""calibres"":[],""process"":[]}",Креветка,1,1
MAP-02125,Креветки с рисом в азиатском соусе,KAIDA-P0217,Креветка,MAPPED_RULE,SHRIMP_GENERIC,0.92,R15,PRODUCT,Горячие блюда,"{""measurements"":[],""percentages"":[],""calibres"":[],""process"":[]}",Креветка,1,1
MAP-02126,Креветки салатные .вареные чищеные,KAIDA-P0217,Креветка,MAPPED_RULE,SHRIMP_GENERIC,0.92,R15,PRODUCT,Морепродукты,"{""measurements"":[],""percentages"":[],""calibres"":[],""process"":[""boiled""]}",Креветка,1,1
MAP-02127,"Креветки Салатные 200/300,кг",KAIDA-P0217,Креветка,MAPPED_RULE,SHRIMP_GENERIC,0.92,R15,PRODUCT,Морепродукты,"{""measurements"":[],""percentages"":[],""calibres"":[""200/300""],""process"":[],""calibre"":[""200/300""]}",Креветка,1,1
MAP-02128,Креветки Северные 90/120,KAIDA-P0217,Креветка,MAPPED_RULE,SHRIMP_GENERIC,0.92,R15,PRODUCT,Морепродукты,"{""measurements"":[],""percentages"":[],""calibres"":[""90/120""],""process"":[],""calibre"":[""90/120""]}",Креветка,1,1
MAP-02129,Креветки Сушок 100гр,KAIDA-P0217,Креветка,MAPPED_RULE,SHRIMP_GENERIC,0.92,R15,PRODUCT,СУШОК,"{""measurements"":[{""kind"":""value"",""value"":100.0,""unit"":""g"",""raw"":""100гр""}],""percentages"":[],""calibres"":[],""process"":[]}",Креветка,1,1
MAP-02130,Креветки сырые чищеные,KAIDA-P0217,Креветка,MAPPED_RULE,SHRIMP_GENERIC,0.92,R15,PRODUCT,Морепродукты,"{""measurements"":[],""percentages"":[],""calibres"":[],""process"":[]}",Креветка,1,1
MAP-02131,КРЕВЕТКИ ТЕМПУРА,KAIDA-P0217,Креветка,MAPPED_RULE,SHRIMP_GENERIC,0.92,R15,PRODUCT,MINI MENU,"{""measurements"":[],""percentages"":[],""calibres"":[],""process"":[]}",Креветка,1,1
MAP-02132,Креветки тигровые на шпажках,KAIDA-P0218,Креветка тигровая,MAPPED_RULE,SHRIMP_SUBTYPE,0.97,R15,PRODUCT,Горячие закуски,"{""measurements"":[],""percentages"":[],""calibres"":[],""process"":[]}",Креветка,1,1
MAP-02133,Креветки фри,KAIDA-P0217,Креветка,MAPPED_RULE,SHRIMP_GENERIC,0.92,R15,PRODUCT,Морепродукты,"{""measurements"":[],""percentages"":[],""calibres"":[],""process"":[]}",Креветка,1,1
MAP-02134,Креветки чищенные салатные,KAIDA-P0217,Креветка,MAPPED_RULE,SHRIMP_GENERIC,0.92,R15,PRODUCT,Креветки,"{""measurements"":[],""percentages"":[],""calibres"":[],""process"":[]}",Креветка,1,1
MAP-02150,Круассан Орео с мороженым,KAIDA-P0693,Круассан,MAPPED_RULE,BAKERY_BASE,0.94,R03,READY_DISH,Сладкие завтраки,"{""measurements"":[],""percentages"":[],""calibres"":[],""process"":[],""filling_text"":""мороженым""}",Круассан,1,1
MAP-02151,КРУАССАН С АНАНАСОМ,KAIDA-P0693,Круассан,MAPPED_RULE,BAKERY_BASE,0.94,R03,READY_DISH,ПИРОЖНЫЕ,"{""measurements"":[],""percentages"":[],""calibres"":[],""process"":[],""filling_text"":""ананасом""}",Круассан,1,1
MAP-02152,КРУАССАН С КОНФИТЮРОМ,KAIDA-P0693,Круассан,MAPPED_RULE,BAKERY_BASE,0.94,R03,READY_DISH,ПИРОЖНЫЕ,"{""measurements"":[],""percentages"":[],""calibres"":[],""process"":[],""filling_text"":""конфитюром""}",Круассан,1,1
MAP-02153,КРУАССАН С КОНФИТЮРОМ весовой,KAIDA-P0693,Круассан,MAPPED_RULE,BAKERY_BASE,0.94,R03,READY_DISH,ПИРОЖНЫЕ,"{""measurements"":[],""percentages"":[],""calibres"":[],""process"":[],""filling_text"":""конфитюром весовой""}",Круассан,1,1
MAP-02154,Круассан с копчёной говядиной,KAIDA-P0693,Круассан,MAPPED_RULE,BAKERY_BASE,0.94,R03,READY_DISH,Бранч Сэндвичи,"{""measurements"":[],""percentages"":[],""calibres"":[],""process"":[""smoked""],""filling_text"":""копченой говядиной""}",Круассан,1,1
MAP-02155,круассан с миндалем,KAIDA-P0693,Круассан,MAPPED_RULE,BAKERY_BASE,0.94,R03,READY_DISH,Выпечка,"{""measurements"":[],""percentages"":[],""calibres"":[],""process"":[],""filling_text"":""миндалем""}",Круассан,1,1
MAP-02156,Круассан с сыром моцарелла,KAIDA-P0693,Круассан,MAPPED_RULE,BAKERY_BASE,0.94,R03,READY_DISH,Бранч Сэндвичи,"{""measurements"":[],""percentages"":[],""calibres"":[],""process"":[],""filling_text"":""сыром моцарелла""}",Моцарелла,1,1
MAP-02157,Круассан с сёмгой и скремблом,KAIDA-P0693,Круассан,MAPPED_RULE,BAKERY_BASE,0.94,R03,READY_DISH,Сытные завтраки,"{""measurements"":[],""percentages"":[],""calibres"":[],""process"":[],""filling_text"":""семгой и скремблом""}",Круассан,1,1
MAP-02158,КРУАССАН С ТВОРОГОМ весовой,KAIDA-P0693,Круассан,MAPPED_RULE,BAKERY_BASE,0.94,R03,READY_DISH,ПИРОЖНЫЕ,"{""measurements"":[],""percentages"":[],""calibres"":[],""process"":[],""filling_text"":""творогом весовой""}",Круассан,1,1
MAP-02159,круассан с шоколадом,KAIDA-P0693,Круассан,MAPPED_RULE,BAKERY_BASE,0.94,R03,READY_DISH,Выпечка,"{""measurements"":[],""percentages"":[],""calibres"":[],""process"":[],""filling_text"":""шоколадом""}",Круассан,1,1
MAP-02160,круассан сливочный,KAIDA-P0693,Круассан,MAPPED_RULE,BAKERY_BASE,0.94,R03,READY_DISH,Выпечка,"{""measurements"":[],""percentages"":[],""calibres"":[],""process"":[]}",Круассан,1,1
MAP-02168,Кумин 100гр,KAIDA-P0622,Зира,MAPPED_AUTO,QUANT_STRIPPED_ALIAS,0.9,BASE_MATCH,PRODUCT,фасованное сырье,"{""measurements"":[{""kind"":""value"",""value"":100.0,""unit"":""g"",""raw"":""100гр""}],""percentages"":[],""calibres"":[],""process"":[]}",Зира,1,1
MAP-02192,ЛАНТЭЛЬ Какао doremix 200 г,KAIDA-P0738,Какао-порошок,MAPPED_RULE,COCOA_RAW_CONTEXT,0.96,R08,PRODUCT,Горячие напитки,"{""measurements"":[{""kind"":""value"",""value"":200.0,""unit"":""g"",""raw"":""200 г""}],""percentages"":[],""calibres"":[],""process"":[]}",Какао-порошок,1,1
MAP-02199,Латте соленый арахис,KAIDA-P0835,Латте,MAPPED_RULE,COFFEE_TYPE,0.97,R01,READY_DISH,Кофе,"{""measurements"":[],""percentages"":[],""calibres"":[],""process"":[]}",Арахис,1,1
MAP-02200,Лемонграсс 100 г,KAIDA-P0417,Лемонграсс,MAPPED_AUTO,QUANT_STRIPPED_CANONICAL,0.93,BASE_MATCH,PRODUCT,Овощи,"{""measurements"":[{""kind"":""value"",""value"":100.0,""unit"":""g"",""raw"":""100 г""}],""percentages"":[],""calibres"":[],""process"":[]}",Лемонграсс,1,1
MAP-02218,Лимонад (Банан-Киви),KAIDA-P0721,Лимонад,MAPPED_RULE,LEMONADE_BASE,0.94,R03,READY_DISH,Лимонады (Холодные напитки),"{""measurements"":[],""percentages"":[],""calibres"":[],""process"":[]}",Лимонад,1,1
MAP-02219,Лимонад (Гуава-Гуарана),KAIDA-P0721,Лимонад,MAPPED_RULE,LEMONADE_BASE,0.94,R03,READY_DISH,Лимонады (Холодные напитки),"{""measurements"":[],""percentages"":[],""calibres"":[],""process"":[]}",Лимонад,1,1
MAP-02220,Лимонад (Киви-Лайм),KAIDA-P0721,Лимонад,MAPPED_RULE,LEMONADE_BASE,0.94,R03,READY_DISH,Лимонады (Холодные напитки),"{""measurements"":[],""percentages"":[],""calibres"":[],""process"":[]}",Лимонад,1,1
MAP-02221,Лимонад (Манго-Маракуйя),KAIDA-P0721,Лимонад,MAPPED_RULE,LEMONADE_BASE,0.94,R03,READY_DISH,Лимонады (Холодные напитки),"{""measurements"":[],""percentages"":[],""calibres"":[],""process"":[]}",Маракуйя,1,1
MAP-02222,Лимонад (Ягодный),KAIDA-P0721,Лимонад,MAPPED_RULE,LEMONADE_BASE,0.94,R03,READY_DISH,Лимонады (Холодные напитки),"{""measurements"":[],""percentages"":[],""calibres"":[],""process"":[]}",Лимонад,1,1
MAP-02223,Лимонад боржоми,KAIDA-P0721,Лимонад,MAPPED_RULE,LEMONADE_BASE,0.94,R03,READY_DISH,Холодные напитки,"{""measurements"":[],""percentages"":[],""calibres"":[],""process"":[],""flavor_text"":""боржоми""}",Лимонад,1,1
MAP-02224,"Лимонад манго-маракуйя 0,4",KAIDA-P0721,Лимонад,MAPPED_RULE,LEMONADE_BASE,0.94,R03,READY_DISH,Напитки,"{""measurements"":[],""percentages"":[],""calibres"":[],""process"":[],""flavor_text"":""манго-маракуйя""}",Маракуйя,1,1
MAP-02225,"Лимонад Мохито 0,4",KAIDA-P0721,Лимонад,MAPPED_RULE,LEMONADE_BASE,0.94,R03,READY_DISH,Напитки,"{""measurements"":[],""percentages"":[],""calibres"":[],""process"":[],""flavor_text"":""мохито""}",Лимонад,1,1
MAP-02226,"Лимонад Мохито-клубника 0,4",KAIDA-P0721,Лимонад,MAPPED_RULE,LEMONADE_BASE,0.94,R03,READY_DISH,Напитки,"{""measurements"":[],""percentages"":[],""calibres"":[],""process"":[],""flavor_text"":""мохито-клубника""}",Клубника,1,1
MAP-02227,"Лимонад Ягодный 0,4",KAIDA-P0721,Лимонад,MAPPED_RULE,LEMONADE_BASE,0.94,R03,READY_DISH,Напитки,"{""measurements"":[],""percentages"":[],""calibres"":[],""process"":[],""flavor_text"":""ягодный""}",Лимонад,1,1
MAP-02228,Лимонад(Вишня-Лайм),KAIDA-P0721,Лимонад,MAPPED_RULE,LEMONADE_BASE,0.94,R03,READY_DISH,Лимонады (Холодные напитки),"{""measurements"":[],""percentages"":[],""calibres"":[],""process"":[]}",Лимонад,1,1
MAP-02229,Лингвини Pomodora с тигровыми креветками,KAIDA-P0218,Креветка тигровая,MAPPED_RULE,SHRIMP_SUBTYPE,0.97,R15,PRODUCT,Паста,"{""measurements"":[],""percentages"":[],""calibres"":[],""process"":[]}",Лингвини,1,1
MAP-02252,Манго 250 мл,KAIDA-P0461,Манго,MAPPED_AUTO,QUANT_STRIPPED_CANONICAL,0.93,BASE_MATCH,PRODUCT,Молочные коктейли,"{""measurements"":[{""kind"":""value"",""value"":250.0,""unit"":""ml"",""raw"":""250 мл""}],""percentages"":[],""calibres"":[],""process"":[]}",Манго,1,1
MAP-02275,Маракуйя 1 шт,KAIDA-P0466,Маракуйя,MAPPED_AUTO,QUANT_STRIPPED_CANONICAL,0.93,BASE_MATCH,PRODUCT,Фрукты,"{""measurements"":[{""kind"":""value"",""value"":1.0,""unit"":""pcs"",""raw"":""1 шт""}],""percentages"":[],""calibres"":[],""process"":[]}",Маракуйя,1,1
MAP-02287,Маш 1 кг,KAIDA-P0564,Фасоль маш,MAPPED_AUTO,QUANT_STRIPPED_ALIAS,0.9,BASE_MATCH,PRODUCT,Эко Бакалея,"{""measurements"":[{""kind"":""value"",""value"":1.0,""unit"":""kg"",""raw"":""1 кг""}],""percentages"":[],""calibres"":[],""process"":[]}",Фасоль маш,1,1
MAP-02300,Микс-ролл + Лимонад (м),KAIDA-P0721,Лимонад,MAPPED_RULE,LEMONADE_BASE,0.94,R03,READY_DISH,Комбо,"{""measurements"":[],""percentages"":[],""calibres"":[],""process"":[]}",Лимонад,1,1
MAP-02306,Мини самса 5 шт.,KAIDA-P0690,Самса,MAPPED_RULE,BAKERY_BASE,0.95,R03,READY_DISH,Выпечка,"{""measurements"":[{""kind"":""value"",""value"":5.0,""unit"":""pcs"",""raw"":""5 шт""}],""percentages"":[],""calibres"":[],""process"":[]}",Самса,1,1
MAP-02309,Мини-самса с курицей,KAIDA-P0690,Самса,MAPPED_RULE,BAKERY_BASE,0.95,R03,READY_DISH,Кулинария,"{""measurements"":[],""percentages"":[],""calibres"":[],""process"":[],""filling_text"":""курицей""}",Самса,1,1
MAP-02335,"Молочный Улун (0,5л)",KAIDA-P0846,Молочный улун,MAPPED_RULE,MILK_OOLONG,0.99,R06,PRODUCT,Чаи:,"{""measurements"":[{""kind"":""value"",""value"":0.5,""unit"":""l"",""raw"":""0,5л""}],""percentages"":[],""calibres"":[],""process"":[]}",Молочный коктейль,1,1
MAP-02336,Молочный Улун (1л),KAIDA-P0846,Молочный улун,MAPPED_RULE,MILK_OOLONG,0.99,R06,PRODUCT,Чаи:,"{""measurements"":[{""kind"":""value"",""value"":1.0,""unit"":""l"",""raw"":""1л""}],""percentages"":[],""calibres"":[],""process"":[]}",Молочный коктейль,1,1
MAP-02337,Молочный улун (400 мл),KAIDA-P0846,Молочный улун,MAPPED_RULE,MILK_OOLONG,0.99,R06,PRODUCT,Классические чаи,"{""measurements"":[{""kind"":""value"",""value"":400.0,""unit"":""ml"",""raw"":""400 мл""}],""percentages"":[],""calibres"":[],""process"":[]}",Молочный коктейль,1,1
MAP-02338,Молочный улун (800 мл),KAIDA-P0846,Молочный улун,MAPPED_RULE,MILK_OOLONG,0.99,R06,PRODUCT,Классические чаи,"{""measurements"":[{""kind"":""value"",""value"":800.0,""unit"":""ml"",""raw"":""800 мл""}],""percentages"":[],""calibres"":[],""process"":[]}",Молочный коктейль,1,1
MAP-02346,Моцарелла 180 г,KAIDA-P0307,Моцарелла,MAPPED_AUTO,QUANT_STRIPPED_CANONICAL,0.93,BASE_MATCH,PRODUCT,Сыры,"{""measurements"":[{""kind"":""value"",""value"":180.0,""unit"":""g"",""raw"":""180 г""}],""percentages"":[],""calibres"":[],""process"":[]}",Моцарелла,1,1
MAP-02361,Мята 100 г,KAIDA-P0399,Мята,MAPPED_AUTO,QUANT_STRIPPED_CANONICAL,0.93,BASE_MATCH,PRODUCT,Овощи,"{""measurements"":[{""kind"":""value"",""value"":100.0,""unit"":""g"",""raw"":""100 г""}],""percentages"":[],""calibres"":[],""process"":[]}",Мята,1,1
MAP-02362,Мята 50гр,KAIDA-P0399,Мята,MAPPED_AUTO,QUANT_STRIPPED_CANONICAL,0.93,BASE_MATCH,PRODUCT,фасованное сырье,"{""measurements"":[{""kind"":""value"",""value"":50.0,""unit"":""g"",""raw"":""50гр""}],""percentages"":[],""calibres"":[],""process"":[]}",Мята,1,1
MAP-02376,Наполеон Дольче с грецким орехом,KAIDA-P0808,Торт Наполеон,MAPPED_RULE,CAKE_RECIPE,0.96,R12,READY_DISH,Фирменные Наполеоны,"{""measurements"":[],""percentages"":[],""calibres"":[],""process"":[]}",Грецкий орех,1,1
MAP-02377,НАПОЛЕОН с варенным сгущенным молоком,KAIDA-P0808,Торт Наполеон,MAPPED_RULE,CAKE_RECIPE,0.96,R12,READY_DISH,ТОРТЫ масовочные,"{""measurements"":[],""percentages"":[],""calibres"":[],""process"":[""boiled""]}",Сгущённое молоко,1,1
MAP-02380,НАТАХТАРИ Лимонад саперави 1 л,KAIDA-P0721,Лимонад,MAPPED_RULE,LEMONADE_BASE,0.94,R03,READY_DISH,Безалкогольные напитки,"{""measurements"":[{""kind"":""value"",""value"":1.0,""unit"":""l"",""raw"":""1 л""}],""percentages"":[],""calibres"":[],""process"":[],""flavor_text"":""саперави""}",Лимонад,1,1
MAP-02381,НАТАХТАРИ Лимонад саперави 2 л,KAIDA-P0721,Лимонад,MAPPED_RULE,LEMONADE_BASE,0.94,R03,READY_DISH,Безалкогольные напитки,"{""measurements"":[{""kind"":""value"",""value"":2.0,""unit"":""l"",""raw"":""2 л""}],""percentages"":[],""calibres"":[],""process"":[],""flavor_text"":""саперави""}",Лимонад,1,1
MAP-02382,НАТАХТАРИ Лимонад саперави 500 мл,KAIDA-P0721,Лимонад,MAPPED_RULE,LEMONADE_BASE,0.94,R03,READY_DISH,Безалкогольные напитки,"{""measurements"":[{""kind"":""value"",""value"":500.0,""unit"":""ml"",""raw"":""500 мл""}],""percentages"":[],""calibres"":[],""process"":[],""flavor_text"":""саперави""}",Лимонад,1,1
MAP-02413,Острая креветка,KAIDA-P0217,Креветка,MAPPED_RULE,SHRIMP_GENERIC,0.92,R15,PRODUCT,Острые суши,"{""measurements"":[],""percentages"":[],""calibres"":[],""process"":[]}",Креветка,1,1
MAP-02456,Петрушка 50гр,KAIDA-P0395,Петрушка,MAPPED_AUTO,QUANT_STRIPPED_CANONICAL,0.93,BASE_MATCH,PRODUCT,фасованное сырье,"{""measurements"":[{""kind"":""value"",""value"":50.0,""unit"":""g"",""raw"":""50гр""}],""percentages"":[],""calibres"":[],""process"":[]}",Петрушка,1,1
MAP-02462,Пивные креветки,KAIDA-P0217,Креветка,MAPPED_RULE,SHRIMP_GENERIC,0.92,R15,PRODUCT,Закуски,"{""measurements"":[],""percentages"":[],""calibres"":[],""process"":[]}",Креветка,1,1
MAP-02463,Пивные креветки 90/120,KAIDA-P0217,Креветка,MAPPED_RULE,SHRIMP_GENERIC,0.92,R15,PRODUCT,Морепродукты,"{""measurements"":[],""percentages"":[],""calibres"":[""90/120""],""process"":[],""calibre"":[""90/120""]}",Креветка,1,1
MAP-02467,Пирожок жареный с картошкой,KAIDA-P0691,Пирожок,MAPPED_RULE,BAKERY_BASE,0.95,R03,READY_DISH,Выпечка,"{""measurements"":[],""percentages"":[],""calibres"":[],""process"":[""fried""],""filling_text"":""картошкой""}",Пирожок,1,1
MAP-02468,Пирожок жареный с яйцом и луком,KAIDA-P0691,Пирожок,MAPPED_RULE,BAKERY_BASE,0.95,R03,READY_DISH,Выпечка,"{""measurements"":[],""percentages"":[],""calibres"":[],""process"":[""fried""],""filling_text"":""яйцом и луком""}",Пирожок,1,1
MAP-02469,Пирожок печеный с капустой,KAIDA-P0691,Пирожок,MAPPED_RULE,BAKERY_BASE,0.95,R03,READY_DISH,Выпечка,"{""measurements"":[],""percentages"":[],""calibres"":[],""process"":[],""filling_text"":""капустой""}",Пирожок,1,1
MAP-02470,Пирожок печеный с картошкой,KAIDA-P0691,Пирожок,MAPPED_RULE,BAKERY_BASE,0.95,R03,READY_DISH,Выпечка,"{""measurements"":[],""percentages"":[],""calibres"":[],""process"":[],""filling_text"":""картошкой""}",Пирожок,1,1
MAP-02472,"Пицца c томатами, Песто и Страчателлой",KAIDA-P0822,Пицца,MAPPED_RULE,PIZZA_BASE,0.9,R12,READY_DISH,Пицца,"{""measurements"":[],""percentages"":[],""calibres"":[],""process"":[]}",Песто,1,1
MAP-02480,Пресованная креветка,KAIDA-P0217,Креветка,MAPPED_RULE,SHRIMP_GENERIC,0.92,R15,PRODUCT,Пресованные,"{""measurements"":[],""percentages"":[],""calibres"":[],""process"":[]}",Креветка,1,1
MAP-02526,Равиоли с креветками и песто,KAIDA-P0217,Креветка,MAPPED_RULE,SHRIMP_GENERIC,0.92,R15,PRODUCT,Паста,"{""measurements"":[],""percentages"":[],""calibres"":[],""process"":[]}",Песто,1,1
MAP-02531,РАХАТ Вафли какао 100 г,KAIDA-P0738,Какао-порошок,MAPPED_RULE,COCOA_RAW_CONTEXT,0.96,R08,PRODUCT,Сладости,"{""measurements"":[{""kind"":""value"",""value"":100.0,""unit"":""g"",""raw"":""100 г""}],""percentages"":[],""calibres"":[],""process"":[]}",Какао-порошок,1,1
MAP-02544,Рикотта 100 г,KAIDA-P0310,Рикотта,MAPPED_AUTO,QUANT_STRIPPED_CANONICAL,0.93,BASE_MATCH,PRODUCT,Сыры,"{""measurements"":[{""kind"":""value"",""value"":100.0,""unit"":""g"",""raw"":""100 г""}],""percentages"":[],""calibres"":[],""process"":[]}",Рикотта,1,1
MAP-02553,Рисовая каша с Манго и соусом Маракуя,KAIDA-P0832,Рисовая каша,MAPPED_RULE,NAMED_READY_DISH,0.98,R07,READY_DISH,Каши,"{""measurements"":[],""percentages"":[],""calibres"":[],""process"":[]}",Манго,1,1
MAP-02560,Ролл Креветка & Креветка,KAIDA-P0217,Креветка,MAPPED_RULE,SHRIMP_GENERIC,0.92,R15,PRODUCT,Футомаки,"{""measurements"":[],""percentages"":[],""calibres"":[],""process"":[]}",Креветка,1,1
MAP-02564,Руккола с креветками,KAIDA-P0217,Креветка,MAPPED_RULE,SHRIMP_GENERIC,0.92,R15,PRODUCT,Салаты,"{""measurements"":[],""percentages"":[],""calibres"":[],""process"":[]}",Руккола,1,1
MAP-02566,"Рулет ""Черный Лес""",KAIDA-P0867,Торт Чёрный лес,MAPPED_RULE,I3_HIGH_IMPACT,0.95,I3-HIGH,READY_DISH,Торты по предзаказу,"{""measurements"":[],""percentages"":[],""calibres"":[],""process"":[]}",Чай чёрный,1,1
MAP-02568,С КРЕВЕТКАМИ,KAIDA-P0217,Креветка,MAPPED_RULE,SHRIMP_GENERIC,0.92,R15,PRODUCT,TomYum,"{""measurements"":[],""percentages"":[],""calibres"":[],""process"":[]}",Креветка,1,1
MAP-02579,"Салат из авокадо, манго и креветок",KAIDA-P0217,Креветка,MAPPED_RULE,SHRIMP_GENERIC,0.92,R15,PRODUCT,Салаты,"{""measurements"":[],""percentages"":[],""calibres"":[],""process"":[]}",Авокадо,1,1
MAP-02593,"Салат с креветками, авокадо и моцареллой",KAIDA-P0217,Креветка,MAPPED_RULE,SHRIMP_GENERIC,0.92,R15,PRODUCT,Салаты,"{""measurements"":[],""percentages"":[],""calibres"":[],""process"":[]}",Авокадо,1,1
MAP-02594,Салат с семгой и авокадо,KAIDA-P0173,Атлантический лосось,MAPPED_RULE,SEMGA_ALIAS,0.98,R13,PRODUCT,Салаты,"{""measurements"":[],""percentages"":[],""calibres"":[],""process"":[]}",Авокадо,1,1
MAP-02598,Самса говядина рубленая 1 шт,KAIDA-P0690,Самса,MAPPED_RULE,BAKERY_BASE,0.95,R03,READY_DISH,Горячее меню,"{""measurements"":[{""kind"":""value"",""value"":1.0,""unit"":""pcs"",""raw"":""1 шт""}],""percentages"":[],""calibres"":[],""process"":[]}",Говядина,1,1
MAP-02599,Самса говядина рубленая/картофель,KAIDA-P0690,Самса,MAPPED_RULE,BAKERY_BASE,0.95,R03,READY_DISH,Замороженная продукция,"{""measurements"":[],""percentages"":[],""calibres"":[],""process"":[]}",Картофель,1,1
MAP-02600,Самса говядина рубленая/картофель 1 шт,KAIDA-P0690,Самса,MAPPED_RULE,BAKERY_BASE,0.95,R03,READY_DISH,Горячее меню,"{""measurements"":[{""kind"":""value"",""value"":1.0,""unit"":""pcs"",""raw"":""1 шт""}],""percentages"":[],""calibres"":[],""process"":[]}",Картофель,1,1
MAP-02601,Самса говядина рубленая/тыква,KAIDA-P0690,Самса,MAPPED_RULE,BAKERY_BASE,0.95,R03,READY_DISH,Замороженная продукция,"{""measurements"":[],""percentages"":[],""calibres"":[],""process"":[]}",Говядина,1,1
MAP-02602,Самса говядина рубленая/тыква 1 шт,KAIDA-P0690,Самса,MAPPED_RULE,BAKERY_BASE,0.95,R03,READY_DISH,Горячее меню,"{""measurements"":[{""kind"":""value"",""value"":1.0,""unit"":""pcs"",""raw"":""1 шт""}],""percentages"":[],""calibres"":[],""process"":[]}",Говядина,1,1
MAP-02603,Самса Дастархан,KAIDA-P0690,Самса,MAPPED_RULE,BAKERY_BASE,0.95,R03,READY_DISH,Кулинария,"{""measurements"":[],""percentages"":[],""calibres"":[],""process"":[]}",Самса,1,1
MAP-02604,Самса курица,KAIDA-P0690,Самса,MAPPED_RULE,BAKERY_BASE,0.95,R03,READY_DISH,Замороженная продукция,"{""measurements"":[],""percentages"":[],""calibres"":[],""process"":[]}",Курица,1,1
MAP-02605,Самса курица 1 шт,KAIDA-P0690,Самса,MAPPED_RULE,BAKERY_BASE,0.95,R03,READY_DISH,Горячее меню,"{""measurements"":[{""kind"":""value"",""value"":1.0,""unit"":""pcs"",""raw"":""1 шт""}],""percentages"":[],""calibres"":[],""process"":[]}",Курица,1,1
MAP-02606,Самса овощная,KAIDA-P0690,Самса,MAPPED_RULE,BAKERY_BASE,0.95,R03,READY_DISH,Замороженная продукция,"{""measurements"":[],""percentages"":[],""calibres"":[],""process"":[]}",Самса,1,1
MAP-02607,Самса овощная 1 шт,KAIDA-P0690,Самса,MAPPED_RULE,BAKERY_BASE,0.95,R03,READY_DISH,Горячее меню,"{""measurements"":[{""kind"":""value"",""value"":1.0,""unit"":""pcs"",""raw"":""1 шт""}],""percentages"":[],""calibres"":[],""process"":[]}",Самса,1,1
MAP-02608,Самса с говядиной рубленой,KAIDA-P0690,Самса,MAPPED_RULE,BAKERY_BASE,0.95,R03,READY_DISH,Замороженная продукция,"{""measurements"":[],""percentages"":[],""calibres"":[],""process"":[],""filling_text"":""говядиной рубленой""}",Самса,1,1
MAP-02609,Самса с костным мозгом Seker,KAIDA-P0690,Самса,MAPPED_RULE,BAKERY_BASE,0.95,R03,READY_DISH,Выпечка,"{""measurements"":[],""percentages"":[],""calibres"":[],""process"":[],""filling_text"":""костным мозгом seker""}",Самса,1,1
MAP-02610,самса с курицей/с мясом,KAIDA-P0690,Самса,MAPPED_RULE,BAKERY_BASE,0.95,R03,READY_DISH,Выпечка,"{""measurements"":[],""percentages"":[],""calibres"":[],""process"":[],""filling_text"":""курицей/с мясом""}",Самса,1,1
MAP-02611,Самса с сыром Моцарелла,KAIDA-P0690,Самса,MAPPED_RULE,BAKERY_BASE,0.95,R03,READY_DISH,Замороженная продукция,"{""measurements"":[],""percentages"":[],""calibres"":[],""process"":[],""filling_text"":""сыром моцарелла""}",Моцарелла,1,1
MAP-02612,Самса с сыром Моцарелла 1 шт,KAIDA-P0690,Самса,MAPPED_RULE,BAKERY_BASE,0.95,R03,READY_DISH,Горячее меню,"{""measurements"":[{""kind"":""value"",""value"":1.0,""unit"":""pcs"",""raw"":""1 шт""}],""percentages"":[],""calibres"":[],""process"":[],""filling_text"":""сыром моцарелла 1 шт""}",Моцарелла,1,1
MAP-02613,Самса слоеная с курицей,KAIDA-P0690,Самса,MAPPED_RULE,BAKERY_BASE,0.95,R03,READY_DISH,Кулинария,"{""measurements"":[],""percentages"":[],""calibres"":[],""process"":[],""filling_text"":""курицей""}",Самса,1,1
MAP-02614,Самса со шпинатом и брынзой,KAIDA-P0690,Самса,MAPPED_RULE,BAKERY_BASE,0.95,R03,READY_DISH,Выпечка,"{""measurements"":[],""percentages"":[],""calibres"":[],""process"":[],""filling_text"":""шпинатом и брынзой""}",Самса,1,1
MAP-02621,"Свекла, 1 кг",KAIDA-P0348,Свёкла,MAPPED_AUTO,QUANT_STRIPPED_CANONICAL,0.93,BASE_MATCH,PRODUCT,Овощи,"{""measurements"":[{""kind"":""value"",""value"":1.0,""unit"":""kg"",""raw"":""1 кг""}],""percentages"":[],""calibres"":[],""process"":[]}",Свёкла,1,1
MAP-02631,Семга (Лосось) 6-7 кг,KAIDA-P0173,Атлантический лосось,MAPPED_RULE,SEMGA_ALIAS,0.98,R13,PRODUCT,Рыба,"{""measurements"":[{""kind"":""range"",""min"":6.0,""max"":7.0,""unit"":""kg"",""raw"":""6-7 кг""}],""percentages"":[],""calibres"":[],""process"":[]}",Тихоокеанский лосось,1,1
MAP-02632,Семга 3-4кг,KAIDA-P0173,Атлантический лосось,MAPPED_RULE,SEMGA_ALIAS,0.98,R13,PRODUCT,Рыба свежемороженная,"{""measurements"":[{""kind"":""range"",""min"":3.0,""max"":4.0,""unit"":""kg"",""raw"":""3-4кг""}],""percentages"":[],""calibres"":[],""process"":[]}",Атлантический лосось,1,1
MAP-02633,Семга 5-6кг,KAIDA-P0173,Атлантический лосось,MAPPED_RULE,SEMGA_ALIAS,0.98,R13,PRODUCT,Рыба свежемороженная,"{""measurements"":[{""kind"":""range"",""min"":5.0,""max"":6.0,""unit"":""kg"",""raw"":""5-6кг""}],""percentages"":[],""calibres"":[],""process"":[]}",Атлантический лосось,1,1
MAP-02634,"Семга малосоленая, вес упаковка 300-400 гр.",KAIDA-P0173,Атлантический лосось,MAPPED_RULE,SEMGA_ALIAS,0.98,R13,PRODUCT,Копченая и малосоленая рыба,"{""measurements"":[{""kind"":""range"",""min"":300.0,""max"":400.0,""unit"":""g"",""raw"":""300-400 гр""}],""percentages"":[],""calibres"":[],""process"":[]}",Атлантический лосось,1,1
MAP-02635,"Семга малосольная/подкопченная,кг",KAIDA-P0173,Атлантический лосось,MAPPED_RULE,SEMGA_ALIAS,0.98,R13,PRODUCT,Рыба вяленая/копченая,"{""measurements"":[],""percentages"":[],""calibres"":[],""process"":[""lightly_salted"",""smoked""]}",Атлантический лосось,1,1
MAP-02636,Семга Норвегия 2-3кг,KAIDA-P0173,Атлантический лосось,MAPPED_RULE,SEMGA_ALIAS,0.98,R13,PRODUCT,Свежемороженная рыба,"{""measurements"":[{""kind"":""range"",""min"":2.0,""max"":3.0,""unit"":""kg"",""raw"":""2-3кг""}],""percentages"":[],""calibres"":[],""process"":[]}",Атлантический лосось,1,1
MAP-02637,Семга Норвегия 3–4 кг,KAIDA-P0173,Атлантический лосось,MAPPED_RULE,SEMGA_ALIAS,0.98,R13,PRODUCT,Свежемороженная рыба,"{""measurements"":[{""kind"":""range"",""min"":3.0,""max"":4.0,""unit"":""kg"",""raw"":""3–4 кг""}],""percentages"":[],""calibres"":[],""process"":[]}",Атлантический лосось,1,1
MAP-02638,Семга Норвегия 5–6 кг,KAIDA-P0173,Атлантический лосось,MAPPED_RULE,SEMGA_ALIAS,0.98,R13,PRODUCT,Свежемороженная рыба,"{""measurements"":[{""kind"":""range"",""min"":5.0,""max"":6.0,""unit"":""kg"",""raw"":""5–6 кг""}],""percentages"":[],""calibres"":[],""process"":[]}",Атлантический лосось,1,1
MAP-02639,Семга Норвегия 6–7 кг,KAIDA-P0173,Атлантический лосось,MAPPED_RULE,SEMGA_ALIAS,0.98,R13,PRODUCT,Свежемороженная рыба,"{""measurements"":[{""kind"":""range"",""min"":6.0,""max"":7.0,""unit"":""kg"",""raw"":""6–7 кг""}],""percentages"":[],""calibres"":[],""process"":[]}",Атлантический лосось,1,1
MAP-02640,Семга Норвегия 7-8 кг,KAIDA-P0173,Атлантический лосось,MAPPED_RULE,SEMGA_ALIAS,0.98,R13,PRODUCT,Свежемороженная рыба,"{""measurements"":[{""kind"":""range"",""min"":7.0,""max"":8.0,""unit"":""kg"",""raw"":""7-8 кг""}],""percentages"":[],""calibres"":[],""process"":[]}",Атлантический лосось,1,1
MAP-02641,Семга Норвегия 8-9 кг,KAIDA-P0173,Атлантический лосось,MAPPED_RULE,SEMGA_ALIAS,0.98,R13,PRODUCT,Свежемороженная рыба,"{""measurements"":[{""kind"":""range"",""min"":8.0,""max"":9.0,""unit"":""kg"",""raw"":""8-9 кг""}],""percentages"":[],""calibres"":[],""process"":[]}",Атлантический лосось,1,1
MAP-02642,Семга стейк,KAIDA-P0242,Стейк лосося,MAPPED_RULE,FISH_CUT_PRODUCT,0.94,R13,PRODUCT,Рыба,"{""measurements"":[],""percentages"":[],""calibres"":[],""process"":[]}",Атлантический лосось,1,1
MAP-02643,Семга тушка,KAIDA-P0173,Атлантический лосось,MAPPED_RULE,SEMGA_ALIAS,0.98,R13,PRODUCT,Рыба,"{""measurements"":[],""percentages"":[],""calibres"":[],""process"":[]}",Атлантический лосось,1,1
MAP-02644,Семга филе на шкуре свежемороженая 300-400 гр.,KAIDA-P0173,Атлантический лосось,MAPPED_RULE,SEMGA_ALIAS,0.98,R13,PRODUCT,Замороженная рыба,"{""measurements"":[{""kind"":""range"",""min"":300.0,""max"":400.0,""unit"":""g"",""raw"":""300-400 гр""}],""percentages"":[],""calibres"":[],""process"":[""frozen""]}",Атлантический лосось,1,1
MAP-02645,"Семга филе на шкуре холодного копчения, вес упаковка 300-400 гр.",KAIDA-P0173,Атлантический лосось,MAPPED_RULE,SEMGA_ALIAS,0.98,R13,PRODUCT,Копченая и малосоленая рыба,"{""measurements"":[{""kind"":""range"",""min"":300.0,""max"":400.0,""unit"":""g"",""raw"":""300-400 гр""}],""percentages"":[],""calibres"":[],""process"":[""smoked"",""smoked_cold""]}",Атлантический лосось,1,1
MAP-02646,Семга хвост.голова,KAIDA-P0173,Атлантический лосось,MAPPED_RULE,SEMGA_ALIAS,0.98,R13,PRODUCT,Рыба,"{""measurements"":[],""percentages"":[],""calibres"":[],""process"":[]}",Атлантический лосось,1,1
MAP-02653,"Сет идеальный хот-дог говядина, 4колбаски + 4булки",KAIDA-P0789,Колбаса,MAPPED_RULE,SAUSAGE_BASE,0.82,R16,PRODUCT,Сеты,"{""measurements"":[],""percentages"":[],""calibres"":[],""process"":[]}",Говядина,1,1
MAP-02654,"Сет идеальный хот-дог курица, 4колбаски + 4булки",KAIDA-P0789,Колбаса,MAPPED_RULE,SAUSAGE_BASE,0.82,R16,PRODUCT,Сеты,"{""measurements"":[],""percentages"":[],""calibres"":[],""process"":[]}",Курица,1,1
MAP-02700,Спагетти с копченой семгой,KAIDA-P0173,Атлантический лосось,MAPPED_RULE,SEMGA_ALIAS,0.98,R13,PRODUCT,Паста,"{""measurements"":[],""percentages"":[],""calibres"":[],""process"":[""smoked""]}",Спагетти,1,1
MAP-02701,Спагетти с креветками,KAIDA-P0217,Креветка,MAPPED_RULE,SHRIMP_GENERIC,0.92,R15,PRODUCT,Фреш паста,"{""measurements"":[],""percentages"":[],""calibres"":[],""process"":[]}",Спагетти,1,1
MAP-02704,Стейк Кеты,KAIDA-P0804,Стейк кеты,MAPPED_RULE,FISH_CUT_PRODUCT,0.96,R13,PRODUCT,Замороженная рыба,"{""measurements"":[],""percentages"":[],""calibres"":[],""process"":[]}",Стейк лакедры,1,1
MAP-02706,Стейки Кижуч (лосось),KAIDA-P0242,Стейк лосося,MAPPED_RULE,FISH_CUT_PRODUCT,0.94,R13,PRODUCT,Рыба,"{""measurements"":[],""percentages"":[],""calibres"":[],""process"":[]}",Тихоокеанский лосось,1,1
MAP-02707,Стейки лосося (280+) вакуум,KAIDA-P0242,Стейк лосося,MAPPED_RULE,FISH_CUT_PRODUCT,0.94,R13,PRODUCT,Морепродукты,"{""measurements"":[],""percentages"":[],""calibres"":[],""process"":[]}",Стейк лосося,1,1
MAP-02709,Стейки семги.лосось,KAIDA-P0242,Стейк лосося,MAPPED_RULE,FISH_CUT_PRODUCT,0.94,R13,PRODUCT,Рыба,"{""measurements"":[],""percentages"":[],""calibres"":[],""process"":[]}",Тихоокеанский лосось,1,1
MAP-02712,Страчателла 100 г,KAIDA-P0309,Страчателла,MAPPED_AUTO,QUANT_STRIPPED_CANONICAL,0.93,BASE_MATCH,PRODUCT,Сыры,"{""measurements"":[{""kind"":""value"",""value"":100.0,""unit"":""g"",""raw"":""100 г""}],""percentages"":[],""calibres"":[],""process"":[]}",Страчателла,1,1
MAP-02730,Суп набор (Семга) - голова и хвост,KAIDA-P0173,Атлантический лосось,MAPPED_RULE,SEMGA_ALIAS,0.98,R13,PRODUCT,Рыба,"{""measurements"":[],""percentages"":[],""calibres"":[],""process"":[]}",Атлантический лосось,1,1
MAP-02742,СУШИ КРЕВЕТКА,KAIDA-P0217,Креветка,MAPPED_RULE,SHRIMP_GENERIC,0.92,R15,PRODUCT,Суши,"{""measurements"":[],""percentages"":[],""calibres"":[],""process"":[]}",Креветка,1,1
MAP-02757,Сёмга м/с,KAIDA-P0173,Атлантический лосось,MAPPED_RULE,SEMGA_ALIAS,0.98,R13,PRODUCT,Малосольная рыба,"{""measurements"":[],""percentages"":[],""calibres"":[],""process"":[]}",Атлантический лосось,1,1
MAP-02758,Сёмга охлажденная стейк 300 гр.,KAIDA-P0242,Стейк лосося,MAPPED_RULE,FISH_CUT_PRODUCT,0.94,R13,PRODUCT,Охлажденная рыба,"{""measurements"":[{""kind"":""value"",""value"":300.0,""unit"":""g"",""raw"":""300 гр""}],""percentages"":[],""calibres"":[],""process"":[""chilled""]}",Атлантический лосось,1,1
MAP-02759,Сёмга охлажденная филе на коже 300 гр.,KAIDA-P0173,Атлантический лосось,MAPPED_RULE,SEMGA_ALIAS,0.98,R13,PRODUCT,Охлажденная рыба,"{""measurements"":[{""kind"":""value"",""value"":300.0,""unit"":""g"",""raw"":""300 гр""}],""percentages"":[],""calibres"":[],""process"":[""chilled""]}",Атлантический лосось,1,1
MAP-02760,Сёмга Стейк 100гр,KAIDA-P0242,Стейк лосося,MAPPED_RULE,FISH_CUT_PRODUCT,0.94,R13,PRODUCT,РЫБА С/М,"{""measurements"":[{""kind"":""value"",""value"":100.0,""unit"":""g"",""raw"":""100гр""}],""percentages"":[],""calibres"":[],""process"":[]}",Атлантический лосось,1,1
MAP-02761,Сёмга Стейк вакуум 100гр,KAIDA-P0242,Стейк лосося,MAPPED_RULE,FISH_CUT_PRODUCT,0.94,R13,PRODUCT,РЫБА С/М,"{""measurements"":[{""kind"":""value"",""value"":100.0,""unit"":""g"",""raw"":""100гр""}],""percentages"":[],""calibres"":[],""process"":[]}",Атлантический лосось,1,1
MAP-02765,Тары 1 кг,KAIDA-P0517,Тары,MAPPED_AUTO,QUANT_STRIPPED_CANONICAL,0.93,BASE_MATCH,PRODUCT,Эко Бакалея,"{""measurements"":[{""kind"":""value"",""value"":1.0,""unit"":""kg"",""raw"":""1 кг""}],""percentages"":[],""calibres"":[],""process"":[]}",Тары,1,1
MAP-02769,теплый с креветками и авокадо,KAIDA-P0217,Креветка,MAPPED_RULE,SHRIMP_GENERIC,0.92,R15,PRODUCT,Салаты,"{""measurements"":[],""percentages"":[],""calibres"":[],""process"":[]}",Авокадо,1,1
MAP-02787,Торт Красный бархат,KAIDA-P0866,Торт Красный бархат,MAPPED_RULE,I3_HIGH_IMPACT,0.95,I3-HIGH,READY_DISH,Десерты,"{""measurements"":[],""percentages"":[],""calibres"":[],""process"":[]}",Лук красный,1,1
MAP-02831,фетучини с семгой и помидорами черри,KAIDA-P0173,Атлантический лосось,MAPPED_RULE,SEMGA_ALIAS,0.98,R13,PRODUCT,Паста,"{""measurements"":[],""percentages"":[],""calibres"":[],""process"":[]}",Фетучини,1,1
MAP-02901,Цукини с семгой,KAIDA-P0173,Атлантический лосось,MAPPED_RULE,SEMGA_ALIAS,0.98,R13,PRODUCT,Холодные закуски,"{""measurements"":[],""percentages"":[],""calibres"":[],""process"":[]}",Цукини,1,1
MAP-02915,Чай Молочный Улун,KAIDA-P0846,Молочный улун,MAPPED_RULE,MILK_OOLONG,0.99,R06,PRODUCT,Чай,"{""measurements"":[],""percentages"":[],""calibres"":[],""process"":[]}",Чай улун,1,1
MAP-02947,Чеснок 1 кг,KAIDA-P0364,Чеснок,MAPPED_AUTO,QUANT_STRIPPED_CANONICAL,0.93,BASE_MATCH,PRODUCT,Овощи,"{""measurements"":[{""kind"":""value"",""value"":1.0,""unit"":""kg"",""raw"":""1 кг""}],""percentages"":[],""calibres"":[],""process"":[]}",Чеснок,1,1
MAP-02949,ЧИЗКЕЙК МАНГО МАРАКУЙЯ,KAIDA-P0813,Чизкейк,MAPPED_RULE,CHEESECAKE_BASE,0.92,R12,READY_DISH,Десерты,"{""measurements"":[],""percentages"":[],""calibres"":[],""process"":[]}",Маракуйя,1,1
MAP-02950,Чизкейк с тары,KAIDA-P0813,Чизкейк,MAPPED_RULE,CHEESECAKE_BASE,0.92,R12,READY_DISH,Десерты,"{""measurements"":[],""percentages"":[],""calibres"":[],""process"":[]}",Тары,1,1
MAP-02972,"Шоколад молочный Master Martini (нат.ваниль,какао 33,6%) 10 кг",KAIDA-P0738,Какао-порошок,MAPPED_RULE,COCOA_RAW_CONTEXT,0.96,R08,PRODUCT,Шоколад Натуральный,"{""measurements"":[{""kind"":""value"",""value"":10.0,""unit"":""kg"",""raw"":""10 кг""}],""percentages"":[33.6],""calibres"":[],""process"":[]}",Какао-порошок,1,1
MAP-02989,Эспрессо тоник клюква,KAIDA-P0833,Эспрессо,MAPPED_RULE,COFFEE_TYPE,0.97,R01,READY_DISH,Холодный кофе:,"{""measurements"":[],""percentages"":[],""calibres"":[],""process"":[]}",Клюква,1,1
MAP-02997,яблочный наполеон,KAIDA-P0808,Торт Наполеон,MAPPED_RULE,CAKE_RECIPE,0.96,R12,READY_DISH,Десерты,"{""measurements"":[],""percentages"":[],""calibres"":[],""process"":[]}",Сок яблочный,1,1
MAP-03000,Ягодный 650 мл,KAIDA-P0839,Чай ягодный (напиток),MAPPED_RULE,PREPARED_TEA,0.95,R08,READY_DISH,Чайные Напитки,"{""measurements"":[{""kind"":""value"",""value"":650.0,""unit"":""ml"",""raw"":""650 мл""}],""percentages"":[],""calibres"":[],""process"":[]}",Морс ягодный,1,1
MAP-03001,Ягодный микс (400 мл),KAIDA-P0839,Чай ягодный (напиток),MAPPED_RULE,PREPARED_TEA,0.95,R08,READY_DISH,Авторские чаи,"{""measurements"":[{""kind"":""value"",""value"":400.0,""unit"":""ml"",""raw"":""400 мл""}],""percentages"":[],""calibres"":[],""process"":[]}",Морс ягодный,1,1
MAP-03002,Ягодный микс лимонад Premuim,KAIDA-P0721,Лимонад,MAPPED_RULE,LEMONADE_BASE,0.94,R03,READY_DISH,Лимонады,"{""measurements"":[],""percentages"":[],""calibres"":[],""process"":[],""flavor_text"":""premuim""}",Лимонад,1,1
MAP-03006,Яйца бенедикт с ветчиной,KAIDA-P0788,Ветчина,MAPPED_RULE,HAM_BASE,0.92,R16,PRODUCT,Бранчи,"{""measurements"":[],""percentages"":[],""calibres"":[],""process"":[]}",Куриные яйца,1,1
MAP-03010,Яки удон с креветками,KAIDA-P0217,Креветка,MAPPED_RULE,SHRIMP_GENERIC,0.92,R15,PRODUCT,Яки удон,"{""measurements"":[],""percentages"":[],""calibres"":[],""process"":[]}",Лапша удон,1,1
MAP-03023,Құрт 1 кг,KAIDA-P0333,Курт,MAPPED_AUTO,QUANT_STRIPPED_ALIAS,0.9,BASE_MATCH,PRODUCT,Национальная Молочная продукция,"{""measurements"":[{""kind"":""value"",""value"":1.0,""unit"":""kg"",""raw"":""1 кг""}],""percentages"":[],""calibres"":[],""process"":[]}",Курт,1,1
MAP-03024,Тары чизкейк,KAIDA-P0813,Чизкейк,MAPPED_RULE,CHEESECAKE_BASE,0.92,R12,READY_DISH,Десерты | Чизкейктер,"{""measurements"":[],""percentages"":[],""calibres"":[],""process"":[]}",Тары,9,9
MAP-03026,Лимон (50 гр.),KAIDA-P0454,Лимон,MAPPED_AUTO,QUANT_STRIPPED_CANONICAL,0.93,BASE_MATCH,PRODUCT,Чаи | Шай,"{""measurements"":[{""kind"":""value"",""value"":50.0,""unit"":""g"",""raw"":""50 гр""}],""percentages"":[],""calibres"":[],""process"":[]}",Лимон,7,7
MAP-03027,Лимонад гранат-малина 1000 мл,KAIDA-P0721,Лимонад,MAPPED_RULE,LEMONADE_BASE,0.94,R03,READY_DISH,Лимонад,"{""measurements"":[{""kind"":""value"",""value"":1000.0,""unit"":""ml"",""raw"":""1000 мл""}],""percentages"":[],""calibres"":[],""process"":[],""flavor_text"":""гранат-малина""}",Лимонад,7,7
MAP-03028,Лимонад гранат-малина 400 мл,KAIDA-P0721,Лимонад,MAPPED_RULE,LEMONADE_BASE,0.94,R03,READY_DISH,Лимонад,"{""measurements"":[{""kind"":""value"",""value"":400.0,""unit"":""ml"",""raw"":""400 мл""}],""percentages"":[],""calibres"":[],""process"":[],""flavor_text"":""гранат-малина""}",Лимонад,7,7
MAP-03029,Лимонад классика 1000 мл,KAIDA-P0721,Лимонад,MAPPED_RULE,LEMONADE_BASE,0.94,R03,READY_DISH,Лимонад,"{""measurements"":[{""kind"":""value"",""value"":1000.0,""unit"":""ml"",""raw"":""1000 мл""}],""percentages"":[],""calibres"":[],""process"":[],""flavor_text"":""классика""}",Лимонад,7,7
MAP-03030,Лимонад классика 400 мл,KAIDA-P0721,Лимонад,MAPPED_RULE,LEMONADE_BASE,0.94,R03,READY_DISH,Лимонад,"{""measurements"":[{""kind"":""value"",""value"":400.0,""unit"":""ml"",""raw"":""400 мл""}],""percentages"":[],""calibres"":[],""process"":[],""flavor_text"":""классика""}",Лимонад,7,7
MAP-03031,Лимонад манго-маракуйя 1000 мл,KAIDA-P0721,Лимонад,MAPPED_RULE,LEMONADE_BASE,0.94,R03,READY_DISH,Лимонад,"{""measurements"":[{""kind"":""value"",""value"":1000.0,""unit"":""ml"",""raw"":""1000 мл""}],""percentages"":[],""calibres"":[],""process"":[],""flavor_text"":""манго-маракуйя""}",Маракуйя,7,7
MAP-03032,Лимонад манго-маракуйя 400 мл,KAIDA-P0721,Лимонад,MAPPED_RULE,LEMONADE_BASE,0.94,R03,READY_DISH,Лимонад,"{""measurements"":[{""kind"":""value"",""value"":400.0,""unit"":""ml"",""raw"":""400 мл""}],""percentages"":[],""calibres"":[],""process"":[],""flavor_text"":""манго-маракуйя""}",Маракуйя,7,7
MAP-03033,Лимонад мята-банан 400 мл,KAIDA-P0721,Лимонад,MAPPED_RULE,LEMONADE_BASE,0.94,R03,READY_DISH,Лимонад,"{""measurements"":[{""kind"":""value"",""value"":400.0,""unit"":""ml"",""raw"":""400 мл""}],""percentages"":[],""calibres"":[],""process"":[],""flavor_text"":""мята-банан""}",Лимонад,7,7
MAP-03037,Форель,KAIDA-P0802,Форель,MAPPED_RULE,GENERIC_FISH_PARENT,0.95,R13,PRODUCT,Горячее | Рыба | Солено-копченая рыба | Стейки кеты | Хоспер,"{""measurements"":[],""percentages"":[],""calibres"":[],""process"":[]}",Форель радужная,6,6
MAP-03061,Круассан со сгущенкой,KAIDA-P0693,Круассан,MAPPED_RULE,BAKERY_BASE,0.94,R03,READY_DISH,Булочные изделия,"{""measurements"":[],""percentages"":[],""calibres"":[],""process"":[],""filling_text"":""сгущенкой""}",Круассан,4,4
MAP-03066,Слойка Косичка,KAIDA-P0692,Слойка,MAPPED_RULE,BAKERY_BASE,0.94,R03,READY_DISH,Булочные изделия,"{""measurements"":[],""percentages"":[],""calibres"":[],""process"":[]}",Слойка,4,4
MAP-03075,Фетучини с семгой,KAIDA-P0173,Атлантический лосось,MAPPED_RULE,SEMGA_ALIAS,0.98,R13,PRODUCT,Итальянская кухня | Паста,"{""measurements"":[],""percentages"":[],""calibres"":[],""process"":[]}",Фетучини,4,4
MAP-03077,Апельсиново-яблочный фрэш 0.3L,KAIDA-P0842,Фреш яблочный,MAPPED_RULE,FRESH_CONTEXT,0.98,R08,READY_DISH,Фреши,"{""measurements"":[{""kind"":""value"",""value"":0.3,""unit"":""l"",""raw"":""0.3L""}],""percentages"":[],""calibres"":[],""process"":[]}",Сок яблочный,3,3
MAP-03078,"Апельсиновый фрэш 0,3L",KAIDA-P0843,Фреш апельсиновый,MAPPED_RULE,FRESH_CONTEXT,0.98,R08,READY_DISH,Фреши,"{""measurements"":[{""kind"":""value"",""value"":0.3,""unit"":""l"",""raw"":""0,3L""}],""percentages"":[],""calibres"":[],""process"":[]}",Сок апельсиновый,3,3
MAP-03085,Какао-бамбл,KAIDA-P0844,Какао (напиток),MAPPED_RULE,COCOA_DRINK_CONTEXT,0.98,R08,READY_DISH,Какао,"{""measurements"":[],""percentages"":[],""calibres"":[],""process"":[]}",Какао-порошок,3,3
MAP-03086,Какао-вишня,KAIDA-P0844,Какао (напиток),MAPPED_RULE,COCOA_DRINK_CONTEXT,0.98,R08,READY_DISH,Какао,"{""measurements"":[],""percentages"":[],""calibres"":[],""process"":[]}",Вишня,3,3
MAP-03089,Круассан классический,KAIDA-P0693,Круассан,MAPPED_RULE,BAKERY_BASE,0.94,R03,READY_DISH,Витрина,"{""measurements"":[],""percentages"":[],""calibres"":[],""process"":[]}",Круассан,3,3
MAP-03090,Круассан клубничный,KAIDA-P0693,Круассан,MAPPED_RULE,BAKERY_BASE,0.94,R03,READY_DISH,Витрина,"{""measurements"":[],""percentages"":[],""calibres"":[],""process"":[]}",Круассан,3,3
MAP-03091,Круассан миндальный,KAIDA-P0693,Круассан,MAPPED_RULE,BAKERY_BASE,0.94,R03,READY_DISH,Витрина,"{""measurements"":[],""percentages"":[],""calibres"":[],""process"":[]}",Круассан,3,3
MAP-03092,Круассан шоколадный,KAIDA-P0693,Круассан,MAPPED_RULE,BAKERY_BASE,0.94,R03,READY_DISH,Витрина,"{""measurements"":[],""percentages"":[],""calibres"":[],""process"":[]}",Круассан,3,3
MAP-03094,"Лимонад апельсин-маракуйя 0,4L",KAIDA-P0721,Лимонад,MAPPED_RULE,LEMONADE_BASE,0.94,R03,READY_DISH,Лимонады,"{""measurements"":[{""kind"":""value"",""value"":0.4,""unit"":""l"",""raw"":""0,4L""}],""percentages"":[],""calibres"":[],""process"":[],""flavor_text"":""апельсин-маракуйя""}",Апельсин,3,3
MAP-03095,Лимонад апельсин-маракуйя 1L,KAIDA-P0721,Лимонад,MAPPED_RULE,LEMONADE_BASE,0.94,R03,READY_DISH,Лимонады,"{""measurements"":[{""kind"":""value"",""value"":1.0,""unit"":""l"",""raw"":""1L""}],""percentages"":[],""calibres"":[],""process"":[],""flavor_text"":""апельсин-маракуйя""}",Апельсин,3,3
MAP-03096,Лимонад Голубика–Лаванда,KAIDA-P0721,Лимонад,MAPPED_RULE,LEMONADE_BASE,0.94,R03,READY_DISH,Лимонад,"{""measurements"":[],""percentages"":[],""calibres"":[],""process"":[],""flavor_text"":""голубика–лаванда""}",Голубика,3,3
MAP-03097,"Лимонад манго-клубника 0,4L",KAIDA-P0721,Лимонад,MAPPED_RULE,LEMONADE_BASE,0.94,R03,READY_DISH,Лимонады,"{""measurements"":[{""kind"":""value"",""value"":0.4,""unit"":""l"",""raw"":""0,4L""}],""percentages"":[],""calibres"":[],""process"":[],""flavor_text"":""манго-клубника""}",Клубника,3,3
MAP-03098,Лимонад манго-клубника 1L,KAIDA-P0721,Лимонад,MAPPED_RULE,LEMONADE_BASE,0.94,R03,READY_DISH,Лимонады,"{""measurements"":[{""kind"":""value"",""value"":1.0,""unit"":""l"",""raw"":""1L""}],""percentages"":[],""calibres"":[],""process"":[],""flavor_text"":""манго-клубника""}",Клубника,3,3
MAP-03099,"Лимонад манго-маракуйя 0,4L",KAIDA-P0721,Лимонад,MAPPED_RULE,LEMONADE_BASE,0.94,R03,READY_DISH,Лимонады,"{""measurements"":[{""kind"":""value"",""value"":0.4,""unit"":""l"",""raw"":""0,4L""}],""percentages"":[],""calibres"":[],""process"":[],""flavor_text"":""манго-маракуйя""}",Маракуйя,3,3
MAP-03100,Лимонад манго-маракуйя 1L,KAIDA-P0721,Лимонад,MAPPED_RULE,LEMONADE_BASE,0.94,R03,READY_DISH,Лимонады,"{""measurements"":[{""kind"":""value"",""value"":1.0,""unit"":""l"",""raw"":""1L""}],""percentages"":[],""calibres"":[],""process"":[],""flavor_text"":""манго-маракуйя""}",Маракуйя,3,3
MAP-03101,"Лимонад мандарин-манго 0,4L",KAIDA-P0721,Лимонад,MAPPED_RULE,LEMONADE_BASE,0.94,R03,READY_DISH,Лимонады,"{""measurements"":[{""kind"":""value"",""value"":0.4,""unit"":""l"",""raw"":""0,4L""}],""percentages"":[],""calibres"":[],""process"":[],""flavor_text"":""мандарин-манго""}",Мандарин,3,3
MAP-03102,Лимонад мандарин-манго 1L,KAIDA-P0721,Лимонад,MAPPED_RULE,LEMONADE_BASE,0.94,R03,READY_DISH,Лимонады,"{""measurements"":[{""kind"":""value"",""value"":1.0,""unit"":""l"",""raw"":""1L""}],""percentages"":[],""calibres"":[],""process"":[],""flavor_text"":""мандарин-манго""}",Мандарин,3,3
MAP-03103,"Лимонад с мякотью вишня 0,4L",KAIDA-P0721,Лимонад,MAPPED_RULE,LEMONADE_BASE,0.94,R03,READY_DISH,Лимонады,"{""measurements"":[{""kind"":""value"",""value"":0.4,""unit"":""l"",""raw"":""0,4L""}],""percentages"":[],""calibres"":[],""process"":[],""flavor_text"":""с мякотью вишня""}",Лимонад,3,3
MAP-03104,Лимонад с мякотью вишня 1L,KAIDA-P0721,Лимонад,MAPPED_RULE,LEMONADE_BASE,0.94,R03,READY_DISH,Лимонады,"{""measurements"":[{""kind"":""value"",""value"":1.0,""unit"":""l"",""raw"":""1L""}],""percentages"":[],""calibres"":[],""process"":[],""flavor_text"":""с мякотью вишня""}",Лимонад,3,3
MAP-03105,"Лимонад с мякотью киви 0,4L",KAIDA-P0721,Лимонад,MAPPED_RULE,LEMONADE_BASE,0.94,R03,READY_DISH,Лимонады,"{""measurements"":[{""kind"":""value"",""value"":0.4,""unit"":""l"",""raw"":""0,4L""}],""percentages"":[],""calibres"":[],""process"":[],""flavor_text"":""с мякотью киви""}",Лимонад,3,3
MAP-03106,Лимонад с мякотью киви 1L,KAIDA-P0721,Лимонад,MAPPED_RULE,LEMONADE_BASE,0.94,R03,READY_DISH,Лимонады,"{""measurements"":[{""kind"":""value"",""value"":1.0,""unit"":""l"",""raw"":""1L""}],""percentages"":[],""calibres"":[],""process"":[],""flavor_text"":""с мякотью киви""}",Лимонад,3,3
MAP-03107,"Лимонад с мякотью клубника 0,4L",KAIDA-P0721,Лимонад,MAPPED_RULE,LEMONADE_BASE,0.94,R03,READY_DISH,Лимонады,"{""measurements"":[{""kind"":""value"",""value"":0.4,""unit"":""l"",""raw"":""0,4L""}],""percentages"":[],""calibres"":[],""process"":[],""flavor_text"":""с мякотью клубника""}",Клубника,3,3
MAP-03108,Лимонад с мякотью клубника 1L,KAIDA-P0721,Лимонад,MAPPED_RULE,LEMONADE_BASE,0.94,R03,READY_DISH,Лимонады,"{""measurements"":[{""kind"":""value"",""value"":1.0,""unit"":""l"",""raw"":""1L""}],""percentages"":[],""calibres"":[],""process"":[],""flavor_text"":""с мякотью клубника""}",Клубника,3,3
MAP-03109,"Лимонад с мякотью малины 0,4L",KAIDA-P0721,Лимонад,MAPPED_RULE,LEMONADE_BASE,0.94,R03,READY_DISH,Лимонады,"{""measurements"":[{""kind"":""value"",""value"":0.4,""unit"":""l"",""raw"":""0,4L""}],""percentages"":[],""calibres"":[],""process"":[],""flavor_text"":""с мякотью малины""}",Лимонад,3,3
MAP-03110,Лимонад с мякотью малины 1L,KAIDA-P0721,Лимонад,MAPPED_RULE,LEMONADE_BASE,0.94,R03,READY_DISH,Лимонады,"{""measurements"":[{""kind"":""value"",""value"":1.0,""unit"":""l"",""raw"":""1L""}],""percentages"":[],""calibres"":[],""process"":[],""flavor_text"":""с мякотью малины""}",Лимонад,3,3
MAP-03111,Лимонад Цветочный Личи,KAIDA-P0721,Лимонад,MAPPED_RULE,LEMONADE_BASE,0.94,R03,READY_DISH,Лимонад,"{""measurements"":[],""percentages"":[],""calibres"":[],""process"":[],""flavor_text"":""цветочный личи""}",Лимонад,3,3
MAP-03115,"Морковно-апельсиновый 0,3L",KAIDA-P0843,Фреш апельсиновый,MAPPED_RULE,FRESH_CONTEXT,0.98,R08,READY_DISH,Фреши,"{""measurements"":[{""kind"":""value"",""value"":0.3,""unit"":""l"",""raw"":""0,3L""}],""percentages"":[],""calibres"":[],""process"":[]}",Сок апельсиновый,3,3
MAP-03116,"Морковно-яблочный фрэш 0,3L",KAIDA-P0842,Фреш яблочный,MAPPED_RULE,FRESH_CONTEXT,0.98,R08,READY_DISH,Фреши,"{""measurements"":[{""kind"":""value"",""value"":0.3,""unit"":""l"",""raw"":""0,3L""}],""percentages"":[],""calibres"":[],""process"":[]}",Сок яблочный,3,3
MAP-03117,Слойка с изюмом,KAIDA-P0692,Слойка,MAPPED_RULE,BAKERY_BASE,0.94,R03,READY_DISH,Витрина,"{""measurements"":[],""percentages"":[],""calibres"":[],""process"":[],""filling_text"":""изюмом""}",Слойка,3,3
MAP-03125,"Яблочный фрэш 0,3L",KAIDA-P0842,Фреш яблочный,MAPPED_RULE,FRESH_CONTEXT,0.98,R08,READY_DISH,Фреши,"{""measurements"":[{""kind"":""value"",""value"":0.3,""unit"":""l"",""raw"":""0,3L""}],""percentages"":[],""calibres"":[],""process"":[]}",Сок яблочный,3,3
MAP-03133,"METRO Chef Картофель фри 9х9 мм 2,5 кг",KAIDA-P0826,Картофель фри,MAPPED_RULE,STRONG_TRANSFORMATION,0.99,R04,READY_DISH,Глубокая заморозка,"{""measurements"":[{""kind"":""value"",""value"":2.5,""unit"":""kg"",""raw"":""2,5 кг""}],""percentages"":[],""calibres"":[],""process"":[]}",Картофель,2,1
MAP-03136,Авокадо /50 гр,KAIDA-P0462,Авокадо,MAPPED_AUTO,QUANT_STRIPPED_CANONICAL,0.93,BASE_MATCH,PRODUCT,КУХНЯ,"{""measurements"":[{""kind"":""value"",""value"":50.0,""unit"":""g"",""raw"":""50 гр""}],""percentages"":[],""calibres"":[],""process"":[]}",Авокадо,2,2
MAP-03140,Брокколи /150 гр,KAIDA-P0391,Брокколи,MAPPED_AUTO,QUANT_STRIPPED_CANONICAL,0.93,BASE_MATCH,PRODUCT,КУХНЯ,"{""measurements"":[{""kind"":""value"",""value"":150.0,""unit"":""g"",""raw"":""150 гр""}],""percentages"":[],""calibres"":[],""process"":[]}",Брокколи,2,2
MAP-03141,Вишня 1шт,KAIDA-P0446,Вишня,MAPPED_AUTO,QUANT_STRIPPED_CANONICAL,0.93,BASE_MATCH,PRODUCT,Ассортимент эссенций,"{""measurements"":[{""kind"":""value"",""value"":1.0,""unit"":""pcs"",""raw"":""1шт""}],""percentages"":[],""calibres"":[],""process"":[]}",Вишня,2,2
MAP-03146,Гречка /150 гр,KAIDA-P0513,Гречка,MAPPED_AUTO,QUANT_STRIPPED_CANONICAL,0.93,BASE_MATCH,PRODUCT,КУХНЯ,"{""measurements"":[{""kind"":""value"",""value"":150.0,""unit"":""g"",""raw"":""150 гр""}],""percentages"":[],""calibres"":[],""process"":[]}",Гречка,2,2
MAP-03147,Груша 1шт,KAIDA-P0437,Груша,MAPPED_AUTO,QUANT_STRIPPED_CANONICAL,0.93,BASE_MATCH,PRODUCT,Ассортимент эссенций,"{""measurements"":[{""kind"":""value"",""value"":1.0,""unit"":""pcs"",""raw"":""1шт""}],""percentages"":[],""calibres"":[],""process"":[]}",Груша,2,2
MAP-03149,Дыня 1шт,KAIDA-P0480,Дыня,MAPPED_AUTO,QUANT_STRIPPED_CANONICAL,0.93,BASE_MATCH,PRODUCT,Ассортимент эссенций,"{""measurements"":[{""kind"":""value"",""value"":1.0,""unit"":""pcs"",""raw"":""1шт""}],""percentages"":[],""calibres"":[],""process"":[]}",Дыня,2,2
MAP-03150,индейка /50 гр,KAIDA-P0100,Индейка,MAPPED_AUTO,QUANT_STRIPPED_CANONICAL,0.93,BASE_MATCH,PRODUCT,КУХНЯ,"{""measurements"":[{""kind"":""value"",""value"":50.0,""unit"":""g"",""raw"":""50 гр""}],""percentages"":[],""calibres"":[],""process"":[]}",Индейка,2,2
MAP-03152,Картофель - 1 кг,KAIDA-P0342,Картофель,MAPPED_AUTO,QUANT_STRIPPED_CANONICAL,0.93,BASE_MATCH,PRODUCT,Нарезано/Почищенно | Овощи,"{""measurements"":[{""kind"":""value"",""value"":1.0,""unit"":""kg"",""raw"":""1 кг""}],""percentages"":[],""calibres"":[],""process"":[]}",Картофель,2,2
MAP-03153,картофель /150 гр,KAIDA-P0342,Картофель,MAPPED_AUTO,QUANT_STRIPPED_CANONICAL,0.93,BASE_MATCH,PRODUCT,КУХНЯ,"{""measurements"":[{""kind"":""value"",""value"":150.0,""unit"":""g"",""raw"":""150 гр""}],""percentages"":[],""calibres"":[],""process"":[]}",Картофель,2,2
MAP-03156,Кимчи /50 гр,KAIDA-P0764,Кимчи,MAPPED_AUTO,QUANT_STRIPPED_CANONICAL,0.93,BASE_MATCH,PRODUCT,КУХНЯ,"{""measurements"":[{""kind"":""value"",""value"":50.0,""unit"":""g"",""raw"":""50 гр""}],""percentages"":[],""calibres"":[],""process"":[]}",Кимчи,2,2
MAP-03159,Кокос 1шт,KAIDA-P0474,Кокос,MAPPED_AUTO,QUANT_STRIPPED_CANONICAL,0.93,BASE_MATCH,PRODUCT,Ассортимент эссенций,"{""measurements"":[{""kind"":""value"",""value"":1.0,""unit"":""pcs"",""raw"":""1шт""}],""percentages"":[],""calibres"":[],""process"":[]}",Кокос,2,2
MAP-03161,Круассан с лососем,KAIDA-P0693,Круассан,MAPPED_RULE,BAKERY_BASE,0.94,R03,READY_DISH,Бранч Сэндвичи | Сендвичи,"{""measurements"":[],""percentages"":[],""calibres"":[],""process"":[],""filling_text"":""лососем""}",Круассан,2,2
MAP-03163,лимонад /400 мл,KAIDA-P0721,Лимонад,MAPPED_RULE,LEMONADE_BASE,0.94,R03,READY_DISH,БАР,"{""measurements"":[{""kind"":""value"",""value"":400.0,""unit"":""ml"",""raw"":""400 мл""}],""percentages"":[],""calibres"":[],""process"":[],""flavor_text"":""/""}",Лимонад,2,2
MAP-03164,Лосось /50 гр,KAIDA-P0801,Лосось,MAPPED_AUTO,QUANT_STRIPPED_CANONICAL,0.93,BASE_MATCH,PRODUCT,КУХНЯ,"{""measurements"":[{""kind"":""value"",""value"":50.0,""unit"":""g"",""raw"":""50 гр""}],""percentages"":[],""calibres"":[],""process"":[]}",Тихоокеанский лосось,2,2
MAP-03165,Малина 1шт,KAIDA-P0489,Малина,MAPPED_AUTO,QUANT_STRIPPED_CANONICAL,0.93,BASE_MATCH,PRODUCT,Ассортимент эссенций,"{""measurements"":[{""kind"":""value"",""value"":1.0,""unit"":""pcs"",""raw"":""1шт""}],""percentages"":[],""calibres"":[],""process"":[]}",Малина,2,2
MAP-03167,Манго 1шт,KAIDA-P0461,Манго,MAPPED_AUTO,QUANT_STRIPPED_CANONICAL,0.93,BASE_MATCH,PRODUCT,Ассортимент эссенций,"{""measurements"":[{""kind"":""value"",""value"":1.0,""unit"":""pcs"",""raw"":""1шт""}],""percentages"":[],""calibres"":[],""process"":[]}",Манго,2,2
MAP-03172,морс /300 мл,KAIDA-P0718,Морс ягодный,MAPPED_AUTO,QUANT_STRIPPED_ALIAS,0.9,BASE_MATCH,PRODUCT,БАР,"{""measurements"":[{""kind"":""value"",""value"":300.0,""unit"":""ml"",""raw"":""300 мл""}],""percentages"":[],""calibres"":[],""process"":[]}",Морс ягодный,2,2
MAP-03173,Мята 1шт,KAIDA-P0399,Мята,MAPPED_AUTO,QUANT_STRIPPED_CANONICAL,0.93,BASE_MATCH,PRODUCT,Ассортимент эссенций,"{""measurements"":[{""kind"":""value"",""value"":1.0,""unit"":""pcs"",""raw"":""1шт""}],""percentages"":[],""calibres"":[],""process"":[]}",Мята,2,2
MAP-03174,Персик 1шт,KAIDA-P0439,Персик,MAPPED_AUTO,QUANT_STRIPPED_CANONICAL,0.93,BASE_MATCH,PRODUCT,Ассортимент эссенций,"{""measurements"":[{""kind"":""value"",""value"":1.0,""unit"":""pcs"",""raw"":""1шт""}],""percentages"":[],""calibres"":[],""process"":[]}",Персик,2,2
MAP-03175,Семга малосольная,KAIDA-P0173,Атлантический лосось,MAPPED_RULE,SEMGA_ALIAS,0.98,R13,PRODUCT,Рыба | Семга хк и Эсколар,"{""measurements"":[],""percentages"":[],""calibres"":[],""process"":[""lightly_salted""]}",Атлантический лосось,2,2
MAP-03178,Стейки кеты,KAIDA-P0804,Стейк кеты,MAPPED_RULE,FISH_CUT_PRODUCT,0.96,R13,PRODUCT,Рыба | Стейки кеты,"{""measurements"":[],""percentages"":[],""calibres"":[],""process"":[]}",Стейк лакедры,2,2
MAP-03188,Черри /50 гр,KAIDA-P0368,Помидор черри,MAPPED_AUTO,QUANT_STRIPPED_ALIAS,0.9,BASE_MATCH,PRODUCT,КУХНЯ,"{""measurements"":[{""kind"":""value"",""value"":50.0,""unit"":""g"",""raw"":""50 гр""}],""percentages"":[],""calibres"":[],""process"":[]}",Помидор черри,2,2
MAP-03189,Шампиньоны /50 гр,KAIDA-P0418,Шампиньоны,MAPPED_AUTO,QUANT_STRIPPED_CANONICAL,0.93,BASE_MATCH,PRODUCT,КУХНЯ,"{""measurements"":[{""kind"":""value"",""value"":50.0,""unit"":""g"",""raw"":""50 гр""}],""percentages"":[],""calibres"":[],""process"":[]}",Шампиньоны,2,2
MAP-03199,BENTO-BOX С НАГГЕТСАМИ/КАРТОФЕЛЬ ФРИ,KAIDA-P0826,Картофель фри,MAPPED_RULE,STRONG_TRANSFORMATION,0.99,R04,READY_DISH,MINI MENU,"{""measurements"":[],""percentages"":[],""calibres"":[],""process"":[]}",Картофель,1,1
MAP-03206,"Crea какао пудра 22-24%, 100гр",KAIDA-P0738,Какао-порошок,MAPPED_RULE,COCOA_RAW_CONTEXT,0.96,R08,PRODUCT,шоколадные товары Crea,"{""measurements"":[{""kind"":""value"",""value"":100.0,""unit"":""g"",""raw"":""100гр""}],""percentages"":[24.0],""calibres"":[],""process"":[]}",Какао-порошок,1,1
MAP-03207,"Crea какао пудра 22-24%, 1кг",KAIDA-P0738,Какао-порошок,MAPPED_RULE,COCOA_RAW_CONTEXT,0.96,R08,PRODUCT,шоколадные товары Crea,"{""measurements"":[{""kind"":""value"",""value"":1.0,""unit"":""kg"",""raw"":""1кг""}],""percentages"":[24.0],""calibres"":[],""process"":[]}",Какао-порошок,1,1
MAP-03211,"McCain Картофель фри 9х9 мм 2,5 кг",KAIDA-P0826,Картофель фри,MAPPED_RULE,STRONG_TRANSFORMATION,0.99,R04,READY_DISH,Глубокая заморозка,"{""measurements"":[{""kind"":""value"",""value"":2.5,""unit"":""kg"",""raw"":""2,5 кг""}],""percentages"":[],""calibres"":[],""process"":[]}",Картофель,1,1
MAP-03213,"METRO Chef Картофель фри хрустящий в панировке 11×11 мм 2,5 кг",KAIDA-P0826,Картофель фри,MAPPED_RULE,STRONG_TRANSFORMATION,0.99,R04,READY_DISH,Глубокая заморозка,"{""measurements"":[{""kind"":""value"",""value"":2.5,""unit"":""kg"",""raw"":""2,5 кг""}],""percentages"":[],""calibres"":[],""process"":[]}",Картофель,1,1
MAP-03253,Анчоус 100гр,KAIDA-P0187,Анчоус,MAPPED_AUTO,QUANT_STRIPPED_CANONICAL,0.93,BASE_MATCH,PRODUCT,СУШОК,"{""measurements"":[{""kind"":""value"",""value"":100.0,""unit"":""g"",""raw"":""100гр""}],""percentages"":[],""calibres"":[],""process"":[]}",Анчоус,1,1
MAP-03254,Апельсин 0.33L,KAIDA-P0843,Фреш апельсиновый,MAPPED_RULE,FRESH_CONTEXT,0.98,R08,READY_DISH,Фреши,"{""measurements"":[{""kind"":""value"",""value"":0.33,""unit"":""l"",""raw"":""0.33L""}],""percentages"":[],""calibres"":[],""process"":[]}",Апельсин,1,1
MAP-03255,Апельсин 0.5L,KAIDA-P0843,Фреш апельсиновый,MAPPED_RULE,FRESH_CONTEXT,0.98,R08,READY_DISH,Фреши,"{""measurements"":[{""kind"":""value"",""value"":0.5,""unit"":""l"",""raw"":""0.5L""}],""percentages"":[],""calibres"":[],""process"":[]}",Апельсин,1,1
MAP-03259,Апельсин-грейпфрут 0.33L,KAIDA-P0843,Фреш апельсиновый,MAPPED_RULE,FRESH_CONTEXT,0.98,R08,READY_DISH,Фреши,"{""measurements"":[{""kind"":""value"",""value"":0.33,""unit"":""l"",""raw"":""0.33L""}],""percentages"":[],""calibres"":[],""process"":[]}",Грейпфрут,1,1
MAP-03260,Апельсин-грейпфрут 0.5L,KAIDA-P0843,Фреш апельсиновый,MAPPED_RULE,FRESH_CONTEXT,0.98,R08,READY_DISH,Фреши,"{""measurements"":[{""kind"":""value"",""value"":0.5,""unit"":""l"",""raw"":""0.5L""}],""percentages"":[],""calibres"":[],""process"":[]}",Грейпфрут,1,1
MAP-03263,Апельсин-яблоко 0.33L,KAIDA-P0843,Фреш апельсиновый,MAPPED_RULE,FRESH_CONTEXT,0.98,R08,READY_DISH,Фреши,"{""measurements"":[{""kind"":""value"",""value"":0.33,""unit"":""l"",""raw"":""0.33L""}],""percentages"":[],""calibres"":[],""process"":[]}",Апельсин,1,1
MAP-03264,Апельсин-яблоко 0.5L,KAIDA-P0843,Фреш апельсиновый,MAPPED_RULE,FRESH_CONTEXT,0.98,R08,READY_DISH,Фреши,"{""measurements"":[{""kind"":""value"",""value"":0.5,""unit"":""l"",""raw"":""0.5L""}],""percentages"":[],""calibres"":[],""process"":[]}",Апельсин,1,1
MAP-03265,Апельсиновый лимонад Premium,KAIDA-P0721,Лимонад,MAPPED_RULE,LEMONADE_BASE,0.94,R03,READY_DISH,Лимонады,"{""measurements"":[],""percentages"":[],""calibres"":[],""process"":[],""flavor_text"":""premium""}",Лимонад,1,1
MAP-03266,Апельсиновый Фреш 300мл,KAIDA-P0843,Фреш апельсиновый,MAPPED_RULE,FRESH_CONTEXT,0.98,R08,READY_DISH,Фреши,"{""measurements"":[{""kind"":""value"",""value"":300.0,""unit"":""ml"",""raw"":""300мл""}],""percentages"":[],""calibres"":[],""process"":[]}",Сок апельсиновый,1,1
MAP-03267,Апельсиновый Фреш 500мл,KAIDA-P0843,Фреш апельсиновый,MAPPED_RULE,FRESH_CONTEXT,0.98,R08,READY_DISH,Фреши,"{""measurements"":[{""kind"":""value"",""value"":500.0,""unit"":""ml"",""raw"":""500мл""}],""percentages"":[],""calibres"":[],""process"":[]}",Сок апельсиновый,1,1
MAP-03288,Баклажан - 1 кг,KAIDA-P0376,Баклажан,MAPPED_AUTO,QUANT_STRIPPED_CANONICAL,0.93,BASE_MATCH,PRODUCT,Нарезано/Почищенно,"{""measurements"":[{""kind"":""value"",""value"":1.0,""unit"":""kg"",""raw"":""1 кг""}],""percentages"":[],""calibres"":[],""process"":[]}",Баклажан,1,1
MAP-03311,Вишневый Лимонад 450мл,KAIDA-P0721,Лимонад,MAPPED_RULE,LEMONADE_BASE,0.94,R03,READY_DISH,Лимонады,"{""measurements"":[{""kind"":""value"",""value"":450.0,""unit"":""ml"",""raw"":""450мл""}],""percentages"":[],""calibres"":[],""process"":[]}",Лимонад,1,1
MAP-03312,Вишня 20%,KAIDA-P0446,Вишня,MAPPED_AUTO,QUANT_STRIPPED_CANONICAL,0.93,BASE_MATCH,PRODUCT,Настойки,"{""measurements"":[],""percentages"":[20.0],""calibres"":[],""process"":[]}",Вишня,1,1
MAP-03330,Грейпфрут 0.33L,KAIDA-P0456,Грейпфрут,MAPPED_AUTO,QUANT_STRIPPED_CANONICAL,0.93,BASE_MATCH,PRODUCT,Фреши,"{""measurements"":[{""kind"":""value"",""value"":0.33,""unit"":""l"",""raw"":""0.33L""}],""percentages"":[],""calibres"":[],""process"":[]}",Грейпфрут,1,1
MAP-03339,Дорадо 300-400 гр,KAIDA-P0195,Дорадо,MAPPED_AUTO,QUANT_STRIPPED_CANONICAL,0.93,BASE_MATCH,PRODUCT,Популярный Товар,"{""measurements"":[{""kind"":""range"",""min"":300.0,""max"":400.0,""unit"":""g"",""raw"":""300-400 гр""}],""percentages"":[],""calibres"":[],""process"":[]}",Дорадо,1,1
MAP-03378,Какао Favorich 10-12% Малайзия 1кг,KAIDA-P0738,Какао-порошок,MAPPED_RULE,COCOA_RAW_CONTEXT,0.96,R08,PRODUCT,Какао,"{""measurements"":[{""kind"":""value"",""value"":1.0,""unit"":""kg"",""raw"":""1кг""}],""percentages"":[12.0],""calibres"":[],""process"":[]}",Какао-порошок,1,1
MAP-03379,Какао Малайзия FAVORICH алкализованное,KAIDA-P0738,Какао-порошок,MAPPED_RULE,COCOA_RAW_CONTEXT,0.96,R08,PRODUCT,Какао порошок,"{""measurements"":[],""percentages"":[],""calibres"":[],""process"":[]}",Какао-порошок,1,1
MAP-03380,"Какао пудра 10%-12%, 100гр, Ovalette",KAIDA-P0738,Какао-порошок,MAPPED_RULE,COCOA_RAW_CONTEXT,0.96,R08,PRODUCT,какао,"{""measurements"":[{""kind"":""value"",""value"":100.0,""unit"":""g"",""raw"":""100гр""}],""percentages"":[10.0,12.0],""calibres"":[],""process"":[]}",Какао-порошок,1,1
MAP-03381,"Какао пудра 10%-12%, 1кг",KAIDA-P0738,Какао-порошок,MAPPED_RULE,COCOA_RAW_CONTEXT,0.96,R08,PRODUCT,какао,"{""measurements"":[{""kind"":""value"",""value"":1.0,""unit"":""kg"",""raw"":""1кг""}],""percentages"":[10.0,12.0],""calibres"":[],""process"":[]}",Какао-порошок,1,1
MAP-03382,"Какао пудра 10%-12%, 25кг",KAIDA-P0738,Какао-порошок,MAPPED_RULE,COCOA_RAW_CONTEXT,0.96,R08,PRODUCT,какао,"{""measurements"":[{""kind"":""value"",""value"":25.0,""unit"":""kg"",""raw"":""25кг""}],""percentages"":[10.0,12.0],""calibres"":[],""process"":[]}",Какао-порошок,1,1
MAP-03383,"Какао пудра 10%-12%, 500гр, Ovalette",KAIDA-P0738,Какао-порошок,MAPPED_RULE,COCOA_RAW_CONTEXT,0.96,R08,PRODUCT,фасованное Ovalette,"{""measurements"":[{""kind"":""value"",""value"":500.0,""unit"":""g"",""raw"":""500гр""}],""percentages"":[10.0,12.0],""calibres"":[],""process"":[]}",Какао-порошок,1,1
MAP-03384,"Какао пудра 20-22%, 1кг",KAIDA-P0738,Какао-порошок,MAPPED_RULE,COCOA_RAW_CONTEXT,0.96,R08,PRODUCT,какао,"{""measurements"":[{""kind"":""value"",""value"":1.0,""unit"":""kg"",""raw"":""1кг""}],""percentages"":[22.0],""calibres"":[],""process"":[]}",Какао-порошок,1,1
MAP-03385,Какао тертое Кот-д'Ивуар 200гр,KAIDA-P0738,Какао-порошок,MAPPED_RULE,COCOA_RAW_CONTEXT,0.96,R08,PRODUCT,шоколадные товары Crea,"{""measurements"":[{""kind"":""value"",""value"":200.0,""unit"":""g"",""raw"":""200гр""}],""percentages"":[],""calibres"":[],""process"":[]}",Какао-порошок,1,1
MAP-03398,Камбала 100гр,KAIDA-P0193,Камбала,MAPPED_AUTO,QUANT_STRIPPED_CANONICAL,0.93,BASE_MATCH,PRODUCT,СУШОК,"{""measurements"":[{""kind"":""value"",""value"":100.0,""unit"":""g"",""raw"":""100гр""}],""percentages"":[],""calibres"":[],""process"":[]}",Камбала,1,1
MAP-03400,Картофель фри - Fantasy,KAIDA-P0826,Картофель фри,MAPPED_RULE,STRONG_TRANSFORMATION,0.99,R04,READY_DISH,Картофель фри,"{""measurements"":[],""percentages"":[],""calibres"":[],""process"":[]}",Картофель,1,1
MAP-03401,Картофель фри 10 мм без панировки KAIDA AMIKO 2.5 кг,KAIDA-P0826,Картофель фри,MAPPED_RULE,STRONG_TRANSFORMATION,0.99,R04,READY_DISH,Картофель фри,"{""measurements"":[{""kind"":""value"",""value"":2.5,""unit"":""kg"",""raw"":""2.5 кг""}],""percentages"":[],""calibres"":[],""process"":[]}",Картофель,1,1
MAP-03402,Картофель фри 10 мм в панировке KAIDA AMIKO 2.5 кг,KAIDA-P0826,Картофель фри,MAPPED_RULE,STRONG_TRANSFORMATION,0.99,R04,READY_DISH,Картофель фри,"{""measurements"":[{""kind"":""value"",""value"":2.5,""unit"":""kg"",""raw"":""2.5 кг""}],""percentages"":[],""calibres"":[],""process"":[]}",Картофель,1,1
MAP-03403,Картофель фри 7 мм в панировке KAIDA AMIKO 2.5 кг,KAIDA-P0826,Картофель фри,MAPPED_RULE,STRONG_TRANSFORMATION,0.99,R04,READY_DISH,Картофель фри,"{""measurements"":[{""kind"":""value"",""value"":2.5,""unit"":""kg"",""raw"":""2.5 кг""}],""percentages"":[],""calibres"":[],""process"":[]}",Картофель,1,1
MAP-03404,Картофель фри с кожурой,KAIDA-P0826,Картофель фри,MAPPED_RULE,STRONG_TRANSFORMATION,0.99,R04,READY_DISH,Картофель фри,"{""measurements"":[],""percentages"":[],""calibres"":[],""process"":[]}",Картофель,1,1
MAP-03405,Картофель фри/дольки,KAIDA-P0826,Картофель фри,MAPPED_RULE,STRONG_TRANSFORMATION,0.99,R04,READY_DISH,Детское меню,"{""measurements"":[],""percentages"":[],""calibres"":[],""process"":[]}",Картофель,1,1
MAP-03418,Классический Лимонад 200 мл,KAIDA-P0721,Лимонад,MAPPED_RULE,LEMONADE_BASE,0.94,R03,READY_DISH,Лимонады,"{""measurements"":[{""kind"":""value"",""value"":200.0,""unit"":""ml"",""raw"":""200 мл""}],""percentages"":[],""calibres"":[],""process"":[]}",Лимонад,1,1
MAP-03419,Классический Лимонад 800 мл,KAIDA-P0721,Лимонад,MAPPED_RULE,LEMONADE_BASE,0.94,R03,READY_DISH,Лимонады,"{""measurements"":[{""kind"":""value"",""value"":800.0,""unit"":""ml"",""raw"":""800 мл""}],""percentages"":[],""calibres"":[],""process"":[]}",Лимонад,1,1
MAP-03503,Круассан легкий,KAIDA-P0693,Круассан,MAPPED_RULE,BAKERY_BASE,0.94,R03,READY_DISH,Круассаны:,"{""measurements"":[],""percentages"":[],""calibres"":[],""process"":[]}",Круассан,1,1
MAP-03504,Круассан по французски,KAIDA-P0693,Круассан,MAPPED_RULE,BAKERY_BASE,0.94,R03,READY_DISH,Круассаны:,"{""measurements"":[],""percentages"":[],""calibres"":[],""process"":[]}",Круассан,1,1
MAP-03505,Круассан с индейкой,KAIDA-P0693,Круассан,MAPPED_RULE,BAKERY_BASE,0.94,R03,READY_DISH,Круассаны:,"{""measurements"":[],""percentages"":[],""calibres"":[],""process"":[],""filling_text"":""индейкой""}",Круассан,1,1
MAP-03506,Круассан с пастрами,KAIDA-P0693,Круассан,MAPPED_RULE,BAKERY_BASE,0.94,R03,READY_DISH,Круассаны:,"{""measurements"":[],""percentages"":[],""calibres"":[],""process"":[],""filling_text"":""пастрами""}",Круассан,1,1
MAP-03507,Круассан с семгой,KAIDA-P0693,Круассан,MAPPED_RULE,BAKERY_BASE,0.94,R03,READY_DISH,Круассаны:,"{""measurements"":[],""percentages"":[],""calibres"":[],""process"":[],""filling_text"":""семгой""}",Круассан,1,1
MAP-03513,Курага 20%,KAIDA-P0594,Курага,MAPPED_AUTO,QUANT_STRIPPED_CANONICAL,0.93,BASE_MATCH,PRODUCT,Настойки,"{""measurements"":[],""percentages"":[20.0],""calibres"":[],""process"":[]}",Курага,1,1
MAP-03517,Куриные сосиски на гриле с пюре,KAIDA-P0790,Сосиски,MAPPED_RULE,SAUSAGE_BASE,0.88,R16,PRODUCT,Горячие блюда,"{""measurements"":[],""percentages"":[],""calibres"":[],""process"":[]}",Куриные шеи,1,1
MAP-03523,Лакедра 100гр,KAIDA-P0197,Лакедра,MAPPED_AUTO,QUANT_STRIPPED_CANONICAL,0.93,BASE_MATCH,PRODUCT,СУШОК,"{""measurements"":[{""kind"":""value"",""value"":100.0,""unit"":""g"",""raw"":""100гр""}],""percentages"":[],""calibres"":[],""process"":[]}",Лакедра,1,1
MAP-03524,Лимонад Классический,KAIDA-P0721,Лимонад,MAPPED_RULE,LEMONADE_BASE,0.94,R03,READY_DISH,Лимонады,"{""measurements"":[],""percentages"":[],""calibres"":[],""process"":[],""flavor_text"":""классический""}",Лимонад,1,1
MAP-03525,Лимонад Клубника,KAIDA-P0721,Лимонад,MAPPED_RULE,LEMONADE_BASE,0.94,R03,READY_DISH,Лимонады,"{""measurements"":[],""percentages"":[],""calibres"":[],""process"":[],""flavor_text"":""клубника""}",Клубника,1,1
MAP-03526,"Лимонад Малина-Маракуйя 0,3",KAIDA-P0721,Лимонад,MAPPED_RULE,LEMONADE_BASE,0.94,R03,READY_DISH,Лимонады,"{""measurements"":[],""percentages"":[],""calibres"":[],""process"":[],""flavor_text"":""малина-маракуйя""}",Маракуйя,1,1
MAP-03527,Лимонад Малина-Маракуйя 1л,KAIDA-P0721,Лимонад,MAPPED_RULE,LEMONADE_BASE,0.94,R03,READY_DISH,Лимонады,"{""measurements"":[{""kind"":""value"",""value"":1.0,""unit"":""l"",""raw"":""1л""}],""percentages"":[],""calibres"":[],""process"":[],""flavor_text"":""малина-маракуйя""}",Маракуйя,1,1
MAP-03528,Лимонад Манго,KAIDA-P0721,Лимонад,MAPPED_RULE,LEMONADE_BASE,0.94,R03,READY_DISH,Лимонады,"{""measurements"":[],""percentages"":[],""calibres"":[],""process"":[],""flavor_text"":""манго""}",Лимонад,1,1
MAP-03529,"Лимонад Мохитино 0,3",KAIDA-P0721,Лимонад,MAPPED_RULE,LEMONADE_BASE,0.94,R03,READY_DISH,Лимонады,"{""measurements"":[],""percentages"":[],""calibres"":[],""process"":[],""flavor_text"":""мохитино""}",Лимонад,1,1
MAP-03530,Лимонад Мохитино 1л,KAIDA-P0721,Лимонад,MAPPED_RULE,LEMONADE_BASE,0.94,R03,READY_DISH,Лимонады,"{""measurements"":[{""kind"":""value"",""value"":1.0,""unit"":""l"",""raw"":""1л""}],""percentages"":[],""calibres"":[],""process"":[],""flavor_text"":""мохитино""}",Лимонад,1,1
MAP-03531,"Лимонад Тархун-Лемонграсс 0,3",KAIDA-P0722,Тархун напиток,MAPPED_RULE,LEMONADE_TARHUN,0.97,R08,READY_DISH,Лимонады,"{""measurements"":[],""percentages"":[],""calibres"":[],""process"":[],""flavor_text"":""тархун-лемонграсс""}",Лемонграсс,1,1
MAP-03532,Лимонад Тархун-Лемонграсс 1л,KAIDA-P0722,Тархун напиток,MAPPED_RULE,LEMONADE_TARHUN,0.97,R08,READY_DISH,Лимонады,"{""measurements"":[{""kind"":""value"",""value"":1.0,""unit"":""l"",""raw"":""1л""}],""percentages"":[],""calibres"":[],""process"":[],""flavor_text"":""тархун-лемонграсс""}",Лемонграсс,1,1
MAP-03533,Лимонады 0.5L,KAIDA-P0721,Лимонад,MAPPED_RULE,LEMONADE_BASE,0.94,R03,READY_DISH,Лимонады,"{""measurements"":[{""kind"":""value"",""value"":0.5,""unit"":""l"",""raw"":""0.5L""}],""percentages"":[],""calibres"":[],""process"":[]}",Лимонад,1,1
MAP-03534,Лимонады 1L,KAIDA-P0721,Лимонад,MAPPED_RULE,LEMONADE_BASE,0.94,R03,READY_DISH,Лимонады,"{""measurements"":[{""kind"":""value"",""value"":1.0,""unit"":""l"",""raw"":""1L""}],""percentages"":[],""calibres"":[],""process"":[]}",Лимонад,1,1
MAP-03535,Лимонады 1л,KAIDA-P0721,Лимонад,MAPPED_RULE,LEMONADE_BASE,0.94,R03,READY_DISH,Фреш лимонады,"{""measurements"":[{""kind"":""value"",""value"":1.0,""unit"":""l"",""raw"":""1л""}],""percentages"":[],""calibres"":[],""process"":[]}",Лимонад,1,1
MAP-03536,Лимонады 400 мл,KAIDA-P0721,Лимонад,MAPPED_RULE,LEMONADE_BASE,0.94,R03,READY_DISH,Фреш лимонады,"{""measurements"":[{""kind"":""value"",""value"":400.0,""unit"":""ml"",""raw"":""400 мл""}],""percentages"":[],""calibres"":[],""process"":[]}",Лимонад,1,1
MAP-03542,Лук - 1 кг,KAIDA-P0359,Лук репчатый,MAPPED_AUTO,QUANT_STRIPPED_ALIAS,0.9,BASE_MATCH,PRODUCT,Нарезано/Почищенно,"{""measurements"":[{""kind"":""value"",""value"":1.0,""unit"":""kg"",""raw"":""1 кг""}],""percentages"":[],""calibres"":[],""process"":[]}",Лук репчатый,1,1
MAP-03561,Манго-Маракуйя лимонад Premuim,KAIDA-P0721,Лимонад,MAPPED_RULE,LEMONADE_BASE,0.94,R03,READY_DISH,Лимонады,"{""measurements"":[],""percentages"":[],""calibres"":[],""process"":[],""flavor_text"":""premuim""}",Маракуйя,1,1
MAP-03580,Морковь - 1 кг,KAIDA-P0347,Морковь,MAPPED_AUTO,QUANT_STRIPPED_CANONICAL,0.93,BASE_MATCH,PRODUCT,Нарезано/Почищенно,"{""measurements"":[{""kind"":""value"",""value"":1.0,""unit"":""kg"",""raw"":""1 кг""}],""percentages"":[],""calibres"":[],""process"":[]}",Морковь,1,1
MAP-03581,Морковь 0.33L,KAIDA-P0347,Морковь,MAPPED_AUTO,QUANT_STRIPPED_CANONICAL,0.93,BASE_MATCH,PRODUCT,Фреши,"{""measurements"":[{""kind"":""value"",""value"":0.33,""unit"":""l"",""raw"":""0.33L""}],""percentages"":[],""calibres"":[],""process"":[]}",Морковь,1,1
MAP-03582,Морковь 0.5L,KAIDA-P0347,Морковь,MAPPED_AUTO,QUANT_STRIPPED_CANONICAL,0.93,BASE_MATCH,PRODUCT,Фреши,"{""measurements"":[{""kind"":""value"",""value"":0.5,""unit"":""l"",""raw"":""0.5L""}],""percentages"":[],""calibres"":[],""process"":[]}",Морковь,1,1
MAP-03656,"Помадка сахарная с какао 120гр*1туба, Тодико",KAIDA-P0738,Какао-порошок,MAPPED_RULE,COCOA_RAW_CONTEXT,0.96,R08,PRODUCT,Посыпки,"{""measurements"":[{""kind"":""value"",""value"":120.0,""unit"":""g"",""raw"":""120гр""}],""percentages"":[],""calibres"":[],""process"":[]}",Какао-порошок,1,1
MAP-03701,Семга (Норвегия) - малосольная (с/с),KAIDA-P0173,Атлантический лосось,MAPPED_RULE,SEMGA_ALIAS,0.98,R13,PRODUCT,Копченая/Соленая,"{""measurements"":[],""percentages"":[],""calibres"":[],""process"":[""lightly_salted""]}",Атлантический лосось,1,1
MAP-03702,Семга (Норвегия) - холодного копчения,KAIDA-P0173,Атлантический лосось,MAPPED_RULE,SEMGA_ALIAS,0.98,R13,PRODUCT,Копченая/Соленая,"{""measurements"":[],""percentages"":[],""calibres"":[],""process"":[""smoked"",""smoked_cold""]}",Атлантический лосось,1,1
MAP-03703,Семга на пару с пюре,KAIDA-P0173,Атлантический лосось,MAPPED_RULE,SEMGA_ALIAS,0.98,R13,PRODUCT,Горячие блюда,"{""measurements"":[],""percentages"":[],""calibres"":[],""process"":[]}",Атлантический лосось,1,1
MAP-03704,Семга на подушке из цукини,KAIDA-P0173,Атлантический лосось,MAPPED_RULE,SEMGA_ALIAS,0.98,R13,PRODUCT,Горячее,"{""measurements"":[],""percentages"":[],""calibres"":[],""process"":[]}",Цукини,1,1
MAP-03705,Семга с зеленой спаржей,KAIDA-P0173,Атлантический лосось,MAPPED_RULE,SEMGA_ALIAS,0.98,R13,PRODUCT,Горячие блюда,"{""measurements"":[],""percentages"":[],""calibres"":[],""process"":[]}",Атлантический лосось,1,1
MAP-03706,СЕМГА СТЕЙК БУХТА ИЗОБИЛИЯ 700ГР,KAIDA-P0242,Стейк лосося,MAPPED_RULE,FISH_CUT_PRODUCT,0.94,R13,PRODUCT,Акции,"{""measurements"":[{""kind"":""value"",""value"":700.0,""unit"":""g"",""raw"":""700ГР""}],""percentages"":[],""calibres"":[],""process"":[]}",Атлантический лосось,1,1
MAP-03707,Семга х/к,KAIDA-P0173,Атлантический лосось,MAPPED_RULE,SEMGA_ALIAS,0.98,R13,PRODUCT,Семга хк и Эсколар,"{""measurements"":[],""percentages"":[],""calibres"":[],""process"":[""smoked_cold""]}",Атлантический лосось,1,1
MAP-03796,"Смесь ""Шарлот"" какао 1кг",KAIDA-P0738,Какао-порошок,MAPPED_RULE,COCOA_RAW_CONTEXT,0.96,R08,PRODUCT,смеси,"{""measurements"":[{""kind"":""value"",""value"":1.0,""unit"":""kg"",""raw"":""1кг""}],""percentages"":[],""calibres"":[],""process"":[]}",Какао-порошок,1,1
MAP-03812,Смородина Лимонад 450мл,KAIDA-P0721,Лимонад,MAPPED_RULE,LEMONADE_BASE,0.94,R03,READY_DISH,Лимонады,"{""measurements"":[{""kind"":""value"",""value"":450.0,""unit"":""ml"",""raw"":""450мл""}],""percentages"":[],""calibres"":[],""process"":[]}",Лимонад,1,1
MAP-03823,Смузи апельсин-банан,KAIDA-P0843,Фреш апельсиновый,MAPPED_RULE,FRESH_CONTEXT,0.98,R08,READY_DISH,Смузи и фреши:,"{""measurements"":[],""percentages"":[],""calibres"":[],""process"":[]}",Апельсин,1,1
MAP-03929,Тропический Лимонад 450мл,KAIDA-P0721,Лимонад,MAPPED_RULE,LEMONADE_BASE,0.94,R03,READY_DISH,Лимонады,"{""measurements"":[{""kind"":""value"",""value"":450.0,""unit"":""ml"",""raw"":""450мл""}],""percentages"":[],""calibres"":[],""process"":[]}",Лимонад,1,1
MAP-03941,Утка - 1 кг,KAIDA-P0107,Утка,MAPPED_AUTO,QUANT_STRIPPED_CANONICAL,0.93,BASE_MATCH,PRODUCT,Птичий Ряд,"{""measurements"":[{""kind"":""value"",""value"":1.0,""unit"":""kg"",""raw"":""1 кг""}],""percentages"":[],""calibres"":[],""process"":[]}",Утка,1,1
MAP-04002,Фреш апельсин-яблоко,KAIDA-P0843,Фреш апельсиновый,MAPPED_RULE,FRESH_CONTEXT,0.98,R08,READY_DISH,Смузи и фреши:,"{""measurements"":[],""percentages"":[],""calibres"":[],""process"":[]}",Апельсин,1,1
MAP-04003,Фреш апельсиновый,KAIDA-P0843,Фреш апельсиновый,MAPPED_RULE,FRESH_CONTEXT,0.98,R08,READY_DISH,Смузи и фреши:,"{""measurements"":[],""percentages"":[],""calibres"":[],""process"":[]}",Сок апельсиновый,1,1
MAP-04005,Фреш яблочный,KAIDA-P0842,Фреш яблочный,MAPPED_RULE,FRESH_CONTEXT,0.98,R08,READY_DISH,Смузи и фреши:,"{""measurements"":[],""percentages"":[],""calibres"":[],""process"":[]}",Сок яблочный,1,1
MAP-04020,Черный 600мл,KAIDA-P0837,Чай чёрный (напиток),MAPPED_RULE,PREPARED_TEA,0.95,R08,READY_DISH,Авторские чаи,"{""measurements"":[{""kind"":""value"",""value"":600.0,""unit"":""ml"",""raw"":""600мл""}],""percentages"":[],""calibres"":[],""process"":[]}",Виноград чёрный,1,1
MAP-04040,Яблоко 0.33L,KAIDA-P0432,Яблоко,MAPPED_AUTO,QUANT_STRIPPED_CANONICAL,0.93,BASE_MATCH,PRODUCT,Фреши,"{""measurements"":[{""kind"":""value"",""value"":0.33,""unit"":""l"",""raw"":""0.33L""}],""percentages"":[],""calibres"":[],""process"":[]}",Яблоко,1,1
MAP-04041,Яблоко 0.5L,KAIDA-P0432,Яблоко,MAPPED_AUTO,QUANT_STRIPPED_CANONICAL,0.93,BASE_MATCH,PRODUCT,Фреши,"{""measurements"":[{""kind"":""value"",""value"":0.5,""unit"":""l"",""raw"":""0.5L""}],""percentages"":[],""calibres"":[],""process"":[]}",Яблоко,1,1
MAP-04044,Яблочный Фреш 300мл,KAIDA-P0842,Фреш яблочный,MAPPED_RULE,FRESH_CONTEXT,0.98,R08,READY_DISH,Фреши,"{""measurements"":[{""kind"":""value"",""value"":300.0,""unit"":""ml"",""raw"":""300мл""}],""percentages"":[],""calibres"":[],""process"":[]}",Сок яблочный,1,1
MAP-04045,Яблочный Фреш 500мл,KAIDA-P0842,Фреш яблочный,MAPPED_RULE,FRESH_CONTEXT,0.98,R08,READY_DISH,Фреши,"{""measurements"":[{""kind"":""value"",""value"":500.0,""unit"":""ml"",""raw"":""500мл""}],""percentages"":[],""calibres"":[],""process"":[]}",Сок яблочный,1,1
MAP-04050,Наполеон,KAIDA-P0808,Торт Наполеон,MAPPED_RULE,CAKE_RECIPE,0.96,R12,READY_DISH,Витрина | Десерты | НА БАНКЕТЫ | Торты | Торты по предзаказу | Целые торты,"{""measurements"":[],""percentages"":[],""calibres"":[],""process"":[]}",,29,24
MAP-04051,"Ветчина вареная ""Аппетитная"" (кг)",KAIDA-P0788,Ветчина,MAPPED_RULE,HAM_BASE,0.92,R16,PRODUCT,Прочие мясные продукты,"{""measurements"":[],""percentages"":[],""calibres"":[],""process"":[""boiled""]}",,21,21
MAP-04052,Ветчина Деликатесная (кг),KAIDA-P0788,Ветчина,MAPPED_RULE,HAM_BASE,0.92,R16,PRODUCT,Прочие мясные продукты,"{""measurements"":[],""percentages"":[],""calibres"":[],""process"":[]}",,21,21
MAP-04053,Ветчина копченая (кг),KAIDA-P0788,Ветчина,MAPPED_RULE,HAM_BASE,0.92,R16,PRODUCT,Прочие мясные продукты,"{""measurements"":[],""percentages"":[],""calibres"":[],""process"":[""smoked""]}",,21,21
MAP-04054,Ветчина Мраморная,KAIDA-P0788,Ветчина,MAPPED_RULE,HAM_BASE,0.92,R16,PRODUCT,Прочие мясные продукты,"{""measurements"":[],""percentages"":[],""calibres"":[],""process"":[]}",,21,21
MAP-04055,Ветчина Элитная,KAIDA-P0788,Ветчина,MAPPED_RULE,HAM_BASE,0.92,R16,PRODUCT,Прочие мясные продукты,"{""measurements"":[],""percentages"":[],""calibres"":[],""process"":[]}",,21,21
MAP-04056,Голень цыпленка-бройлера варено-копченая,KAIDA-P0092,Куриная голень,MAPPED_RULE,BRANCH_CONTEXT_CHICKEN_PROCESS,0.96,R16,PRODUCT,Прочие мясные продукты,"{""measurements"":[],""percentages"":[],""calibres"":[],""process"":[""boiled"",""boiled_smoked"",""smoked""]}",,21,21
MAP-04057,Головы (кг),KAIDA-P0798,Куриные головы,MAPPED_RULE,BRANCH_CONTEXT_CHICKEN,0.92,R11,PRODUCT,Прочие мясные продукты,"{""measurements"":[],""percentages"":[],""calibres"":[],""process"":[]}",,21,21
MAP-04058,Докторская колбаса,KAIDA-P0792,Докторская колбаса,MAPPED_RULE,SAUSAGE_TYPE,0.96,R16,PRODUCT,Прочие мясные продукты,"{""measurements"":[],""percentages"":[],""calibres"":[],""process"":[]}",,21,21
MAP-04059,Желудок (кг),KAIDA-P0848,Куриный желудок,MAPPED_RULE,BRANCH_CONTEXT_CHICKEN,0.92,R11,PRODUCT,Прочие мясные продукты,"{""measurements"":[],""percentages"":[],""calibres"":[],""process"":[]}",,21,21
MAP-04060,Колбаса Алатауская,KAIDA-P0789,Колбаса,MAPPED_RULE,SAUSAGE_BASE,0.82,R16,PRODUCT,Прочие мясные продукты,"{""measurements"":[],""percentages"":[],""calibres"":[],""process"":[]}",,21,21
MAP-04061,Колбаса Бутербродная,KAIDA-P0789,Колбаса,MAPPED_RULE,SAUSAGE_BASE,0.82,R16,PRODUCT,Прочие мясные продукты,"{""measurements"":[],""percentages"":[],""calibres"":[],""process"":[]}",,21,21
MAP-04062,Колбаса Домашняя,KAIDA-P0789,Колбаса,MAPPED_RULE,SAUSAGE_BASE,0.82,R16,PRODUCT,Прочие мясные продукты,"{""measurements"":[],""percentages"":[],""calibres"":[],""process"":[]}",,21,21
MAP-04063,Колбаса Ностальжи,KAIDA-P0789,Колбаса,MAPPED_RULE,SAUSAGE_BASE,0.82,R16,PRODUCT,Прочие мясные продукты,"{""measurements"":[],""percentages"":[],""calibres"":[],""process"":[]}",,21,21
MAP-04064,Колбаса Пепперони,KAIDA-P0795,Пепперони,MAPPED_RULE,SAUSAGE_TYPE,0.94,R16,PRODUCT,Прочие мясные продукты,"{""measurements"":[],""percentages"":[],""calibres"":[],""process"":[]}",,21,21
MAP-04065,Колбаса с сыром Гурман,KAIDA-P0789,Колбаса,MAPPED_RULE,SAUSAGE_BASE,0.82,R16,PRODUCT,Прочие мясные продукты,"{""measurements"":[],""percentages"":[],""calibres"":[],""process"":[]}",,21,21
MAP-04066,Колбаса с сыром Рябушка,KAIDA-P0789,Колбаса,MAPPED_RULE,SAUSAGE_BASE,0.82,R16,PRODUCT,Прочие мясные продукты,"{""measurements"":[],""percentages"":[],""calibres"":[],""process"":[]}",,21,21
MAP-04067,Колбаса Сочная,KAIDA-P0789,Колбаса,MAPPED_RULE,SAUSAGE_BASE,0.82,R16,PRODUCT,Прочие мясные продукты,"{""measurements"":[],""percentages"":[],""calibres"":[],""process"":[]}",,21,21
MAP-04068,Колбаски Гриль,KAIDA-P0789,Колбаса,MAPPED_RULE,SAUSAGE_BASE,0.82,R16,PRODUCT,Прочие мясные продукты,"{""measurements"":[],""percentages"":[],""calibres"":[],""process"":[]}",,21,21
MAP-04069,Колбаски Цыпулина,KAIDA-P0789,Колбаса,MAPPED_RULE,SAUSAGE_BASE,0.82,R16,PRODUCT,Прочие мясные продукты,"{""measurements"":[],""percentages"":[],""calibres"":[],""process"":[]}",,21,21
MAP-04070,Копченое филе,KAIDA-P0089,Куриное филе,MAPPED_RULE,BRANCH_CONTEXT_CHICKEN_PROCESS,0.93,R11/R16,PRODUCT,Прочие мясные продукты,"{""measurements"":[],""percentages"":[],""calibres"":[],""process"":[""smoked""]}",,21,21
MAP-04071,Краковская колбаса,KAIDA-P0793,Краковская колбаса,MAPPED_RULE,SAUSAGE_TYPE,0.96,R16,PRODUCT,Прочие мясные продукты,"{""measurements"":[],""percentages"":[],""calibres"":[],""process"":[]}",,21,21
MAP-04072,Крылья копченые,KAIDA-P0093,Куриное крыло,MAPPED_RULE,BRANCH_CONTEXT_CHICKEN_PROCESS,0.93,R11/R16,PRODUCT,Прочие мясные продукты,"{""measurements"":[],""percentages"":[],""calibres"":[],""process"":[""smoked""]}",,21,21
MAP-04073,Мусульманская колбаса,KAIDA-P0789,Колбаса,MAPPED_RULE,SAUSAGE_BASE,0.82,R16,PRODUCT,Прочие мясные продукты,"{""measurements"":[],""percentages"":[],""calibres"":[],""process"":[]}",,21,21
MAP-04074,Окорочка (кг),KAIDA-P0095,Куриный окорочок,MAPPED_RULE,BRANCH_CONTEXT_CHICKEN,0.92,R11,PRODUCT,Прочие мясные продукты,"{""measurements"":[],""percentages"":[],""calibres"":[],""process"":[]}",,21,21
MAP-04075,Окорочка копченые,KAIDA-P0095,Куриный окорочок,MAPPED_RULE,BRANCH_CONTEXT_CHICKEN_PROCESS,0.93,R11/R16,PRODUCT,Прочие мясные продукты,"{""measurements"":[],""percentages"":[],""calibres"":[],""process"":[""smoked""]}",,21,21
MAP-04076,Охотничьи колбаски,KAIDA-P0796,Охотничьи колбаски,MAPPED_RULE,SAUSAGE_TYPE,0.95,R16,PRODUCT,Прочие мясные продукты,"{""measurements"":[],""percentages"":[],""calibres"":[],""process"":[]}",,21,21
MAP-04077,Половина тушки ЦБ (кг),KAIDA-P0088,Куриная тушка,MAPPED_RULE,BRANCH_CONTEXT_CHICKEN,0.96,R16,PRODUCT,Прочие мясные продукты,"{""measurements"":[],""percentages"":[],""calibres"":[],""process"":[]}",,21,21
MAP-04078,Рулет куриный,KAIDA-P0800,Куриный рулет,MAPPED_RULE,BRANCH_CONTEXT_CHICKEN_READY,0.96,R16,PRODUCT,Прочие мясные продукты,"{""measurements"":[],""percentages"":[],""calibres"":[],""process"":[]}",,21,21
MAP-04079,Сардельки Алатауские с сыром,KAIDA-P0791,Сардельки,MAPPED_RULE,SAUSAGE_BASE,0.9,R16,PRODUCT,Прочие мясные продукты,"{""measurements"":[],""percentages"":[],""calibres"":[],""process"":[]}",,21,21
MAP-04080,Сардельки Маэстро,KAIDA-P0791,Сардельки,MAPPED_RULE,SAUSAGE_BASE,0.9,R16,PRODUCT,Прочие мясные продукты,"{""measurements"":[],""percentages"":[],""calibres"":[],""process"":[]}",,21,21
MAP-04081,Сардельки Особые,KAIDA-P0791,Сардельки,MAPPED_RULE,SAUSAGE_BASE,0.9,R16,PRODUCT,Прочие мясные продукты,"{""measurements"":[],""percentages"":[],""calibres"":[],""process"":[]}",,21,21
MAP-04082,Сардельки Сочные,KAIDA-P0791,Сардельки,MAPPED_RULE,SAUSAGE_BASE,0.9,R16,PRODUCT,Прочие мясные продукты,"{""measurements"":[],""percentages"":[],""calibres"":[],""process"":[]}",,21,21
MAP-04083,Сервелат,KAIDA-P0794,Сервелат,MAPPED_RULE,SAUSAGE_TYPE,0.96,R16,PRODUCT,Прочие мясные продукты,"{""measurements"":[],""percentages"":[],""calibres"":[],""process"":[]}",,21,21
MAP-04084,Сосиски Дәмді,KAIDA-P0790,Сосиски,MAPPED_RULE,SAUSAGE_BASE,0.88,R16,PRODUCT,Прочие мясные продукты,"{""measurements"":[],""percentages"":[],""calibres"":[],""process"":[]}",,21,21
MAP-04085,Сосиски Мини,KAIDA-P0790,Сосиски,MAPPED_RULE,SAUSAGE_BASE,0.88,R16,PRODUCT,Прочие мясные продукты,"{""measurements"":[],""percentages"":[],""calibres"":[],""process"":[]}",,21,21
MAP-04086,Сосиски Нежные,KAIDA-P0790,Сосиски,MAPPED_RULE,SAUSAGE_BASE,0.88,R16,PRODUCT,Прочие мясные продукты,"{""measurements"":[],""percentages"":[],""calibres"":[],""process"":[]}",,21,21
MAP-04087,Сосиски Пикантные,KAIDA-P0790,Сосиски,MAPPED_RULE,SAUSAGE_BASE,0.88,R16,PRODUCT,Прочие мясные продукты,"{""measurements"":[],""percentages"":[],""calibres"":[],""process"":[]}",,21,21
MAP-04088,Сосиски Сочные,KAIDA-P0790,Сосиски,MAPPED_RULE,SAUSAGE_BASE,0.88,R16,PRODUCT,Прочие мясные продукты,"{""measurements"":[],""percentages"":[],""calibres"":[],""process"":[]}",,21,21
MAP-04089,Сосиски Томато,KAIDA-P0790,Сосиски,MAPPED_RULE,SAUSAGE_BASE,0.88,R16,PRODUCT,Прочие мясные продукты,"{""measurements"":[],""percentages"":[],""calibres"":[],""process"":[]}",,21,21
MAP-04090,Супнабор (кг),KAIDA-P0799,Куриный суповой набор,MAPPED_RULE,BRANCH_CONTEXT_CHICKEN,0.92,R11,PRODUCT,Прочие мясные продукты,"{""measurements"":[],""percentages"":[],""calibres"":[],""process"":[]}",,21,21
MAP-04091,Хлебная колбаса,KAIDA-P0789,Колбаса,MAPPED_RULE,SAUSAGE_BASE,0.82,R16,PRODUCT,Прочие мясные продукты,"{""measurements"":[],""percentages"":[],""calibres"":[],""process"":[]}",,21,21
MAP-04092,Цыплята бройлера (кг),KAIDA-P0088,Куриная тушка,MAPPED_RULE,BRANCH_CONTEXT_CHICKEN,0.95,R16,PRODUCT,Прочие мясные продукты,"{""measurements"":[],""percentages"":[],""calibres"":[],""process"":[]}",,21,21
MAP-04093,Цыплята табака (кг),KAIDA-P0853,Цыплёнок табака,MAPPED_RULE,I3_HIGH_IMPACT,0.94,R16,PRODUCT,Прочие мясные продукты,"{""measurements"":[],""percentages"":[],""calibres"":[],""process"":[]}",,21,21
MAP-04094,Чайная колбаса,KAIDA-P0789,Колбаса,MAPPED_RULE,SAUSAGE_BASE,0.82,R16,PRODUCT,Прочие мясные продукты,"{""measurements"":[],""percentages"":[],""calibres"":[],""process"":[]}",,21,21
MAP-04095,Шпикачки,KAIDA-P0854,Шпикачки,MAPPED_RULE,I3_HIGH_IMPACT,0.98,R16,PRODUCT,Прочие мясные продукты,"{""measurements"":[],""percentages"":[],""calibres"":[],""process"":[]}",,21,21
MAP-04096,Синнабон,KAIDA-P0855,Синнабон,MAPPED_RULE,I3_HIGH_IMPACT,0.96,R12,READY_DISH,Витрина | Выпечка | Десерты | Нан өнімдері,"{""measurements"":[],""percentages"":[],""calibres"":[],""process"":[]}",,18,18
MAP-04097,Медовик,KAIDA-P0809,Медовик,MAPPED_RULE,CAKE_RECIPE,0.96,R12,READY_DISH,Десерты | Торт | Торты | Целые торты,"{""measurements"":[],""percentages"":[],""calibres"":[],""process"":[]}",,16,11
MAP-04098,Фисташковый рулет,KAIDA-P0856,Рулет,MAPPED_RULE,I3_HIGH_IMPACT,0.92,R12,READY_DISH,Витрина | Десерты | Остальное,"{""measurements"":[],""percentages"":[],""calibres"":[],""process"":[],""flavor_text"":""фисташковый""}",,15,15
MAP-04099,Эспрессо,KAIDA-P0833,Эспрессо,MAPPED_RULE,COFFEE_TYPE,0.97,R01,READY_DISH,Coffee Time | Кофе | Кофе: | Остальное,"{""measurements"":[],""percentages"":[],""calibres"":[],""process"":[]}",,15,15
MAP-04102,Пельмени,KAIDA-P0857,Пельмени,MAPPED_RULE,I3_HIGH_IMPACT,0.97,R12,READY_DISH,Блюда | КУХНЯ | Мясо и полуфабрикаты | Полуфабрикаты | Супы,"{""measurements"":[],""percentages"":[],""calibres"":[],""process"":[]}",,14,14
MAP-04103,Пицца Маргарита,KAIDA-P0823,Пицца Маргарита,MAPPED_RULE,PIZZA_RECIPE,0.97,R12,READY_DISH,Пицца,"{""measurements"":[],""percentages"":[],""calibres"":[],""process"":[]}",,14,14
MAP-04104,Сникерс,KAIDA-P0811,Торт Сникерс,MAPPED_RULE,I3_HIGH_IMPACT,0.92,R12,READY_DISH,Вкусы бенто | Десерты | ПАНКЕЙКТЕР | Пироги | ТОРТЫ масовочные | Целые торты,"{""measurements"":[],""percentages"":[],""calibres"":[],""process"":[]}",,14,9
MAP-04105,Английский завтрак,KAIDA-P0859,Английский завтрак,MAPPED_RULE,I3_HIGH_IMPACT,0.96,R12,READY_DISH,ЗАВТРАКИ | Завтраки | Завтраки от 11:00 до 12:30 | Завтраки: | Сытные завтраки,"{""measurements"":[],""percentages"":[],""calibres"":[],""process"":[]}",,13,13
MAP-04106,Пицца Пепперони,KAIDA-P0824,Пицца Пепперони,MAPPED_RULE,PIZZA_RECIPE,0.97,R12,READY_DISH,Пицца,"{""measurements"":[],""percentages"":[],""calibres"":[],""process"":[]}",,13,13
MAP-04107,Сырники,KAIDA-P0825,Сырники,MAPPED_RULE,SYRNIKI_BASE,0.94,R12,PRODUCT,Завтраки | Завтраки: | Полуфабрикаты | Сырники,"{""measurements"":[],""percentages"":[],""calibres"":[],""process"":[]}",,13,13
MAP-04108,Медовый,KAIDA-P0809,Медовик,MAPPED_RULE,I3_HIGH_IMPACT,0.9,R12,READY_DISH,Витрина | Десерты | Раф | ТОРТЫ масовочные | Торты по предзаказу,"{""measurements"":[],""percentages"":[],""calibres"":[],""process"":[]}",,12,12
MAP-04109,Американо,KAIDA-P0834,Американо,MAPPED_RULE,COFFEE_TYPE,0.97,R01,READY_DISH,Coffee Time | KOФЕ | Горячие напитки | Кофе,"{""measurements"":[],""percentages"":[],""calibres"":[],""process"":[]}",,11,11
MAP-04110,Горячий шоколад,KAIDA-P0845,Горячий шоколад (напиток),MAPPED_RULE,HOT_CHOCOLATE_DRINK,0.97,R08,READY_DISH,Горячие напитки | Какао | Не кофе: | Остальное | Сладкий кофе,"{""measurements"":[],""percentages"":[],""calibres"":[],""process"":[]}",,11,11
MAP-04111,Капкейк,KAIDA-P0860,Капкейк,MAPPED_RULE,I3_HIGH_IMPACT,0.97,R12,READY_DISH,Пирожное | Пирожные | Тәттілер,"{""measurements"":[],""percentages"":[],""calibres"":[],""process"":[]}",,11,11
MAP-04112,Париж-брест,KAIDA-P0861,Париж-Брест,MAPPED_RULE,I3_HIGH_IMPACT,0.95,I3-HIGH,READY_DISH,Пирожное | Пирожные | Тәттілер,"{""measurements"":[],""percentages"":[],""calibres"":[],""process"":[]}",,11,11
MAP-04113,Солянка,KAIDA-P0819,Солянка,MAPPED_RULE,NAMED_SOUP,0.97,R04,READY_DISH,Блюда | Супы,"{""measurements"":[],""percentages"":[],""calibres"":[],""process"":[]}",,11,11
MAP-04114,Тирамису,KAIDA-P0862,Тирамису,MAPPED_RULE,I3_HIGH_IMPACT,0.95,I3-HIGH,READY_DISH,Витрина | Десерты | ПИРОЖНЫЕ | ТОРТЫ масовочные,"{""measurements"":[],""percentages"":[],""calibres"":[],""process"":[]}",,11,10
MAP-04115,Борщ,KAIDA-P0818,Борщ,MAPPED_RULE,NAMED_SOUP,0.97,R04,READY_DISH,Блюда | Супы,"{""measurements"":[],""percentages"":[],""calibres"":[],""process"":[]}",,10,10
MAP-04116,Вупи пай,KAIDA-P0863,Вупи пай,MAPPED_RULE,I3_HIGH_IMPACT,0.95,I3-HIGH,READY_DISH,Десерты | ТОРТЫ масовочные | Торты | Целые торты,"{""measurements"":[],""percentages"":[],""calibres"":[],""process"":[]}",,10,10
MAP-04117,Латте,KAIDA-P0835,Латте,MAPPED_RULE,COFFEE_TYPE,0.97,R01,READY_DISH,Coffee Time | KOФЕ | Горячие напитки | Кофе | Остальное,"{""measurements"":[],""percentages"":[],""calibres"":[],""process"":[]}",,10,10
MAP-04118,Пахлава,KAIDA-P0864,Пахлава,MAPPED_RULE,I3_HIGH_IMPACT,0.95,I3-HIGH,READY_DISH,Десерты | Пирожное | Тәттілер,"{""measurements"":[],""percentages"":[],""calibres"":[],""process"":[]}",,10,10
MAP-04119,Сосиска в тесте,KAIDA-P0829,Сосиска в тесте,MAPPED_RULE,NAMED_READY_DISH,0.98,R04,READY_DISH,Выпечка | Кулинария | Кулинарные изделия,"{""measurements"":[],""percentages"":[],""calibres"":[],""process"":[]}",,10,10
MAP-04120,Сырники классические,KAIDA-P0825,Сырники,MAPPED_RULE,SYRNIKI_BASE,0.94,R12,PRODUCT,Замороженная продукция | Полуфабрикаты | Сладкие завтраки,"{""measurements"":[],""percentages"":[],""calibres"":[],""process"":[]}",,10,6
MAP-04121,Торт Сникерс,KAIDA-P0811,Торт Сникерс,MAPPED_RULE,CAKE_RECIPE,0.96,R12,READY_DISH,"Десерты | Кондитерские изделия, торты | Торты","{""measurements"":[],""percentages"":[],""calibres"":[],""process"":[]}",,10,10
MAP-04122,Цезарь,KAIDA-P0865,Салат Цезарь,MAPPED_RULE,I3_HIGH_IMPACT,0.95,I3-HIGH,READY_DISH,Итальянская кухня | Салаты | Соусы,"{""measurements"":[],""percentages"":[],""calibres"":[],""process"":[]}",,10,10
MAP-04123,Чизкейк по-казахски,KAIDA-P0813,Чизкейк,MAPPED_RULE,CHEESECAKE_BASE,0.92,R12,READY_DISH,Десерты | Целые торты,"{""measurements"":[],""percentages"":[],""calibres"":[],""process"":[]}",,10,5
MAP-04124,Айс латте,KAIDA-P0835,Латте,MAPPED_RULE,COFFEE_TYPE,0.97,R01,READY_DISH,Ice coffee | Кофе | Холодный кофе:,"{""measurements"":[],""percentages"":[],""calibres"":[],""process"":[]}",,9,9
MAP-04125,Вупипай,KAIDA-P0863,Вупи пай,MAPPED_RULE,I3_HIGH_IMPACT,0.95,I3-HIGH,READY_DISH,ПАНКЕЙКТЕР | Пирожное | Тәттілер,"{""measurements"":[],""percentages"":[],""calibres"":[],""process"":[]}",,9,9
MAP-04126,Деревенский завтрак,KAIDA-P0868,Деревенский завтрак,MAPPED_RULE,I3_HIGH_IMPACT,0.95,I3-HIGH,READY_DISH,Завтраки | Сытные завтраки,"{""measurements"":[],""percentages"":[],""calibres"":[],""process"":[]}",,9,9
MAP-04127,Капучино,KAIDA-P0836,Капучино,MAPPED_RULE,COFFEE_TYPE,0.97,R01,READY_DISH,Coffee Time | KOФЕ | Горячие напитки | Кофе,"{""measurements"":[],""percentages"":[],""calibres"":[],""process"":[]}",,9,9
MAP-04129,Суп с фрикадельками,KAIDA-P0821,Суп с фрикадельками,MAPPED_RULE,NAMED_SOUP,0.97,R04,READY_DISH,Супы,"{""measurements"":[],""percentages"":[],""calibres"":[],""process"":[]}",,9,9
MAP-04132,Чизкейк,KAIDA-P0813,Чизкейк,MAPPED_RULE,CHEESECAKE_BASE,0.92,R12,READY_DISH,Десерты | Целые торты,"{""measurements"":[],""percentages"":[],""calibres"":[],""process"":[]}",,9,9
MAP-04137,«Наполеон» торты | Торт «Наполеон»,KAIDA-P0808,Торт Наполеон,MAPPED_RULE,CAKE_RECIPE,0.96,R12,READY_DISH,Торт,"{""measurements"":[],""percentages"":[],""calibres"":[],""process"":[]}",,8,8
MAP-04139,«Сникерс» торты | Торт «Сникерс»,KAIDA-P0811,Торт Сникерс,MAPPED_RULE,CAKE_RECIPE,0.96,R12,READY_DISH,Торт,"{""measurements"":[],""percentages"":[],""calibres"":[],""process"":[]}",,8,8
MAP-04140,«Сәбіз» торты | Торт «Морковный»,KAIDA-P0807,Морковный торт,MAPPED_RULE,CAKE_RECIPE,0.96,R12,READY_DISH,Торт,"{""measurements"":[],""percentages"":[],""calibres"":[],""process"":[]}",,8,8
MAP-04143,"Американо 0,3",KAIDA-P0834,Американо,MAPPED_RULE,COFFEE_TYPE,0.97,R01,READY_DISH,Горячие кофейные напитки | Кофе | Кофейные напитки | Остальное,"{""measurements"":[],""percentages"":[],""calibres"":[],""process"":[]}",,8,8
MAP-04144,Американо 250 мл,KAIDA-P0834,Американо,MAPPED_RULE,COFFEE_TYPE,0.97,R01,READY_DISH,Кофе,"{""measurements"":[{""kind"":""value"",""value"":250.0,""unit"":""ml"",""raw"":""250 мл""}],""percentages"":[],""calibres"":[],""process"":[]}",,8,8
MAP-04145,Американо 350 мл,KAIDA-P0834,Американо,MAPPED_RULE,COFFEE_TYPE,0.97,R01,READY_DISH,Кофе,"{""measurements"":[{""kind"":""value"",""value"":350.0,""unit"":""ml"",""raw"":""350 мл""}],""percentages"":[],""calibres"":[],""process"":[]}",,8,8
MAP-04147,Аппақ қыз торты | Торт Молочная девочка,KAIDA-P0810,Торт Молочная девочка,MAPPED_RULE,CAKE_RECIPE,0.96,R12,READY_DISH,Торт,"{""measurements"":[],""percentages"":[],""calibres"":[],""process"":[]}",,8,8
MAP-04151,Бенто торт ванильді-құлпынайлы | ванильно-клубничный,KAIDA-P0851,Торт Клубничный,MAPPED_RULE,USER_CAKEY_TYPE,0.96,USER_B01,READY_DISH,Бенто торт,"{""measurements"":[],""percentages"":[],""calibres"":[],""process"":[]}",,8,8
MAP-04157,"Капучино 0,3",KAIDA-P0836,Капучино,MAPPED_RULE,COFFEE_TYPE,0.97,R01,READY_DISH,Горячие кофейные напитки | Кофе | Кофейные напитки | Остальное,"{""measurements"":[],""percentages"":[],""calibres"":[],""process"":[]}",,8,8
MAP-04158,Капучино 250 мл,KAIDA-P0836,Капучино,MAPPED_RULE,COFFEE_TYPE,0.97,R01,READY_DISH,Кофе,"{""measurements"":[{""kind"":""value"",""value"":250.0,""unit"":""ml"",""raw"":""250 мл""}],""percentages"":[],""calibres"":[],""process"":[]}",,8,8
MAP-04159,Капучино 350 мл,KAIDA-P0836,Капучино,MAPPED_RULE,COFFEE_TYPE,0.97,R01,READY_DISH,Кофе,"{""measurements"":[{""kind"":""value"",""value"":350.0,""unit"":""ml"",""raw"":""350 мл""}],""percentages"":[],""calibres"":[],""process"":[]}",,8,8
MAP-04160,Капучино 450 мл,KAIDA-P0836,Капучино,MAPPED_RULE,COFFEE_TYPE,0.97,R01,READY_DISH,Кофе,"{""measurements"":[{""kind"":""value"",""value"":450.0,""unit"":""ml"",""raw"":""450 мл""}],""percentages"":[],""calibres"":[],""process"":[]}",,8,8
MAP-04161,Картоп қосылған бөрек | Борек с картофелем,KAIDA-P0815,Борек,MAPPED_RULE,BAKERY_BASE,0.94,R03,READY_DISH,Выпечка | Нан өнімдері,"{""measurements"":[],""percentages"":[],""calibres"":[],""process"":[],""filling_text"":""картофелем""}",,8,8
MAP-04163,Латте 250 мл,KAIDA-P0835,Латте,MAPPED_RULE,COFFEE_TYPE,0.97,R01,READY_DISH,Кофе,"{""measurements"":[{""kind"":""value"",""value"":250.0,""unit"":""ml"",""raw"":""250 мл""}],""percentages"":[],""calibres"":[],""process"":[]}",,8,8
MAP-04164,Латте 350 мл,KAIDA-P0835,Латте,MAPPED_RULE,COFFEE_TYPE,0.97,R01,READY_DISH,Кофе,"{""measurements"":[{""kind"":""value"",""value"":350.0,""unit"":""ml"",""raw"":""350 мл""}],""percentages"":[],""calibres"":[],""process"":[]}",,8,8
MAP-04165,Латте 450 мл,KAIDA-P0835,Латте,MAPPED_RULE,COFFEE_TYPE,0.97,R01,READY_DISH,Кофе,"{""measurements"":[{""kind"":""value"",""value"":450.0,""unit"":""ml"",""raw"":""450 мл""}],""percentages"":[],""calibres"":[],""process"":[]}",,8,8
MAP-04166,Латте макаронсы | Макаронс Латте,KAIDA-P0835,Латте,MAPPED_RULE,COFFEE_TYPE,0.97,R01,READY_DISH,Пирожное | Тәттілер,"{""measurements"":[],""percentages"":[],""calibres"":[],""process"":[]}",,8,8
MAP-04167,Морковный торт,KAIDA-P0807,Морковный торт,MAPPED_RULE,CAKE_RECIPE,0.96,R12,READY_DISH,Витрина | Десерты | Торты,"{""measurements"":[],""percentages"":[],""calibres"":[],""process"":[]}",,8,8
MAP-04174,Сиыр еті қосылған бөрек | Борек с говядиной,KAIDA-P0815,Борек,MAPPED_RULE,BAKERY_BASE,0.94,R03,READY_DISH,Выпечка | Нан өнімдері,"{""measurements"":[],""percentages"":[],""calibres"":[],""process"":[],""filling_text"":""говядиной""}",,8,8
MAP-04183,Тауық еті қосылған бөрек | Борек с курицей,KAIDA-P0815,Борек,MAPPED_RULE,BAKERY_BASE,0.94,R03,READY_DISH,Выпечка | Нан өнімдері,"{""measurements"":[],""percentages"":[],""calibres"":[],""process"":[],""filling_text"":""курицей""}",,8,8
MAP-04185,Торт бенто құлпынай | клубничный,KAIDA-P0851,Торт Клубничный,MAPPED_RULE,USER_CAKEY_TYPE,0.96,USER_B01,READY_DISH,Бенто торт,"{""measurements"":[],""percentages"":[],""calibres"":[],""process"":[]}",,8,8
MAP-04186,Ферреро макаронсы | Макаронс Ферреро,KAIDA-P0812,Макаронс,MAPPED_RULE,MACARONS_BASE,0.92,R12,READY_DISH,Пирожное | Тәттілер,"{""measurements"":[],""percentages"":[],""calibres"":[],""process"":[]}",,8,8
MAP-04196,Шұжықты нан | Сосиска в тесте,KAIDA-P0829,Сосиска в тесте,MAPPED_RULE,NAMED_READY_DISH,0.98,R04,READY_DISH,Выпечка | Нан өнімдері,"{""measurements"":[],""percentages"":[],""calibres"":[],""process"":[]}",,8,8
MAP-04198,Эспрессо тоник,KAIDA-P0833,Эспрессо,MAPPED_RULE,COFFEE_TYPE,0.97,R01,READY_DISH,Ice coffee | Ice Кофе | Кофе,"{""measurements"":[],""percentages"":[],""calibres"":[],""process"":[]}",,8,7
MAP-04202,Ice капучино,KAIDA-P0836,Капучино,MAPPED_RULE,COFFEE_TYPE,0.97,R01,READY_DISH,Coffee Time | ICE КОФЕ | Ice Кофе,"{""measurements"":[],""percentages"":[],""calibres"":[],""process"":[]}",,7,7
MAP-04203,Ice Латте,KAIDA-P0835,Латте,MAPPED_RULE,COFFEE_TYPE,0.97,R01,READY_DISH,Coffee Time | ICE КОФЕ | Ice Кофе,"{""measurements"":[],""percentages"":[],""calibres"":[],""process"":[]}",,7,7
MAP-04204,Айс американо 450 мл,KAIDA-P0834,Американо,MAPPED_RULE,COFFEE_TYPE,0.97,R01,READY_DISH,Кофе,"{""measurements"":[{""kind"":""value"",""value"":450.0,""unit"":""ml"",""raw"":""450 мл""}],""percentages"":[],""calibres"":[],""process"":[]}",,7,7
MAP-04205,"Американо 0,4",KAIDA-P0834,Американо,MAPPED_RULE,COFFEE_TYPE,0.97,R01,READY_DISH,Горячие кофейные напитки | Кофе | Кофейные напитки,"{""measurements"":[],""percentages"":[],""calibres"":[],""process"":[]}",,7,7
MAP-04207,"Капучино 0,4",KAIDA-P0836,Капучино,MAPPED_RULE,COFFEE_TYPE,0.97,R01,READY_DISH,Горячие кофейные напитки | Кофе | Кофейные напитки,"{""measurements"":[],""percentages"":[],""calibres"":[],""process"":[]}",,7,7
MAP-04208,Картофельное пюре,KAIDA-P0827,Картофельное пюре,MAPPED_USER,USER_BATCH1_NEW_PRODUCT,1.0,USER_B01,READY_DISH,Гарниры | Картофель фри,"{""measurements"":[],""percentages"":[],""calibres"":[],""process"":[]}",,7,7
MAP-04209,КОЛБАСА ВАРЁНАЯ,KAIDA-P0789,Колбаса,MAPPED_RULE,SAUSAGE_BASE,0.82,R16,PRODUCT,колбасные изделия,"{""measurements"":[],""percentages"":[],""calibres"":[],""process"":[""boiled""]}",,7,7
MAP-04210,"Латте 0,3",KAIDA-P0835,Латте,MAPPED_RULE,COFFEE_TYPE,0.97,R01,READY_DISH,Горячие кофейные напитки | Кофе | Кофейные напитки,"{""measurements"":[],""percentages"":[],""calibres"":[],""process"":[]}",,7,7
MAP-04211,"Латте 0,4",KAIDA-P0835,Латте,MAPPED_RULE,COFFEE_TYPE,0.97,R01,READY_DISH,Горячие кофейные напитки | Кофе | Кофейные напитки,"{""measurements"":[],""percentages"":[],""calibres"":[],""process"":[]}",,7,7
MAP-04216,Торт Молочная девочка,KAIDA-P0810,Торт Молочная девочка,MAPPED_RULE,CAKE_RECIPE,0.96,R12,READY_DISH,"Кондитерские изделия, торты | Торты","{""measurements"":[],""percentages"":[],""calibres"":[],""process"":[]}",,7,7
MAP-04217,Өсімдік сүтті Капучино / Капучино на растительном молоке 350 мл,KAIDA-P0836,Капучино,MAPPED_RULE,COFFEE_TYPE,0.97,R01,READY_DISH,Кофе,"{""measurements"":[{""kind"":""value"",""value"":350.0,""unit"":""ml"",""raw"":""350 мл""}],""percentages"":[],""calibres"":[],""process"":[]}",,7,7
MAP-04218,Өсімдік сүтті капучино / Капучино на растительном молоке 450 мл,KAIDA-P0836,Капучино,MAPPED_RULE,COFFEE_TYPE,0.97,R01,READY_DISH,Кофе,"{""measurements"":[{""kind"":""value"",""value"":450.0,""unit"":""ml"",""raw"":""450 мл""}],""percentages"":[],""calibres"":[],""process"":[]}",,7,7
MAP-04219,Өсімдік сүтті латте / Латте на растительном молоке 450 мл,KAIDA-P0835,Латте,MAPPED_RULE,COFFEE_TYPE,0.97,R01,READY_DISH,Кофе,"{""measurements"":[{""kind"":""value"",""value"":450.0,""unit"":""ml"",""raw"":""450 мл""}],""percentages"":[],""calibres"":[],""process"":[]}",,7,7
MAP-04220,"Американо 0,2",KAIDA-P0834,Американо,MAPPED_RULE,COFFEE_TYPE,0.97,R01,READY_DISH,Горячие кофейные напитки | Кофе,"{""measurements"":[],""percentages"":[],""calibres"":[],""process"":[]}",,6,6
MAP-04223,Борек с курицей,KAIDA-P0815,Борек,MAPPED_RULE,BAKERY_BASE,0.94,R03,READY_DISH,Витрина | Выпечка,"{""measurements"":[],""percentages"":[],""calibres"":[],""process"":[],""filling_text"":""курицей""}",,6,6
MAP-04228,Испанский чизкейк,KAIDA-P0814,Испанский чизкейк,MAPPED_RULE,CHEESECAKE_STYLE,0.96,R12,READY_DISH,Десерты | Торты | Торты по предзаказу,"{""measurements"":[],""percentages"":[],""calibres"":[],""process"":[]}",,6,6
MAP-04229,"Капучино 0,2",KAIDA-P0836,Капучино,MAPPED_RULE,COFFEE_TYPE,0.97,R01,READY_DISH,Горячие кофейные напитки | Кофе,"{""measurements"":[],""percentages"":[],""calibres"":[],""process"":[]}",,6,6
MAP-04235,Паста с креветками,KAIDA-P0217,Креветка,MAPPED_RULE,SHRIMP_GENERIC,0.92,R15,PRODUCT,Паста | Паста фреш,"{""measurements"":[],""percentages"":[],""calibres"":[],""process"":[]}",,6,6
MAP-04236,Пицца 4 Сезона,KAIDA-P0822,Пицца,MAPPED_RULE,PIZZA_BASE,0.9,R12,READY_DISH,Пицца,"{""measurements"":[],""percentages"":[],""calibres"":[],""process"":[]}",,6,6
MAP-04244,ICE клубничный капучино,KAIDA-P0836,Капучино,MAPPED_RULE,COFFEE_TYPE,0.97,R01,READY_DISH,Сладкий кофе,"{""measurements"":[],""percentages"":[],""calibres"":[],""process"":[]}",,5,5
MAP-04249,Брускетта с семгой,KAIDA-P0173,Атлантический лосось,MAPPED_RULE,SEMGA_ALIAS,0.98,R13,PRODUCT,Завтраки,"{""measurements"":[],""percentages"":[],""calibres"":[],""process"":[]}",,5,5
MAP-04254,Десерт Молочная Девочка,KAIDA-P0810,Торт Молочная девочка,MAPPED_RULE,CAKE_RECIPE,0.96,R12,READY_DISH,Десерты,"{""measurements"":[],""percentages"":[],""calibres"":[],""process"":[]}",,5,5
MAP-04257,Капучино 0.3 +синнабон,KAIDA-P0836,Капучино,MAPPED_RULE,COFFEE_TYPE,0.97,R01,READY_DISH,Кофе,"{""measurements"":[],""percentages"":[],""calibres"":[],""process"":[]}",,5,5
MAP-04261,Латте печенье,KAIDA-P0835,Латте,MAPPED_RULE,COFFEE_TYPE,0.97,R01,READY_DISH,Сладкий кофе,"{""measurements"":[],""percentages"":[],""calibres"":[],""process"":[]}",,5,5
MAP-04269,Пицца Сырная,KAIDA-P0822,Пицца,MAPPED_RULE,PIZZA_BASE,0.9,R12,READY_DISH,Пицца,"{""measurements"":[],""percentages"":[],""calibres"":[],""process"":[]}",,5,5
MAP-04277,Сырники с иримшиком,KAIDA-P0825,Сырники,MAPPED_RULE,SYRNIKI_BASE,0.94,R12,PRODUCT,Полуфабрикаты,"{""measurements"":[],""percentages"":[],""calibres"":[],""process"":[]}",,5,5
MAP-04278,Сырники с шоколадом,KAIDA-P0825,Сырники,MAPPED_RULE,SYRNIKI_BASE,0.94,R12,PRODUCT,Замороженная продукция | Сырники,"{""measurements"":[],""percentages"":[],""calibres"":[],""process"":[]}",,5,5
MAP-04279,Том ям с креветками,KAIDA-P0217,Креветка,MAPPED_RULE,SHRIMP_GENERIC,0.92,R15,PRODUCT,Паназия | Супы,"{""measurements"":[],""percentages"":[],""calibres"":[],""process"":[]}",,5,5
MAP-04283,Чизкейк Испанский,KAIDA-P0814,Испанский чизкейк,MAPPED_RULE,CHEESECAKE_STYLE,0.96,R12,READY_DISH,Десерты,"{""measurements"":[],""percentages"":[],""calibres"":[],""process"":[]}",,5,5
MAP-04303,Борек с картошкой,KAIDA-P0815,Борек,MAPPED_RULE,BAKERY_BASE,0.94,R03,READY_DISH,Выпечка | Полуфабрикаты,"{""measurements"":[],""percentages"":[],""calibres"":[],""process"":[],""filling_text"":""картошкой""}",,4,4
MAP-04304,Борщ с говядиной и бородинским хлебом,KAIDA-P0818,Борщ,MAPPED_RULE,NAMED_SOUP,0.97,R04,READY_DISH,Супы,"{""measurements"":[],""percentages"":[],""calibres"":[],""process"":[]}",,4,4
MAP-04305,Боул с креветками,KAIDA-P0217,Креветка,MAPPED_RULE,SHRIMP_GENERIC,0.92,R15,PRODUCT,Боулы,"{""measurements"":[],""percentages"":[],""calibres"":[],""process"":[]}",,4,4
MAP-04357,Медовик домашний,KAIDA-P0809,Медовик,MAPPED_RULE,CAKE_RECIPE,0.96,R12,READY_DISH,"Кондитерские изделия, торты","{""measurements"":[],""percentages"":[],""calibres"":[],""process"":[]}",,4,4
MAP-04367,Окрошка (по сезону),KAIDA-P0820,Окрошка,MAPPED_RULE,NAMED_SOUP,0.97,R04,READY_DISH,Супы,"{""measurements"":[],""percentages"":[],""calibres"":[],""process"":[]}",,4,4
MAP-04382,Пирог От тети Сони с лимоном,KAIDA-P0852,Лимонный пирог,MAPPED_RULE,USER_PIE_TYPE,0.96,USER_B01,READY_DISH,"Кондитерские изделия, торты","{""measurements"":[],""percentages"":[],""calibres"":[],""process"":[]}",,4,4
MAP-04394,Пицца Болоньезе,KAIDA-P0822,Пицца,MAPPED_RULE,PIZZA_BASE,0.9,R12,READY_DISH,Пицца,"{""measurements"":[],""percentages"":[],""calibres"":[],""process"":[]}",,4,4
MAP-04395,Пицца Куриная,KAIDA-P0822,Пицца,MAPPED_RULE,PIZZA_BASE,0.9,R12,READY_DISH,Пицца,"{""measurements"":[],""percentages"":[],""calibres"":[],""process"":[]}",,4,4
MAP-04396,Пицца с курицей и грибами,KAIDA-P0822,Пицца,MAPPED_RULE,PIZZA_BASE,0.9,R12,READY_DISH,Пицца,"{""measurements"":[],""percentages"":[],""calibres"":[],""process"":[]}",,4,4
MAP-04403,Салат с креветками,KAIDA-P0217,Креветка,MAPPED_RULE,SHRIMP_GENERIC,0.92,R15,PRODUCT,Закуски/Салаты | Салаты,"{""measurements"":[],""percentages"":[],""calibres"":[],""process"":[]}",,4,4
MAP-04413,Стейк семги с овощами,KAIDA-P0242,Стейк лосося,MAPPED_RULE,FISH_CUT_PRODUCT,0.94,R13,PRODUCT,Вторые блюда,"{""measurements"":[],""percentages"":[],""calibres"":[],""process"":[]}",,4,4
MAP-04415,Суп с фрикадельками говяжьими,KAIDA-P0821,Суп с фрикадельками,MAPPED_RULE,NAMED_SOUP,0.97,R04,READY_DISH,Супы,"{""measurements"":[],""percentages"":[],""calibres"":[],""process"":[]}",,4,4
MAP-04416,Суп с фрикадельками куриными,KAIDA-P0821,Суп с фрикадельками,MAPPED_RULE,NAMED_SOUP,0.97,R04,READY_DISH,Супы,"{""measurements"":[],""percentages"":[],""calibres"":[],""process"":[]}",,4,4
MAP-04419,Сырники с бананом,KAIDA-P0825,Сырники,MAPPED_RULE,SYRNIKI_BASE,0.94,R12,PRODUCT,Сырники,"{""measurements"":[],""percentages"":[],""calibres"":[],""process"":[]}",,4,4
MAP-04420,Сырники с вишней,KAIDA-P0825,Сырники,MAPPED_RULE,SYRNIKI_BASE,0.94,R12,PRODUCT,Сырники,"{""measurements"":[],""percentages"":[],""calibres"":[],""process"":[]}",,4,4
MAP-04421,Сырники с изюмом,KAIDA-P0825,Сырники,MAPPED_RULE,SYRNIKI_BASE,0.94,R12,PRODUCT,Сырники,"{""measurements"":[],""percentages"":[],""calibres"":[],""process"":[]}",,4,4
MAP-04422,Сырники с курагой,KAIDA-P0825,Сырники,MAPPED_RULE,SYRNIKI_BASE,0.94,R12,PRODUCT,Сырники,"{""measurements"":[],""percentages"":[],""calibres"":[],""process"":[]}",,4,4
MAP-04423,Сырники со шпинатом,KAIDA-P0825,Сырники,MAPPED_RULE,SYRNIKI_BASE,0.94,R12,PRODUCT,Сырники,"{""measurements"":[],""percentages"":[],""calibres"":[],""process"":[]}",,4,4
MAP-04429,"Торт ""Сметанный медовик"" вес",KAIDA-P0809,Медовик,MAPPED_RULE,CAKE_RECIPE,0.96,R12,READY_DISH,"Кондитерские изделия, торты","{""measurements"":[],""percentages"":[],""calibres"":[],""process"":[]}",,4,4
MAP-04444,Торт Шоколадная-молочная девочка,KAIDA-P0810,Торт Молочная девочка,MAPPED_RULE,CAKE_RECIPE,0.96,R12,READY_DISH,"Кондитерские изделия, торты","{""measurements"":[],""percentages"":[],""calibres"":[],""process"":[]}",,4,4
MAP-04472,чизкейк фисташковый,KAIDA-P0813,Чизкейк,MAPPED_RULE,CHEESECAKE_BASE,0.92,R12,READY_DISH,Витрина | Десерты,"{""measurements"":[],""percentages"":[],""calibres"":[],""process"":[]}",,4,4
MAP-04486,Яишница-лазунья с сосисками и соусом релиш,KAIDA-P0790,Сосиски,MAPPED_RULE,SAUSAGE_BASE,0.88,R16,PRODUCT,Завтраки,"{""measurements"":[],""percentages"":[],""calibres"":[],""process"":[]}",,4,4
MAP-04502,"Американо 0,3L",KAIDA-P0834,Американо,MAPPED_RULE,COFFEE_TYPE,0.97,R01,READY_DISH,Горячий кофе,"{""measurements"":[{""kind"":""value"",""value"":0.3,""unit"":""l"",""raw"":""0,3L""}],""percentages"":[],""calibres"":[],""process"":[]}",,3,3
MAP-04503,"Американо 0,4L",KAIDA-P0834,Американо,MAPPED_RULE,COFFEE_TYPE,0.97,R01,READY_DISH,Горячий кофе,"{""measurements"":[{""kind"":""value"",""value"":0.4,""unit"":""l"",""raw"":""0,4L""}],""percentages"":[],""calibres"":[],""process"":[]}",,3,3
MAP-04514,Борек с брынзой и сыром,KAIDA-P0815,Борек,MAPPED_RULE,BAKERY_BASE,0.94,R03,READY_DISH,Витрина,"{""measurements"":[],""percentages"":[],""calibres"":[],""process"":[],""filling_text"":""брынзой и сыром""}",,3,3
MAP-04515,Борек с мясом,KAIDA-P0815,Борек,MAPPED_RULE,BAKERY_BASE,0.94,R03,READY_DISH,Выпечка,"{""measurements"":[],""percentages"":[],""calibres"":[],""process"":[],""filling_text"":""мясом""}",,3,3
MAP-04516,Борек с яблоком,KAIDA-P0815,Борек,MAPPED_RULE,BAKERY_BASE,0.94,R03,READY_DISH,Выпечка,"{""measurements"":[],""percentages"":[],""calibres"":[],""process"":[],""filling_text"":""яблоком""}",,3,3
MAP-04518,Брускетта с креветками и печёным перцем,KAIDA-P0217,Креветка,MAPPED_RULE,SHRIMP_GENERIC,0.92,R15,PRODUCT,Закуски/Салаты,"{""measurements"":[],""percentages"":[],""calibres"":[],""process"":[]}",,3,3
MAP-04527,"Горячий шоколад 0,3L",KAIDA-P0845,Горячий шоколад (напиток),MAPPED_RULE,HOT_CHOCOLATE_DRINK,0.97,R08,READY_DISH,Горячий кофе,"{""measurements"":[{""kind"":""value"",""value"":0.3,""unit"":""l"",""raw"":""0,3L""}],""percentages"":[],""calibres"":[],""process"":[]}",,3,3
MAP-04529,Драник с ветчиной из индейки,KAIDA-P0788,Ветчина,MAPPED_RULE,HAM_BASE,0.92,R16,PRODUCT,ЗАВТРАКИ,"{""measurements"":[],""percentages"":[],""calibres"":[],""process"":[]}",,3,3
MAP-04531,Драники из кабачка и с креветками,KAIDA-P0217,Креветка,MAPPED_RULE,SHRIMP_GENERIC,0.92,R15,PRODUCT,Сытные завтраки,"{""measurements"":[],""percentages"":[],""calibres"":[],""process"":[]}",,3,3
MAP-04532,Дубайский чизкейк,KAIDA-P0813,Чизкейк,MAPPED_RULE,CHEESECAKE_BASE,0.92,R12,READY_DISH,Десерты | Торт,"{""measurements"":[],""percentages"":[],""calibres"":[],""process"":[]}",,3,3
MAP-04533,"Капучино 0,3L",KAIDA-P0836,Капучино,MAPPED_RULE,COFFEE_TYPE,0.97,R01,READY_DISH,Горячий кофе,"{""measurements"":[{""kind"":""value"",""value"":0.3,""unit"":""l"",""raw"":""0,3L""}],""percentages"":[],""calibres"":[],""process"":[]}",,3,3
MAP-04534,"Капучино 0,4L",KAIDA-P0836,Капучино,MAPPED_RULE,COFFEE_TYPE,0.97,R01,READY_DISH,Горячий кофе,"{""measurements"":[{""kind"":""value"",""value"":0.4,""unit"":""l"",""raw"":""0,4L""}],""percentages"":[],""calibres"":[],""process"":[]}",,3,3
MAP-04535,"Капучино карамелло 0,4L",KAIDA-P0836,Капучино,MAPPED_RULE,COFFEE_TYPE,0.97,R01,READY_DISH,Горячий кофе,"{""measurements"":[{""kind"":""value"",""value"":0.4,""unit"":""l"",""raw"":""0,4L""}],""percentages"":[],""calibres"":[],""process"":[]}",,3,3
MAP-04536,"Капучино с сиропом 0,3L",KAIDA-P0836,Капучино,MAPPED_RULE,COFFEE_TYPE,0.97,R01,READY_DISH,Горячий кофе,"{""measurements"":[{""kind"":""value"",""value"":0.3,""unit"":""l"",""raw"":""0,3L""}],""percentages"":[],""calibres"":[],""process"":[]}",,3,3
MAP-04537,"Капучино с сиропом 0,4L",KAIDA-P0836,Капучино,MAPPED_RULE,COFFEE_TYPE,0.97,R01,READY_DISH,Горячий кофе,"{""measurements"":[{""kind"":""value"",""value"":0.4,""unit"":""l"",""raw"":""0,4L""}],""percentages"":[],""calibres"":[],""process"":[]}",,3,3
MAP-04538,Кармашки с сыром и с колбасой,KAIDA-P0789,Колбаса,MAPPED_RULE,SAUSAGE_BASE,0.82,R16,PRODUCT,Выпечка,"{""measurements"":[],""percentages"":[],""calibres"":[],""process"":[]}",,3,3
MAP-04544,"Классический Испанский Латте с клубничным соусом (горячий) 0,3L",KAIDA-P0835,Латте,MAPPED_RULE,COFFEE_TYPE,0.97,R01,READY_DISH,Горячий кофе,"{""measurements"":[{""kind"":""value"",""value"":0.3,""unit"":""l"",""raw"":""0,3L""}],""percentages"":[],""calibres"":[],""process"":[]}",,3,3
MAP-04545,"Классический Испанский Латте с клубничным соусом (холодный) 0,3L",KAIDA-P0835,Латте,MAPPED_RULE,COFFEE_TYPE,0.97,R01,READY_DISH,Холодный кофе,"{""measurements"":[{""kind"":""value"",""value"":0.3,""unit"":""l"",""raw"":""0,3L""}],""percentages"":[],""calibres"":[],""process"":[]}",,3,3
MAP-04546,"Классический Испанский Латте с Фисташковым соусом (горячий) 0,3L",KAIDA-P0835,Латте,MAPPED_RULE,COFFEE_TYPE,0.97,R01,READY_DISH,Горячий кофе,"{""measurements"":[{""kind"":""value"",""value"":0.3,""unit"":""l"",""raw"":""0,3L""}],""percentages"":[],""calibres"":[],""process"":[]}",,3,3
MAP-04547,"Классический Испанский Латте с Фисташковым соусом (холодный) 0,3L",KAIDA-P0835,Латте,MAPPED_RULE,COFFEE_TYPE,0.97,R01,READY_DISH,Холодный кофе,"{""measurements"":[{""kind"":""value"",""value"":0.3,""unit"":""l"",""raw"":""0,3L""}],""percentages"":[],""calibres"":[],""process"":[]}",,3,3
MAP-04548,"Классический Испанский Латте с шоколадным соусом (горячий) 0,3L",KAIDA-P0835,Латте,MAPPED_RULE,COFFEE_TYPE,0.97,R01,READY_DISH,Горячий кофе,"{""measurements"":[{""kind"":""value"",""value"":0.3,""unit"":""l"",""raw"":""0,3L""}],""percentages"":[],""calibres"":[],""process"":[]}",,3,3
MAP-04549,"Классический Испанский Латте с шоколадным соусом (холодный) 0,3L",KAIDA-P0835,Латте,MAPPED_RULE,COFFEE_TYPE,0.97,R01,READY_DISH,Холодный кофе,"{""measurements"":[{""kind"":""value"",""value"":0.3,""unit"":""l"",""raw"":""0,3L""}],""percentages"":[],""calibres"":[],""process"":[]}",,3,3
MAP-04550,"Классический Испанский Латте со сливочным соусом (холодный) 0,3L",KAIDA-P0835,Латте,MAPPED_RULE,COFFEE_TYPE,0.97,R01,READY_DISH,Холодный кофе,"{""measurements"":[{""kind"":""value"",""value"":0.3,""unit"":""l"",""raw"":""0,3L""}],""percentages"":[],""calibres"":[],""process"":[]}",,3,3
MAP-04554,Кокосовые сырники JULIUS,KAIDA-P0825,Сырники,MAPPED_RULE,SYRNIKI_BASE,0.94,R12,PRODUCT,СЛАДКИЕ ЗАВТРАКИ,"{""measurements"":[],""percentages"":[],""calibres"":[],""process"":[]}",,3,3
MAP-04555,Конские колбаски с картофельным пюре,KAIDA-P0789,Колбаса,MAPPED_RULE,SAUSAGE_BASE,0.82,R16,PRODUCT,Основное меню,"{""measurements"":[],""percentages"":[],""calibres"":[],""process"":[]}",,3,3
MAP-04559,"Латте 0,3L",KAIDA-P0835,Латте,MAPPED_RULE,COFFEE_TYPE,0.97,R01,READY_DISH,Горячий кофе,"{""measurements"":[{""kind"":""value"",""value"":0.3,""unit"":""l"",""raw"":""0,3L""}],""percentages"":[],""calibres"":[],""process"":[]}",,3,3
MAP-04560,"Латте 0,4L",KAIDA-P0835,Латте,MAPPED_RULE,COFFEE_TYPE,0.97,R01,READY_DISH,Горячий кофе,"{""measurements"":[{""kind"":""value"",""value"":0.4,""unit"":""l"",""raw"":""0,4L""}],""percentages"":[],""calibres"":[],""process"":[]}",,3,3
MAP-04577,Мини сырники,KAIDA-P0825,Сырники,MAPPED_RULE,SYRNIKI_BASE,0.94,R12,PRODUCT,Сладкие завтраки,"{""measurements"":[],""percentages"":[],""calibres"":[],""process"":[]}",,3,3
MAP-04580,Молочная девочка торт (кіші),KAIDA-P0810,Торт Молочная девочка,MAPPED_RULE,CAKE_RECIPE,0.96,R12,READY_DISH,Маленькие торты,"{""measurements"":[],""percentages"":[],""calibres"":[],""process"":[]}",,3,3
MAP-04586,Омлет с грибным соусом и куриной колбаской,KAIDA-P0789,Колбаса,MAPPED_RULE,SAUSAGE_BASE,0.82,R16,PRODUCT,Сытные завтраки,"{""measurements"":[],""percentages"":[],""calibres"":[],""process"":[]}",,3,3
MAP-04599,Пицца детская,KAIDA-P0822,Пицца,MAPPED_RULE,PIZZA_BASE,0.9,R12,READY_DISH,Детское меню,"{""measurements"":[],""percentages"":[],""calibres"":[],""process"":[]}",,3,3
MAP-04600,Пицца с грибами и сливками,KAIDA-P0822,Пицца,MAPPED_RULE,PIZZA_BASE,0.9,R12,READY_DISH,Итальянская кухня,"{""measurements"":[],""percentages"":[],""calibres"":[],""process"":[]}",,3,3
MAP-04606,Ризотто с шпинатном соусе с креветками и страчателлой,KAIDA-P0217,Креветка,MAPPED_RULE,SHRIMP_GENERIC,0.92,R15,PRODUCT,Паста,"{""measurements"":[],""percentages"":[],""calibres"":[],""process"":[]}",,3,3
MAP-04621,Сладкий борек с творогом,KAIDA-P0815,Борек,MAPPED_RULE,BAKERY_BASE,0.94,R03,READY_DISH,Витрина,"{""measurements"":[],""percentages"":[],""calibres"":[],""process"":[],""filling_text"":""творогом""}",,3,3
MAP-04622,Сладкий борек с яблоком,KAIDA-P0815,Борек,MAPPED_RULE,BAKERY_BASE,0.94,R03,READY_DISH,Витрина,"{""measurements"":[],""percentages"":[],""calibres"":[],""process"":[],""filling_text"":""яблоком""}",,3,3
MAP-04624,Сникерс торт (кіші),KAIDA-P0811,Торт Сникерс,MAPPED_RULE,CAKE_RECIPE,0.96,R12,READY_DISH,Маленькие торты,"{""measurements"":[],""percentages"":[],""calibres"":[],""process"":[]}",,3,3
MAP-04629,Сырники детские,KAIDA-P0825,Сырники,MAPPED_RULE,SYRNIKI_BASE,0.94,R12,PRODUCT,Детское меню,"{""measurements"":[],""percentages"":[],""calibres"":[],""process"":[]}",,3,3
MAP-04630,Сырники из топленого творога,KAIDA-P0825,Сырники,MAPPED_RULE,SYRNIKI_BASE,0.94,R12,PRODUCT,Сладкие завтраки,"{""measurements"":[],""percentages"":[],""calibres"":[],""process"":[]}",,3,3
MAP-04634,"Ташкентский 1,6L",KAIDA-P0841,Чай ташкентский,MAPPED_RULE,PREPARED_TEA,0.95,R08,READY_DISH,Чай,"{""measurements"":[{""kind"":""value"",""value"":1.6,""unit"":""l"",""raw"":""1,6L""}],""percentages"":[],""calibres"":[],""process"":[]}",,3,3
MAP-04662,Цезарь с креветками,KAIDA-P0217,Креветка,MAPPED_RULE,SHRIMP_GENERIC,0.92,R15,PRODUCT,Салаты,"{""measurements"":[],""percentages"":[],""calibres"":[],""process"":[]}",,3,3
MAP-04670,Чизкейк “New York”,KAIDA-P0813,Чизкейк,MAPPED_RULE,CHEESECAKE_BASE,0.92,R12,READY_DISH,Торты,"{""measurements"":[],""percentages"":[],""calibres"":[],""process"":[]}",,3,3
MAP-04687,Эспрессо (гостевой),KAIDA-P0833,Эспрессо,MAPPED_RULE,COFFEE_TYPE,0.97,R01,READY_DISH,Кофе,"{""measurements"":[],""percentages"":[],""calibres"":[],""process"":[]}",,3,3
MAP-04688,Эспрессо boom,KAIDA-P0833,Эспрессо,MAPPED_RULE,COFFEE_TYPE,0.97,R01,READY_DISH,Горячий кофе,"{""measurements"":[],""percentages"":[],""calibres"":[],""process"":[]}",,3,3
MAP-04689,Эспрессо single,KAIDA-P0833,Эспрессо,MAPPED_RULE,COFFEE_TYPE,0.97,R01,READY_DISH,Горячий кофе,"{""measurements"":[],""percentages"":[],""calibres"":[],""process"":[]}",,3,3
MAP-04690,"Эспрессо тоник 0,4L",KAIDA-P0833,Эспрессо,MAPPED_RULE,COFFEE_TYPE,0.97,R01,READY_DISH,Холодный кофе,"{""measurements"":[{""kind"":""value"",""value"":0.4,""unit"":""l"",""raw"":""0,4L""}],""percentages"":[],""calibres"":[],""process"":[]}",,3,3
MAP-04700,ICE Голубая латте матча 450мл,KAIDA-P0835,Латте,MAPPED_RULE,COFFEE_TYPE,0.97,R01,READY_DISH,Матча чай,"{""measurements"":[{""kind"":""value"",""value"":450.0,""unit"":""ml"",""raw"":""450мл""}],""percentages"":[],""calibres"":[],""process"":[]}",,2,2
MAP-04701,ICE Зеленая латте матча 450мл,KAIDA-P0835,Латте,MAPPED_RULE,COFFEE_TYPE,0.97,R01,READY_DISH,Матча чай,"{""measurements"":[{""kind"":""value"",""value"":450.0,""unit"":""ml"",""raw"":""450мл""}],""percentages"":[],""calibres"":[],""process"":[]}",,2,2
MAP-04702,ICE Розовая латте матча 450мл,KAIDA-P0835,Латте,MAPPED_RULE,COFFEE_TYPE,0.97,R01,READY_DISH,Матча чай,"{""measurements"":[{""kind"":""value"",""value"":450.0,""unit"":""ml"",""raw"":""450мл""}],""percentages"":[],""calibres"":[],""process"":[]}",,2,2
MAP-04703,Josper Солянка,KAIDA-P0819,Солянка,MAPPED_RULE,NAMED_SOUP,0.97,R04,READY_DISH,Супы,"{""measurements"":[],""percentages"":[],""calibres"":[],""process"":[]}",,2,2
MAP-04706,"Айс Американо 0,4",KAIDA-P0834,Американо,MAPPED_RULE,COFFEE_TYPE,0.97,R01,READY_DISH,Айс кофе | Кофейные напитки,"{""measurements"":[],""percentages"":[],""calibres"":[],""process"":[]}",,2,2
MAP-04707,"Айс Латте 0,4",KAIDA-P0835,Латте,MAPPED_RULE,COFFEE_TYPE,0.97,R01,READY_DISH,Айс кофе | Кофейные напитки,"{""measurements"":[],""percentages"":[],""calibres"":[],""process"":[]}",,2,2
MAP-04710,Американо (350мл),KAIDA-P0834,Американо,MAPPED_RULE,COFFEE_TYPE,0.97,R01,READY_DISH,Кофе | Кофе:,"{""measurements"":[{""kind"":""value"",""value"":350.0,""unit"":""ml"",""raw"":""350мл""}],""percentages"":[],""calibres"":[],""process"":[]}",,2,2
MAP-04711,Американо 250мл,KAIDA-P0834,Американо,MAPPED_RULE,COFFEE_TYPE,0.97,R01,READY_DISH,Кофейная карта,"{""measurements"":[{""kind"":""value"",""value"":250.0,""unit"":""ml"",""raw"":""250мл""}],""percentages"":[],""calibres"":[],""process"":[]}",,2,2
MAP-04712,Американо 360мл,KAIDA-P0834,Американо,MAPPED_RULE,COFFEE_TYPE,0.97,R01,READY_DISH,Кофейная карта,"{""measurements"":[{""kind"":""value"",""value"":360.0,""unit"":""ml"",""raw"":""360мл""}],""percentages"":[],""calibres"":[],""process"":[]}",,2,2
MAP-04713,Американо 480мл,KAIDA-P0834,Американо,MAPPED_RULE,COFFEE_TYPE,0.97,R01,READY_DISH,Кофейная карта,"{""measurements"":[{""kind"":""value"",""value"":480.0,""unit"":""ml"",""raw"":""480мл""}],""percentages"":[],""calibres"":[],""process"":[]}",,2,2
MAP-04725,Борщ с говядиной,KAIDA-P0818,Борщ,MAPPED_RULE,NAMED_SOUP,0.97,R04,READY_DISH,Супы,"{""measurements"":[],""percentages"":[],""calibres"":[],""process"":[]}",,2,2
MAP-04735,Голубая латте матча 360мл,KAIDA-P0835,Латте,MAPPED_RULE,COFFEE_TYPE,0.97,R01,READY_DISH,Матча чай,"{""measurements"":[{""kind"":""value"",""value"":360.0,""unit"":""ml"",""raw"":""360мл""}],""percentages"":[],""calibres"":[],""process"":[]}",,2,2
MAP-04738,Горячий шоколад 360мл,KAIDA-P0845,Горячий шоколад (напиток),MAPPED_RULE,HOT_CHOCOLATE_DRINK,0.97,R08,READY_DISH,Детские напитки,"{""measurements"":[{""kind"":""value"",""value"":360.0,""unit"":""ml"",""raw"":""360мл""}],""percentages"":[],""calibres"":[],""process"":[]}",,2,2
MAP-04746,Домашняя колбаска /1 шт,KAIDA-P0789,Колбаса,MAPPED_RULE,SAUSAGE_BASE,0.82,R16,PRODUCT,КУХНЯ,"{""measurements"":[{""kind"":""value"",""value"":1.0,""unit"":""pcs"",""raw"":""1 шт""}],""percentages"":[],""calibres"":[],""process"":[]}",,2,2
MAP-04755,Зеленая латте матча 360мл,KAIDA-P0835,Латте,MAPPED_RULE,COFFEE_TYPE,0.97,R01,READY_DISH,Матча чай,"{""measurements"":[{""kind"":""value"",""value"":360.0,""unit"":""ml"",""raw"":""360мл""}],""percentages"":[],""calibres"":[],""process"":[]}",,2,2
MAP-04759,Капучино (300 мл),KAIDA-P0836,Капучино,MAPPED_RULE,COFFEE_TYPE,0.97,R01,READY_DISH,Кофе | Кофе и кофейные напитки,"{""measurements"":[{""kind"":""value"",""value"":300.0,""unit"":""ml"",""raw"":""300 мл""}],""percentages"":[],""calibres"":[],""process"":[]}",,2,2
MAP-04760,Капучино (350мл),KAIDA-P0836,Капучино,MAPPED_RULE,COFFEE_TYPE,0.97,R01,READY_DISH,Кофе | Кофе:,"{""measurements"":[{""kind"":""value"",""value"":350.0,""unit"":""ml"",""raw"":""350мл""}],""percentages"":[],""calibres"":[],""process"":[]}",,2,2
MAP-04761,Капучино 250мл,KAIDA-P0836,Капучино,MAPPED_RULE,COFFEE_TYPE,0.97,R01,READY_DISH,Кофейная карта,"{""measurements"":[{""kind"":""value"",""value"":250.0,""unit"":""ml"",""raw"":""250мл""}],""percentages"":[],""calibres"":[],""process"":[]}",,2,2
MAP-04762,Капучино 360мл,KAIDA-P0836,Капучино,MAPPED_RULE,COFFEE_TYPE,0.97,R01,READY_DISH,Кофейная карта,"{""measurements"":[{""kind"":""value"",""value"":360.0,""unit"":""ml"",""raw"":""360мл""}],""percentages"":[],""calibres"":[],""process"":[]}",,2,2
MAP-04763,Капучино 480мл,KAIDA-P0836,Капучино,MAPPED_RULE,COFFEE_TYPE,0.97,R01,READY_DISH,Кофейная карта,"{""measurements"":[{""kind"":""value"",""value"":480.0,""unit"":""ml"",""raw"":""480мл""}],""percentages"":[],""calibres"":[],""process"":[]}",,2,2
MAP-04773,Латте (300 мл),KAIDA-P0835,Латте,MAPPED_RULE,COFFEE_TYPE,0.97,R01,READY_DISH,Кофе | Кофе и кофейные напитки,"{""measurements"":[{""kind"":""value"",""value"":300.0,""unit"":""ml"",""raw"":""300 мл""}],""percentages"":[],""calibres"":[],""process"":[]}",,2,2
MAP-04774,Латте (350мл),KAIDA-P0835,Латте,MAPPED_RULE,COFFEE_TYPE,0.97,R01,READY_DISH,Кофе | Кофе:,"{""measurements"":[{""kind"":""value"",""value"":350.0,""unit"":""ml"",""raw"":""350мл""}],""percentages"":[],""calibres"":[],""process"":[]}",,2,2
MAP-04775,Латте 250мл,KAIDA-P0835,Латте,MAPPED_RULE,COFFEE_TYPE,0.97,R01,READY_DISH,Кофейная карта,"{""measurements"":[{""kind"":""value"",""value"":250.0,""unit"":""ml"",""raw"":""250мл""}],""percentages"":[],""calibres"":[],""process"":[]}",,2,2
MAP-04776,Латте 360мл,KAIDA-P0835,Латте,MAPPED_RULE,COFFEE_TYPE,0.97,R01,READY_DISH,Кофейная карта,"{""measurements"":[{""kind"":""value"",""value"":360.0,""unit"":""ml"",""raw"":""360мл""}],""percentages"":[],""calibres"":[],""process"":[]}",,2,2
MAP-04777,Латте 480мл,KAIDA-P0835,Латте,MAPPED_RULE,COFFEE_TYPE,0.97,R01,READY_DISH,Кофейная карта,"{""measurements"":[{""kind"":""value"",""value"":480.0,""unit"":""ml"",""raw"":""480мл""}],""percentages"":[],""calibres"":[],""process"":[]}",,2,2
MAP-04778,Латте spanish peach 360мл,KAIDA-P0835,Латте,MAPPED_RULE,COFFEE_TYPE,0.97,R01,READY_DISH,Фирменные напитки,"{""measurements"":[{""kind"":""value"",""value"":360.0,""unit"":""ml"",""raw"":""360мл""}],""percentages"":[],""calibres"":[],""process"":[]}",,2,2
MAP-04805,пицца,KAIDA-P0822,Пицца,MAPPED_RULE,PIZZA_BASE,0.9,R12,READY_DISH,Выпечка | Пицца и бургеры,"{""measurements"":[],""percentages"":[],""calibres"":[],""process"":[]}",,2,2
MAP-04806,Пицца 4 сыра,KAIDA-P0822,Пицца,MAPPED_RULE,PIZZA_BASE,0.9,R12,READY_DISH,Пицца,"{""measurements"":[],""percentages"":[],""calibres"":[],""process"":[]}",,2,2
MAP-04807,Пицца с лососем,KAIDA-P0822,Пицца,MAPPED_RULE,PIZZA_BASE,0.9,R12,READY_DISH,Пицца,"{""measurements"":[],""percentages"":[],""calibres"":[],""process"":[]}",,2,2
MAP-04813,Половина торта «Молочная девочка»,KAIDA-P0810,Торт Молочная девочка,MAPPED_RULE,CAKE_RECIPE,0.96,R12,READY_DISH,Половинки тортов,"{""measurements"":[],""percentages"":[],""calibres"":[],""process"":[]}",,2,2
MAP-04814,Половина торта «Наполеон»,KAIDA-P0808,Торт Наполеон,MAPPED_RULE,CAKE_RECIPE,0.96,R12,READY_DISH,Половинки тортов,"{""measurements"":[],""percentages"":[],""calibres"":[],""process"":[]}",,2,2
MAP-04816,Половина торта «Сникерс»,KAIDA-P0811,Торт Сникерс,MAPPED_RULE,CAKE_RECIPE,0.96,R12,READY_DISH,Половинки тортов,"{""measurements"":[],""percentages"":[],""calibres"":[],""process"":[]}",,2,2
MAP-04819,Половина чизкейка «Казахский»,KAIDA-P0813,Чизкейк,MAPPED_RULE,CHEESECAKE_BASE,0.92,R12,READY_DISH,Половинки тортов,"{""measurements"":[],""percentages"":[],""calibres"":[],""process"":[]}",,2,2
MAP-04834,Розовая латте матча 360мл,KAIDA-P0835,Латте,MAPPED_RULE,COFFEE_TYPE,0.97,R01,READY_DISH,Матча чай,"{""measurements"":[{""kind"":""value"",""value"":360.0,""unit"":""ml"",""raw"":""360мл""}],""percentages"":[],""calibres"":[],""process"":[]}",,2,2
MAP-04839,с семгой,KAIDA-P0173,Атлантический лосось,MAPPED_RULE,SEMGA_ALIAS,0.98,R13,PRODUCT,Клаб сэндвичи | Панини,"{""measurements"":[],""percentages"":[],""calibres"":[],""process"":[]}",,2,1
MAP-04843,Скрембл с семгой,KAIDA-P0173,Атлантический лосось,MAPPED_RULE,SEMGA_ALIAS,0.98,R13,PRODUCT,Завтраки | Сытные завтраки,"{""measurements"":[],""percentages"":[],""calibres"":[],""process"":[]}",,2,2
MAP-04857,Теша Семги,KAIDA-P0173,Атлантический лосось,MAPPED_RULE,SEMGA_ALIAS,0.98,R13,PRODUCT,Рыба | Солено-копченая рыба,"{""measurements"":[],""percentages"":[],""calibres"":[],""process"":[]}",,2,2
MAP-04864,Торт «Наполеон»,KAIDA-P0808,Торт Наполеон,MAPPED_RULE,CAKE_RECIPE,0.96,R12,READY_DISH,Большие торты,"{""measurements"":[],""percentages"":[],""calibres"":[],""process"":[]}",,2,2
MAP-04897,Чизкейк «Казахский»,KAIDA-P0813,Чизкейк,MAPPED_RULE,CHEESECAKE_BASE,0.92,R12,READY_DISH,Большие торты,"{""measurements"":[],""percentages"":[],""calibres"":[],""process"":[]}",,2,2
MAP-04898,чизкейк Нью-Йорк,KAIDA-P0813,Чизкейк,MAPPED_RULE,CHEESECAKE_BASE,0.92,R12,READY_DISH,Десерты,"{""measurements"":[],""percentages"":[],""calibres"":[],""process"":[]}",,2,2
MAP-04899,Чизкейк Сан-себастьян,KAIDA-P0813,Чизкейк,MAPPED_RULE,CHEESECAKE_BASE,0.92,R12,READY_DISH,Десерты,"{""measurements"":[],""percentages"":[],""calibres"":[],""process"":[]}",,2,2
MAP-04908,Эспрессо (30 мл),KAIDA-P0833,Эспрессо,MAPPED_RULE,COFFEE_TYPE,0.97,R01,READY_DISH,Кофе | Кофе и кофейные напитки,"{""measurements"":[{""kind"":""value"",""value"":30.0,""unit"":""ml"",""raw"":""30 мл""}],""percentages"":[],""calibres"":[],""process"":[]}",,2,2
MAP-04909,Эспрессо 30мл,KAIDA-P0833,Эспрессо,MAPPED_RULE,COFFEE_TYPE,0.97,R01,READY_DISH,Кофейная карта,"{""measurements"":[{""kind"":""value"",""value"":30.0,""unit"":""ml"",""raw"":""30мл""}],""percentages"":[],""calibres"":[],""process"":[]}",,2,2
MAP-04910,Эспрессо 60мл,KAIDA-P0833,Эспрессо,MAPPED_RULE,COFFEE_TYPE,0.97,R01,READY_DISH,Кофейная карта,"{""measurements"":[{""kind"":""value"",""value"":60.0,""unit"":""ml"",""raw"":""60мл""}],""percentages"":[],""calibres"":[],""process"":[]}",,2,2
MAP-05036,DAS Колбаса докторская 500 г,KAIDA-P0792,Докторская колбаса,MAPPED_RULE,SAUSAGE_TYPE,0.96,R16,PRODUCT,Переработанное мясо,"{""measurements"":[{""kind"":""value"",""value"":500.0,""unit"":""g"",""raw"":""500 г""}],""percentages"":[],""calibres"":[],""process"":[]}",,1,1
MAP-05037,DAS Сосиски мусульманские 550 г,KAIDA-P0790,Сосиски,MAPPED_RULE,SAUSAGE_BASE,0.88,R16,PRODUCT,Переработанное мясо,"{""measurements"":[{""kind"":""value"",""value"":550.0,""unit"":""g"",""raw"":""550 г""}],""percentages"":[],""calibres"":[],""process"":[]}",,1,1
MAP-05145,ICE АМЕРИКАНО,KAIDA-P0834,Американо,MAPPED_RULE,COFFEE_TYPE,0.97,R01,READY_DISH,ICE КОФЕ,"{""measurements"":[],""percentages"":[],""calibres"":[],""process"":[]}",,1,1
MAP-05164,JACOBS ICEPRESSO латте 250 мл,KAIDA-P0835,Латте,MAPPED_RULE,COFFEE_TYPE,0.97,R01,READY_DISH,Безалкогольные напитки,"{""measurements"":[{""kind"":""value"",""value"":250.0,""unit"":""ml"",""raw"":""250 мл""}],""percentages"":[],""calibres"":[],""process"":[]}",,1,1
MAP-05394,PRESIDENT Сыр Мастер бутерброда ветчина 40% 150 г,KAIDA-P0788,Ветчина,MAPPED_RULE,HAM_BASE,0.92,R16,PRODUCT,Молочная продукция,"{""measurements"":[{""kind"":""value"",""value"":150.0,""unit"":""g"",""raw"":""150 г""}],""percentages"":[40.0],""calibres"":[],""process"":[]}",,1,1
MAP-05504,TITBIT Колбаса традиционная для собак 80 г,KAIDA-P0789,Колбаса,MAPPED_RULE,SAUSAGE_BASE,0.82,R16,PRODUCT,Корм и товары для животных,"{""measurements"":[{""kind"":""value"",""value"":80.0,""unit"":""g"",""raw"":""80 г""}],""percentages"":[],""calibres"":[],""process"":[]}",,1,1
MAP-05505,TITBIT Колбаски для собак пикантные 80 г,KAIDA-P0789,Колбаса,MAPPED_RULE,SAUSAGE_BASE,0.82,R16,PRODUCT,Корм и товары для животных,"{""measurements"":[{""kind"":""value"",""value"":80.0,""unit"":""g"",""raw"":""80 г""}],""percentages"":[],""calibres"":[],""process"":[]}",,1,1
MAP-05560,"Айс Американо 0,3",KAIDA-P0834,Американо,MAPPED_RULE,COFFEE_TYPE,0.97,R01,READY_DISH,Кофейные напитки,"{""measurements"":[],""percentages"":[],""calibres"":[],""process"":[]}",,1,1
MAP-05561,Айс Американо 300 мл,KAIDA-P0834,Американо,MAPPED_RULE,COFFEE_TYPE,0.97,R01,READY_DISH,Кофе,"{""measurements"":[{""kind"":""value"",""value"":300.0,""unit"":""ml"",""raw"":""300 мл""}],""percentages"":[],""calibres"":[],""process"":[]}",,1,1
MAP-05564,Айс голубая матча латте,KAIDA-P0835,Латте,MAPPED_RULE,COFFEE_TYPE,0.97,R01,READY_DISH,Холодные напитки,"{""measurements"":[],""percentages"":[],""calibres"":[],""process"":[]}",,1,1
MAP-05565,"Айс Капучино 0,3",KAIDA-P0836,Капучино,MAPPED_RULE,COFFEE_TYPE,0.97,R01,READY_DISH,Кофейные напитки,"{""measurements"":[],""percentages"":[],""calibres"":[],""process"":[]}",,1,1
MAP-05566,"Айс Капучино 0,4",KAIDA-P0836,Капучино,MAPPED_RULE,COFFEE_TYPE,0.97,R01,READY_DISH,Кофейные напитки,"{""measurements"":[],""percentages"":[],""calibres"":[],""process"":[]}",,1,1
MAP-05567,Айс капучино 300 мл,KAIDA-P0836,Капучино,MAPPED_RULE,COFFEE_TYPE,0.97,R01,READY_DISH,Кофе,"{""measurements"":[{""kind"":""value"",""value"":300.0,""unit"":""ml"",""raw"":""300 мл""}],""percentages"":[],""calibres"":[],""process"":[]}",,1,1
MAP-05568,"Айс Латте 0,3",KAIDA-P0835,Латте,MAPPED_RULE,COFFEE_TYPE,0.97,R01,READY_DISH,Кофейные напитки,"{""measurements"":[],""percentages"":[],""calibres"":[],""process"":[]}",,1,1
MAP-05569,Айс Латте 300 мл,KAIDA-P0835,Латте,MAPPED_RULE,COFFEE_TYPE,0.97,R01,READY_DISH,Кофе,"{""measurements"":[{""kind"":""value"",""value"":300.0,""unit"":""ml"",""raw"":""300 мл""}],""percentages"":[],""calibres"":[],""process"":[]}",,1,1
MAP-05572,Айс Матча Латте Зелёная,KAIDA-P0835,Латте,MAPPED_RULE,COFFEE_TYPE,0.97,R01,READY_DISH,Холодные напитки,"{""measurements"":[],""percentages"":[],""calibres"":[],""process"":[]}",,1,1
MAP-05574,Айс черничный латте,KAIDA-P0835,Латте,MAPPED_RULE,COFFEE_TYPE,0.97,R01,READY_DISH,Холодный кофе:,"{""measurements"":[],""percentages"":[],""calibres"":[],""process"":[]}",,1,1
MAP-05593,Американо (200мл),KAIDA-P0834,Американо,MAPPED_RULE,COFFEE_TYPE,0.97,R01,READY_DISH,Кофе:,"{""measurements"":[{""kind"":""value"",""value"":200.0,""unit"":""ml"",""raw"":""200мл""}],""percentages"":[],""calibres"":[],""process"":[]}",,1,1
MAP-05594,Американо 450 мл,KAIDA-P0834,Американо,MAPPED_RULE,COFFEE_TYPE,0.97,R01,READY_DISH,Кофе,"{""measurements"":[{""kind"":""value"",""value"":450.0,""unit"":""ml"",""raw"":""450 мл""}],""percentages"":[],""calibres"":[],""process"":[]}",,1,1
MAP-05595,Американо б/кофеина,KAIDA-P0834,Американо,MAPPED_RULE,COFFEE_TYPE,0.97,R01,READY_DISH,Кофе,"{""measurements"":[],""percentages"":[],""calibres"":[],""process"":[]}",,1,1
MAP-05596,Американо — 180 мл,KAIDA-P0834,Американо,MAPPED_RULE,COFFEE_TYPE,0.97,R01,READY_DISH,Кофе и кофейные напитки,"{""measurements"":[{""kind"":""value"",""value"":180.0,""unit"":""ml"",""raw"":""180 мл""}],""percentages"":[],""calibres"":[],""process"":[]}",,1,1
MAP-05629,Банановый тортик,KAIDA-P0850,Торт Банановый,MAPPED_RULE,USER_CAKEY_TYPE,0.96,USER_B01,READY_DISH,Торты по предзаказу,"{""measurements"":[],""percentages"":[],""calibres"":[],""process"":[]}",,1,1
MAP-05644,Бейгл с семгой,KAIDA-P0173,Атлантический лосось,MAPPED_RULE,SEMGA_ALIAS,0.98,R13,PRODUCT,Бранч Сэндвичи,"{""measurements"":[],""percentages"":[],""calibres"":[],""process"":[]}",,1,1
MAP-05666,Блины с сёмгой,KAIDA-P0173,Атлантический лосось,MAPPED_RULE,SEMGA_ALIAS,0.98,R13,PRODUCT,Бранчи,"{""measurements"":[],""percentages"":[],""calibres"":[],""process"":[]}",,1,1
MAP-05681,Борек с брынзой и зеленью,KAIDA-P0815,Борек,MAPPED_RULE,BAKERY_BASE,0.94,R03,READY_DISH,Полуфабрикаты,"{""measurements"":[],""percentages"":[],""calibres"":[],""process"":[],""filling_text"":""брынзой и зеленью""}",,1,1
MAP-05682,Борек с говядиной,KAIDA-P0815,Борек,MAPPED_RULE,BAKERY_BASE,0.94,R03,READY_DISH,Полуфабрикаты,"{""measurements"":[],""percentages"":[],""calibres"":[],""process"":[],""filling_text"":""говядиной""}",,1,1
MAP-05686,Борщ с говядиной и домашней сметаной,KAIDA-P0818,Борщ,MAPPED_RULE,NAMED_SOUP,0.97,R04,READY_DISH,Супы,"{""measurements"":[],""percentages"":[],""calibres"":[],""process"":[]}",,1,1
MAP-05689,Боул с семгой и рисом/кус-кус,KAIDA-P0173,Атлантический лосось,MAPPED_RULE,SEMGA_ALIAS,0.98,R13,PRODUCT,Боулы,"{""measurements"":[],""percentages"":[],""calibres"":[],""process"":[]}",,1,1
MAP-05691,БРЕСТ Колбаса брестская 1 кг,KAIDA-P0789,Колбаса,MAPPED_RULE,SAUSAGE_BASE,0.82,R16,PRODUCT,Переработанное мясо,"{""measurements"":[{""kind"":""value"",""value"":1.0,""unit"":""kg"",""raw"":""1 кг""}],""percentages"":[],""calibres"":[],""process"":[]}",,1,1
MAP-05692,БРЕСТ Колбаса сервелат венгерская 1 кг,KAIDA-P0794,Сервелат,MAPPED_RULE,SAUSAGE_TYPE,0.96,R16,PRODUCT,Переработанное мясо,"{""measurements"":[{""kind"":""value"",""value"":1.0,""unit"":""kg"",""raw"":""1 кг""}],""percentages"":[],""calibres"":[],""process"":[]}",,1,1
MAP-05696,БРЕСТ Сосиски докторские 1 кг,KAIDA-P0790,Сосиски,MAPPED_RULE,SAUSAGE_BASE,0.88,R16,PRODUCT,Переработанное мясо,"{""measurements"":[{""kind"":""value"",""value"":1.0,""unit"":""kg"",""raw"":""1 кг""}],""percentages"":[],""calibres"":[],""process"":[]}",,1,1
MAP-05698,Бриошь с семгой,KAIDA-P0173,Атлантический лосось,MAPPED_RULE,SEMGA_ALIAS,0.98,R13,PRODUCT,Завтраки:,"{""measurements"":[],""percentages"":[],""calibres"":[],""process"":[]}",,1,1
MAP-05702,брускетта с сосиской,KAIDA-P0790,Сосиски,MAPPED_RULE,SAUSAGE_BASE,0.88,R16,PRODUCT,Выпечка,"{""measurements"":[],""percentages"":[],""calibres"":[],""process"":[]}",,1,1
MAP-05705,Брюшки семги,KAIDA-P0173,Атлантический лосось,MAPPED_RULE,SEMGA_ALIAS,0.98,R13,PRODUCT,Рыба свежемороженная,"{""measurements"":[],""percentages"":[],""calibres"":[],""process"":[]}",,1,1
MAP-05719,бутерброд с колбасой,KAIDA-P0789,Колбаса,MAPPED_RULE,SAUSAGE_BASE,0.82,R16,PRODUCT,Выпечка,"{""measurements"":[],""percentages"":[],""calibres"":[],""process"":[]}",,1,1
MAP-05742,"Ветчина варено-копченая ""Мереке""",KAIDA-P0788,Ветчина,MAPPED_RULE,HAM_BASE,0.92,R16,PRODUCT,Колбасы,"{""measurements"":[],""percentages"":[],""calibres"":[],""process"":[""boiled"",""boiled_smoked"",""smoked""]}",,1,1
MAP-05776,Галета овощная с сёмгой,KAIDA-P0173,Атлантический лосось,MAPPED_RULE,SEMGA_ALIAS,0.98,R13,PRODUCT,Фитнес,"{""measurements"":[],""percentages"":[],""calibres"":[],""process"":[]}",,1,1
MAP-05780,"Гедза с креветочным фаршем, овощами",KAIDA-P0217,Креветка,MAPPED_RULE,SHRIMP_GENERIC,0.92,R15,PRODUCT,Гедза,"{""measurements"":[],""percentages"":[],""calibres"":[],""process"":[]}",,1,1
MAP-05785,глазунья с сосиской,KAIDA-P0790,Сосиски,MAPPED_RULE,SAUSAGE_BASE,0.88,R16,PRODUCT,Завтраки,"{""measurements"":[],""percentages"":[],""calibres"":[],""process"":[]}",,1,1
MAP-05792,"Головы семги свежемороженые крупные вес упаковка 1,2-1,5 кг",KAIDA-P0173,Атлантический лосось,MAPPED_RULE,SEMGA_ALIAS,0.98,R13,PRODUCT,Замороженная рыба,"{""measurements"":[{""kind"":""range"",""min"":1.2,""max"":1.5,""unit"":""kg"",""raw"":""1,2-1,5 кг""}],""percentages"":[],""calibres"":[],""process"":[""frozen""]}",,1,1
MAP-05806,Греческий салат с фетой,KAIDA-P0831,Греческий салат,MAPPED_RULE,NAMED_READY_DISH,0.98,R07,READY_DISH,Салаты,"{""measurements"":[],""percentages"":[],""calibres"":[],""process"":[]}",,1,1
MAP-05844,Дим сам с креветкой,KAIDA-P0217,Креветка,MAPPED_RULE,SHRIMP_GENERIC,0.92,R15,PRODUCT,Паста,"{""measurements"":[],""percentages"":[],""calibres"":[],""process"":[]}",,1,1
MAP-05850,Домашние колбаски,KAIDA-P0789,Колбаса,MAPPED_RULE,SAUSAGE_BASE,0.82,R16,PRODUCT,Основные блюда,"{""measurements"":[],""percentages"":[],""calibres"":[],""process"":[]}",,1,1
MAP-05853,Домашние сырник,KAIDA-P0825,Сырники,MAPPED_RULE,SYRNIKI_BASE,0.94,R12,PRODUCT,Завтраки,"{""measurements"":[],""percentages"":[],""calibres"":[],""process"":[]}",,1,1
MAP-06008,ЕТ БАЙРАМ Колбаса мусульманская халал вареная 1 кг,KAIDA-P0789,Колбаса,MAPPED_RULE,SAUSAGE_BASE,0.82,R16,PRODUCT,Переработанное мясо,"{""measurements"":[{""kind"":""value"",""value"":1.0,""unit"":""kg"",""raw"":""1 кг""}],""percentages"":[],""calibres"":[],""process"":[""boiled""]}",,1,1
MAP-06009,"ЕТ БАЙРАМ Сардельки Дамди халал, кг",KAIDA-P0791,Сардельки,MAPPED_RULE,SAUSAGE_BASE,0.9,R16,PRODUCT,Переработанное мясо,"{""measurements"":[],""percentages"":[],""calibres"":[],""process"":[]}",,1,1
MAP-06038,Завтрак с домашними колбасками,KAIDA-P0789,Колбаса,MAPPED_RULE,SAUSAGE_BASE,0.82,R16,PRODUCT,Завтраки,"{""measurements"":[],""percentages"":[],""calibres"":[],""process"":[]}",,1,1
MAP-06041,Завтрак с сёмгой и страчателлой,KAIDA-P0173,Атлантический лосось,MAPPED_RULE,SEMGA_ALIAS,0.98,R13,PRODUCT,Завтраки,"{""measurements"":[],""percentages"":[],""calibres"":[],""process"":[]}",,1,1
MAP-06042,Завтрак скрембл с семгой,KAIDA-P0173,Атлантический лосось,MAPPED_RULE,SEMGA_ALIAS,0.98,R13,PRODUCT,Сытные завтраки,"{""measurements"":[],""percentages"":[],""calibres"":[],""process"":[]}",,1,1
MAP-06127,Капучино (200мл),KAIDA-P0836,Капучино,MAPPED_RULE,COFFEE_TYPE,0.97,R01,READY_DISH,Кофе:,"{""measurements"":[{""kind"":""value"",""value"":200.0,""unit"":""ml"",""raw"":""200мл""}],""percentages"":[],""calibres"":[],""process"":[]}",,1,1
MAP-06128,Капучино (400 мл),KAIDA-P0836,Капучино,MAPPED_RULE,COFFEE_TYPE,0.97,R01,READY_DISH,Кофе,"{""measurements"":[{""kind"":""value"",""value"":400.0,""unit"":""ml"",""raw"":""400 мл""}],""percentages"":[],""calibres"":[],""process"":[]}",,1,1
MAP-06129,Капучино альтернативное,KAIDA-P0836,Капучино,MAPPED_RULE,COFFEE_TYPE,0.97,R01,READY_DISH,Кофе,"{""measurements"":[],""percentages"":[],""calibres"":[],""process"":[]}",,1,1
MAP-06130,Капучино б/кофеина,KAIDA-P0836,Капучино,MAPPED_RULE,COFFEE_TYPE,0.97,R01,READY_DISH,Кофе,"{""measurements"":[],""percentages"":[],""calibres"":[],""process"":[]}",,1,1
MAP-06131,Капучино б/кофеина альтернативное,KAIDA-P0836,Капучино,MAPPED_RULE,COFFEE_TYPE,0.97,R01,READY_DISH,Кофе,"{""measurements"":[],""percentages"":[],""calibres"":[],""process"":[]}",,1,1
MAP-06132,Капучино на альтернативном молоке — 300 мл,KAIDA-P0836,Капучино,MAPPED_RULE,COFFEE_TYPE,0.97,R01,READY_DISH,Кофе и кофейные напитки,"{""measurements"":[{""kind"":""value"",""value"":300.0,""unit"":""ml"",""raw"":""300 мл""}],""percentages"":[],""calibres"":[],""process"":[]}",,1,1
MAP-06141,КАРРИ RED С КРЕВЕТКАМИ,KAIDA-P0217,Креветка,MAPPED_RULE,SHRIMP_GENERIC,0.92,R15,PRODUCT,Карри,"{""measurements"":[],""percentages"":[],""calibres"":[],""process"":[]}",,1,1
MAP-06155,КИРИЕШКИ Сухарики со вкусом ветчины 100 г,KAIDA-P0788,Ветчина,MAPPED_RULE,HAM_BASE,0.92,R16,PRODUCT,Сладости,"{""measurements"":[{""kind"":""value"",""value"":100.0,""unit"":""g"",""raw"":""100 г""}],""percentages"":[],""calibres"":[],""process"":[]}",,1,1
MAP-06174,Клубничная молочная девочка за кг,KAIDA-P0810,Торт Молочная девочка,MAPPED_RULE,CAKE_RECIPE,0.96,R12,READY_DISH,Торты и рулеты,"{""measurements"":[],""percentages"":[],""calibres"":[],""process"":[]}",,1,1
MAP-06176,"Ко́нгрио (кинглип, креветочная рыба)",KAIDA-P0217,Креветка,MAPPED_RULE,SHRIMP_GENERIC,0.92,R15,PRODUCT,Свежемороженая продукция,"{""measurements"":[],""percentages"":[],""calibres"":[],""process"":[]}",,1,1
MAP-06180,"Коврик силиконовый для печенья Вуппи пай и макаронс ""Wop01 Whoopies"" 300*400*1.5мм,d70мм,Silikoмart",KAIDA-P0812,Макаронс,MAPPED_RULE,MACARONS_BASE,0.92,R12,READY_DISH,товары Италия,"{""measurements"":[],""percentages"":[],""calibres"":[],""process"":[]}",,1,1
MAP-06185,"Колбаса в/к ""Пепперони"" для пиццы нарезка Златиборай Сербия",KAIDA-P0789,Колбаса,MAPPED_RULE,SAUSAGE_BASE,0.82,R16,PRODUCT,Мясные продукты,"{""measurements"":[],""percentages"":[],""calibres"":[],""process"":[]}",,1,1
MAP-06186,"Колбаски гриль мини хот-дог куриный 0,22кг",KAIDA-P0789,Колбаса,MAPPED_RULE,SAUSAGE_BASE,0.82,R16,PRODUCT,Колбаски-гриль,"{""measurements"":[{""kind"":""value"",""value"":0.22,""unit"":""kg"",""raw"":""0,22кг""}],""percentages"":[],""calibres"":[],""process"":[]}",,1,1
MAP-06187,"Колбаски гриль хот-дог говяжьи 0,22кг",KAIDA-P0789,Колбаса,MAPPED_RULE,SAUSAGE_BASE,0.82,R16,PRODUCT,Колбаски-гриль,"{""measurements"":[{""kind"":""value"",""value"":0.22,""unit"":""kg"",""raw"":""0,22кг""}],""percentages"":[],""calibres"":[],""process"":[]}",,1,1
MAP-06188,"Колбаски гриль хот-дог говяжьи 0,28кг",KAIDA-P0789,Колбаса,MAPPED_RULE,SAUSAGE_BASE,0.82,R16,PRODUCT,Колбаски-гриль,"{""measurements"":[{""kind"":""value"",""value"":0.28,""unit"":""kg"",""raw"":""0,28кг""}],""percentages"":[],""calibres"":[],""process"":[]}",,1,1
MAP-06189,"Колбаски для гриля ""Дала""",KAIDA-P0789,Колбаса,MAPPED_RULE,SAUSAGE_BASE,0.82,R16,PRODUCT,Полуфабрикаты,"{""measurements"":[],""percentages"":[],""calibres"":[],""process"":[]}",,1,1
MAP-06190,Колбаски для жарки,KAIDA-P0789,Колбаса,MAPPED_RULE,SAUSAGE_BASE,0.82,R16,PRODUCT,Колбаски гриль,"{""measurements"":[],""percentages"":[],""calibres"":[],""process"":[]}",,1,1
MAP-06200,Комбо пицца ДАЛА,KAIDA-P0822,Пицца,MAPPED_RULE,PIZZA_BASE,0.9,R12,READY_DISH,Пицца,"{""measurements"":[],""percentages"":[],""calibres"":[],""process"":[]}",,1,1
MAP-06209,Конгрио-креветочная рыба,KAIDA-P0217,Креветка,MAPPED_RULE,SHRIMP_GENERIC,0.92,R15,PRODUCT,Рыба свежемороженная,"{""measurements"":[],""percentages"":[],""calibres"":[],""process"":[]}",,1,1
MAP-06240,Кофе капучино (арабика 100%),KAIDA-P0836,Капучино,MAPPED_RULE,COFFEE_TYPE,0.97,R01,READY_DISH,Кофе,"{""measurements"":[],""percentages"":[100.0],""calibres"":[],""process"":[]}",,1,1
MAP-06250,КРЕВЕТОЧНЫЕ ЧИПСЫ ПРЕМИУМ,KAIDA-P0217,Креветка,MAPPED_RULE,SHRIMP_GENERIC,0.92,R15,PRODUCT,Закуски,"{""measurements"":[],""percentages"":[],""calibres"":[],""process"":[]}",,1,1
MAP-06277,Круассаны классические,KAIDA-P0693,Круассан,MAPPED_RULE,BAKERY_BASE,0.94,R03,READY_DISH,Замороженная продукция,"{""measurements"":[],""percentages"":[],""calibres"":[],""process"":[]}",,1,1
MAP-06297,Куски Семги,KAIDA-P0173,Атлантический лосось,MAPPED_RULE,SEMGA_ALIAS,0.98,R13,PRODUCT,Свежемороженная рыба,"{""measurements"":[],""percentages"":[],""calibres"":[],""process"":[]}",,1,1
MAP-06298,Кусочки Семги (Норвегия),KAIDA-P0173,Атлантический лосось,MAPPED_RULE,SEMGA_ALIAS,0.98,R13,PRODUCT,Рыба,"{""measurements"":[],""percentages"":[],""calibres"":[],""process"":[]}",,1,1
MAP-06320,Латте (400 мл),KAIDA-P0835,Латте,MAPPED_RULE,COFFEE_TYPE,0.97,R01,READY_DISH,Кофе,"{""measurements"":[{""kind"":""value"",""value"":400.0,""unit"":""ml"",""raw"":""400 мл""}],""percentages"":[],""calibres"":[],""process"":[]}",,1,1
MAP-06321,Латте 3 специи 350мл,KAIDA-P0835,Латте,MAPPED_RULE,COFFEE_TYPE,0.97,R01,READY_DISH,Авторские напитки,"{""measurements"":[{""kind"":""value"",""value"":350.0,""unit"":""ml"",""raw"":""350мл""}],""percentages"":[],""calibres"":[],""process"":[]}",,1,1
MAP-06322,Латте альтернативное,KAIDA-P0835,Латте,MAPPED_RULE,COFFEE_TYPE,0.97,R01,READY_DISH,Кофе,"{""measurements"":[],""percentages"":[],""calibres"":[],""process"":[]}",,1,1
MAP-06323,Латте б/кофеина,KAIDA-P0835,Латте,MAPPED_RULE,COFFEE_TYPE,0.97,R01,READY_DISH,Кофе,"{""measurements"":[],""percentages"":[],""calibres"":[],""process"":[]}",,1,1
MAP-06324,Латте б/кофеина альтернативное,KAIDA-P0835,Латте,MAPPED_RULE,COFFEE_TYPE,0.97,R01,READY_DISH,Кофе,"{""measurements"":[],""percentages"":[],""calibres"":[],""process"":[]}",,1,1
MAP-06325,Латте б/кофеина на безлактозном,KAIDA-P0835,Латте,MAPPED_RULE,COFFEE_TYPE,0.97,R01,READY_DISH,Кофе,"{""measurements"":[],""percentages"":[],""calibres"":[],""process"":[]}",,1,1
MAP-06326,Латте на альтернативном молоке — 300 мл,KAIDA-P0835,Латте,MAPPED_RULE,COFFEE_TYPE,0.97,R01,READY_DISH,Кофе и кофейные напитки,"{""measurements"":[{""kind"":""value"",""value"":300.0,""unit"":""ml"",""raw"":""300 мл""}],""percentages"":[],""calibres"":[],""process"":[]}",,1,1
MAP-06327,Латте на безлактозном,KAIDA-P0835,Латте,MAPPED_RULE,COFFEE_TYPE,0.97,R01,READY_DISH,Кофе,"{""measurements"":[],""percentages"":[],""calibres"":[],""process"":[]}",,1,1
MAP-06328,Латте по-казахски,KAIDA-P0835,Латте,MAPPED_RULE,COFFEE_TYPE,0.97,R01,READY_DISH,Кофе,"{""measurements"":[],""percentages"":[],""calibres"":[],""process"":[]}",,1,1
MAP-06382,Макара Синнамон Латте,KAIDA-P0835,Латте,MAPPED_RULE,COFFEE_TYPE,0.97,R01,READY_DISH,Горячие напитки,"{""measurements"":[],""percentages"":[],""calibres"":[],""process"":[]}",,1,1
MAP-06387,Малатан асшаяндармен / Малатан с креветками,KAIDA-P0217,Креветка,MAPPED_RULE,SHRIMP_GENERIC,0.92,R15,PRODUCT,Малатан,"{""measurements"":[],""percentages"":[],""calibres"":[],""process"":[]}",,1,1
MAP-06418,Матча Латте 350мл,KAIDA-P0835,Латте,MAPPED_RULE,COFFEE_TYPE,0.97,R01,READY_DISH,Кофе,"{""measurements"":[{""kind"":""value"",""value"":350.0,""unit"":""ml"",""raw"":""350мл""}],""percentages"":[],""calibres"":[],""process"":[]}",,1,1
MAP-06419,Матча Латте Голубая,KAIDA-P0835,Латте,MAPPED_RULE,COFFEE_TYPE,0.97,R01,READY_DISH,Горячие кофейные напитки,"{""measurements"":[],""percentages"":[],""calibres"":[],""process"":[]}",,1,1
MAP-06420,Матча Латте Зелёная,KAIDA-P0835,Латте,MAPPED_RULE,COFFEE_TYPE,0.97,R01,READY_DISH,Горячие кофейные напитки,"{""measurements"":[],""percentages"":[],""calibres"":[],""process"":[]}",,1,1
MAP-06429,Медовик за кг,KAIDA-P0809,Медовик,MAPPED_RULE,CAKE_RECIPE,0.96,R12,READY_DISH,Торты и рулеты,"{""measurements"":[],""percentages"":[],""calibres"":[],""process"":[]}",,1,1
MAP-06430,Медовик шоколадный,KAIDA-P0809,Медовик,MAPPED_RULE,CAKE_RECIPE,0.96,R12,READY_DISH,Торты,"{""measurements"":[],""percentages"":[],""calibres"":[],""process"":[]}",,1,1
MAP-06436,Меню Пицца,KAIDA-P0822,Пицца,MAPPED_RULE,PIZZA_BASE,0.9,R12,READY_DISH,Меню,"{""measurements"":[],""percentages"":[],""calibres"":[],""process"":[]}",,1,1
MAP-06462,Мисо суп с креветками,KAIDA-P0217,Креветка,MAPPED_RULE,SHRIMP_GENERIC,0.92,R15,PRODUCT,Мисо,"{""measurements"":[],""percentages"":[],""calibres"":[],""process"":[]}",,1,1
MAP-06474,Молочная девочка за кг,KAIDA-P0810,Торт Молочная девочка,MAPPED_RULE,CAKE_RECIPE,0.96,R12,READY_DISH,Торты и рулеты,"{""measurements"":[],""percentages"":[],""calibres"":[],""process"":[]}",,1,1
MAP-06490,"Мясо семги (фарш), вес упаковка 500 гр",KAIDA-P0173,Атлантический лосось,MAPPED_RULE,SEMGA_ALIAS,0.98,R13,PRODUCT,Замороженная рыба,"{""measurements"":[{""kind"":""value"",""value"":500.0,""unit"":""g"",""raw"":""500 гр""}],""percentages"":[],""calibres"":[],""process"":[]}",,1,1
MAP-06496,НАПОЛЕОН классический,KAIDA-P0808,Торт Наполеон,MAPPED_RULE,CAKE_RECIPE,0.96,R12,READY_DISH,ТОРТЫ масовочные,"{""measurements"":[],""percentages"":[],""calibres"":[],""process"":[]}",,1,1
MAP-06497,НАПОЛЕОН рубленный,KAIDA-P0808,Торт Наполеон,MAPPED_RULE,CAKE_RECIPE,0.96,R12,READY_DISH,ТОРТЫ масовочные,"{""measurements"":[],""percentages"":[],""calibres"":[],""process"":[]}",,1,1
MAP-06498,НАПОЛЕОН РУБЛЕНЫЙ,KAIDA-P0808,Торт Наполеон,MAPPED_RULE,CAKE_RECIPE,0.96,R12,READY_DISH,ПИРОЖНЫЕ,"{""measurements"":[],""percentages"":[],""calibres"":[],""process"":[]}",,1,1
MAP-06499,НАРЕЗКА НАПОЛЕОН,KAIDA-P0808,Торт Наполеон,MAPPED_RULE,CAKE_RECIPE,0.96,R12,READY_DISH,ПИРОЖНЫЕ,"{""measurements"":[],""percentages"":[],""calibres"":[],""process"":[]}",,1,1
MAP-06508,НЭМЫ MAXI С КРЕВЕТКОЙ,KAIDA-P0217,Креветка,MAPPED_RULE,SHRIMP_GENERIC,0.92,R15,PRODUCT,Закуски,"{""measurements"":[],""percentages"":[],""calibres"":[],""process"":[]}",,1,1
MAP-06514,"Облепиховый медовик (чгоды по наличию, вес 1 кг)",KAIDA-P0809,Медовик,MAPPED_RULE,CAKE_RECIPE,0.96,R12,READY_DISH,Торты,"{""measurements"":[{""kind"":""value"",""value"":1.0,""unit"":""kg"",""raw"":""1 кг""}],""percentages"":[],""calibres"":[],""process"":[]}",,1,1
MAP-06515,Обрезь Семги (Норвегия),KAIDA-P0173,Атлантический лосось,MAPPED_RULE,SEMGA_ALIAS,0.98,R13,PRODUCT,Рыба,"{""measurements"":[],""percentages"":[],""calibres"":[],""process"":[]}",,1,1
MAP-06525,Окрошка на квасе,KAIDA-P0820,Окрошка,MAPPED_RULE,NAMED_SOUP,0.97,R04,READY_DISH,Супы,"{""measurements"":[],""percentages"":[],""calibres"":[],""process"":[]}",,1,1
MAP-06527,Оливье с семгой,KAIDA-P0173,Атлантический лосось,MAPPED_RULE,SEMGA_ALIAS,0.98,R13,PRODUCT,Салаты,"{""measurements"":[],""percentages"":[],""calibres"":[],""process"":[]}",,1,1
MAP-06533,ОМЛЕТ С КРЕВЕТКАМИ,KAIDA-P0217,Креветка,MAPPED_RULE,SHRIMP_GENERIC,0.92,R15,PRODUCT,Завтраки,"{""measurements"":[],""percentages"":[],""calibres"":[],""process"":[]}",,1,1
MAP-06553,ПАД ТАЙ С КРЕВЕТКАМИ,KAIDA-P0217,Креветка,MAPPED_RULE,SHRIMP_GENERIC,0.92,R15,PRODUCT,Воки,"{""measurements"":[],""percentages"":[],""calibres"":[],""process"":[]}",,1,1
MAP-06567,ПАПА МОЖЕТ Колбаса мясная 400 г,KAIDA-P0789,Колбаса,MAPPED_RULE,SAUSAGE_BASE,0.82,R16,PRODUCT,Переработанное мясо,"{""measurements"":[{""kind"":""value"",""value"":400.0,""unit"":""g"",""raw"":""400 г""}],""percentages"":[],""calibres"":[],""process"":[]}",,1,1
MAP-06568,Паппарделле со шпинатом и креветками,KAIDA-P0217,Креветка,MAPPED_RULE,SHRIMP_GENERIC,0.92,R15,PRODUCT,Паста,"{""measurements"":[],""percentages"":[],""calibres"":[],""process"":[]}",,1,1
MAP-06589,Паста с семгой,KAIDA-P0173,Атлантический лосось,MAPPED_RULE,SEMGA_ALIAS,0.98,R13,PRODUCT,Паста,"{""measurements"":[],""percentages"":[],""calibres"":[],""process"":[]}",,1,1
MAP-06600,Патроны Колбаски,KAIDA-P0789,Колбаса,MAPPED_RULE,SAUSAGE_BASE,0.82,R16,PRODUCT,СНЭКИ,"{""measurements"":[],""percentages"":[],""calibres"":[],""process"":[]}",,1,1
MAP-06633,Пирог Лимонный La Citron,KAIDA-P0852,Лимонный пирог,MAPPED_RULE,USER_PIE_TYPE,0.96,USER_B01,READY_DISH,Пироги,"{""measurements"":[],""percentages"":[],""calibres"":[],""process"":[]}",,1,1
MAP-06645,"Пицца ""ДАЛА""",KAIDA-P0822,Пицца,MAPPED_RULE,PIZZA_BASE,0.9,R12,READY_DISH,Пицца,"{""measurements"":[],""percentages"":[],""calibres"":[],""process"":[]}",,1,1
MAP-06646,Пицца Red Fish,KAIDA-P0822,Пицца,MAPPED_RULE,PIZZA_BASE,0.9,R12,READY_DISH,Пицца,"{""measurements"":[],""percentages"":[],""calibres"":[],""process"":[]}",,1,1
MAP-06647,Пицца Белла Виста,KAIDA-P0822,Пицца,MAPPED_RULE,PIZZA_BASE,0.9,R12,READY_DISH,Пицца,"{""measurements"":[],""percentages"":[],""calibres"":[],""process"":[]}",,1,1
MAP-06648,Пицца Бианка,KAIDA-P0822,Пицца,MAPPED_RULE,PIZZA_BASE,0.9,R12,READY_DISH,Пицца,"{""measurements"":[],""percentages"":[],""calibres"":[],""process"":[]}",,1,1
MAP-06649,Пицца Времена года,KAIDA-P0822,Пицца,MAPPED_RULE,PIZZA_BASE,0.9,R12,READY_DISH,Пицца,"{""measurements"":[],""percentages"":[],""calibres"":[],""process"":[]}",,1,1
MAP-06650,Пицца Диабло,KAIDA-P0822,Пицца,MAPPED_RULE,PIZZA_BASE,0.9,R12,READY_DISH,Пицца,"{""measurements"":[],""percentages"":[],""calibres"":[],""process"":[]}",,1,1
MAP-06651,Пицца Жайлау,KAIDA-P0822,Пицца,MAPPED_RULE,PIZZA_BASE,0.9,R12,READY_DISH,Пицца,"{""measurements"":[],""percentages"":[],""calibres"":[],""process"":[]}",,1,1
MAP-06652,Пицца Куринная,KAIDA-P0822,Пицца,MAPPED_RULE,PIZZA_BASE,0.9,R12,READY_DISH,Пицца,"{""measurements"":[],""percentages"":[],""calibres"":[],""process"":[]}",,1,1
MAP-06653,Пицца мясная,KAIDA-P0822,Пицца,MAPPED_RULE,PIZZA_BASE,0.9,R12,READY_DISH,Пицца,"{""measurements"":[],""percentages"":[],""calibres"":[],""process"":[]}",,1,1
MAP-06654,пицца Пепероне,KAIDA-P0822,Пицца,MAPPED_RULE,PIZZA_BASE,0.9,R12,READY_DISH,Пицца,"{""measurements"":[],""percentages"":[],""calibres"":[],""process"":[]}",,1,1
MAP-06655,Пицца Примавера,KAIDA-P0822,Пицца,MAPPED_RULE,PIZZA_BASE,0.9,R12,READY_DISH,Пицца,"{""measurements"":[],""percentages"":[],""calibres"":[],""process"":[]}",,1,1
MAP-06656,Пицца с ветчиной и грибами,KAIDA-P0822,Пицца,MAPPED_RULE,PIZZA_BASE,0.9,R12,READY_DISH,Пицца,"{""measurements"":[],""percentages"":[],""calibres"":[],""process"":[]}",,1,1
MAP-06657,Пицца с ветчиной индейки и грибами,KAIDA-P0822,Пицца,MAPPED_RULE,PIZZA_BASE,0.9,R12,READY_DISH,Пицца,"{""measurements"":[],""percentages"":[],""calibres"":[],""process"":[]}",,1,1
MAP-06658,Пицца с горгонзолой и грушей,KAIDA-P0822,Пицца,MAPPED_RULE,PIZZA_BASE,0.9,R12,READY_DISH,Пицца,"{""measurements"":[],""percentages"":[],""calibres"":[],""process"":[]}",,1,1
MAP-06659,Пицца с грибами и трюфельным соусом,KAIDA-P0822,Пицца,MAPPED_RULE,PIZZA_BASE,0.9,R12,READY_DISH,Пицца,"{""measurements"":[],""percentages"":[],""calibres"":[],""process"":[]}",,1,1
MAP-06660,Пицца с грушей,KAIDA-P0822,Пицца,MAPPED_RULE,PIZZA_BASE,0.9,R12,READY_DISH,Пицца,"{""measurements"":[],""percentages"":[],""calibres"":[],""process"":[]}",,1,1
MAP-06661,Пицца с кониной,KAIDA-P0822,Пицца,MAPPED_RULE,PIZZA_BASE,0.9,R12,READY_DISH,Пицца,"{""measurements"":[],""percentages"":[],""calibres"":[],""process"":[]}",,1,1
MAP-06662,Пицца с курицей,KAIDA-P0822,Пицца,MAPPED_RULE,PIZZA_BASE,0.9,R12,READY_DISH,Пицца,"{""measurements"":[],""percentages"":[],""calibres"":[],""process"":[]}",,1,1
MAP-06663,Пицца со Страчателлой и Мортаделлой,KAIDA-P0822,Пицца,MAPPED_RULE,PIZZA_BASE,0.9,R12,READY_DISH,Пицца,"{""measurements"":[],""percentages"":[],""calibres"":[],""process"":[]}",,1,1
MAP-06664,Пицца соррентино 4 сыра,KAIDA-P0822,Пицца,MAPPED_RULE,PIZZA_BASE,0.9,R12,READY_DISH,Закуски,"{""measurements"":[],""percentages"":[],""calibres"":[],""process"":[]}",,1,1
MAP-06665,Пицца соррентино с шпинатом,KAIDA-P0822,Пицца,MAPPED_RULE,PIZZA_BASE,0.9,R12,READY_DISH,Закуски,"{""measurements"":[],""percentages"":[],""calibres"":[],""process"":[]}",,1,1
MAP-06666,Пицца Терияки,KAIDA-P0822,Пицца,MAPPED_RULE,PIZZA_BASE,0.9,R12,READY_DISH,Пицца,"{""measurements"":[],""percentages"":[],""calibres"":[],""process"":[]}",,1,1
MAP-06667,Пицца Трюфельная с жаей,KAIDA-P0822,Пицца,MAPPED_RULE,PIZZA_BASE,0.9,R12,READY_DISH,Пицца,"{""measurements"":[],""percentages"":[],""calibres"":[],""process"":[]}",,1,1
MAP-06668,Пицца Халал,KAIDA-P0822,Пицца,MAPPED_RULE,PIZZA_BASE,0.9,R12,READY_DISH,Пицца,"{""measurements"":[],""percentages"":[],""calibres"":[],""process"":[]}",,1,1
MAP-06669,Пицца Цезарь,KAIDA-P0822,Пицца,MAPPED_RULE,PIZZA_BASE,0.9,R12,READY_DISH,Пицца,"{""measurements"":[],""percentages"":[],""calibres"":[],""process"":[]}",,1,1
MAP-06670,Пицца Четыре сыра,KAIDA-P0822,Пицца,MAPPED_RULE,PIZZA_BASE,0.9,R12,READY_DISH,Пицца,"{""measurements"":[],""percentages"":[],""calibres"":[],""process"":[]}",,1,1
MAP-06684,"Подставка для макаронс ""Пирамида 5 ярусная"" 35*35*23см",KAIDA-P0812,Макаронс,MAPPED_RULE,MACARONS_BASE,0.92,R12,READY_DISH,,"{""measurements"":[],""percentages"":[],""calibres"":[],""process"":[]}",,1,1
MAP-06687,Подставка пластиковая для макаронс,KAIDA-P0812,Макаронс,MAPPED_RULE,MACARONS_BASE,0.92,R12,READY_DISH,,"{""measurements"":[],""percentages"":[],""calibres"":[],""process"":[]}",,1,1
MAP-06697,Поке боул с семгой,KAIDA-P0173,Атлантический лосось,MAPPED_RULE,SEMGA_ALIAS,0.98,R13,PRODUCT,Завтраки:,"{""measurements"":[],""percentages"":[],""calibres"":[],""process"":[]}",,1,1
MAP-06732,Птитим с креветками,KAIDA-P0217,Креветка,MAPPED_RULE,SHRIMP_GENERIC,0.92,R15,PRODUCT,Паста,"{""measurements"":[],""percentages"":[],""calibres"":[],""process"":[]}",,1,1
MAP-06753,РАМЕН С КРЕВЕТКАМИ,KAIDA-P0217,Креветка,MAPPED_RULE,SHRIMP_GENERIC,0.92,R15,PRODUCT,Супы,"{""measurements"":[],""percentages"":[],""calibres"":[],""process"":[]}",,1,1
MAP-06862,РИСОВАЯ КАША МИ ЯМ,KAIDA-P0832,Рисовая каша,MAPPED_RULE,NAMED_READY_DISH,0.98,R07,READY_DISH,Завтраки,"{""measurements"":[],""percentages"":[],""calibres"":[],""process"":[]}",,1,1
MAP-06863,Рисовая каша с брусничным вареньем,KAIDA-P0832,Рисовая каша,MAPPED_RULE,NAMED_READY_DISH,0.98,R07,READY_DISH,Завтраки,"{""measurements"":[],""percentages"":[],""calibres"":[],""process"":[""boiled""]}",,1,1
MAP-06871,Ролл с креветкой,KAIDA-P0217,Креветка,MAPPED_RULE,SHRIMP_GENERIC,0.92,R15,PRODUCT,Хосомаки,"{""measurements"":[],""percentages"":[],""calibres"":[],""process"":[]}",,1,1
MAP-06899,с ветчиной и грибами,KAIDA-P0788,Ветчина,MAPPED_RULE,HAM_BASE,0.92,R16,PRODUCT,Пицца,"{""measurements"":[],""percentages"":[],""calibres"":[],""process"":[]}",,1,1
MAP-06917,Салат из копченой семги,KAIDA-P0173,Атлантический лосось,MAPPED_RULE,SEMGA_ALIAS,0.98,R13,PRODUCT,Салаты,"{""measurements"":[],""percentages"":[],""calibres"":[],""process"":[""smoked""]}",,1,1
MAP-06935,Салат с сёмгой и страчателлой,KAIDA-P0173,Атлантический лосось,MAPPED_RULE,SEMGA_ALIAS,0.98,R13,PRODUCT,Салаты,"{""measurements"":[],""percentages"":[],""calibres"":[],""process"":[]}",,1,1
MAP-06979,Сендвич с ветчиной из индейки,KAIDA-P0788,Ветчина,MAPPED_RULE,HAM_BASE,0.92,R16,PRODUCT,Завтраки,"{""measurements"":[],""percentages"":[],""calibres"":[],""process"":[]}",,1,1
MAP-06988,Синнабон + Кофе (Американо М),KAIDA-P0834,Американо,MAPPED_RULE,COFFEE_TYPE,0.97,R01,READY_DISH,Комбо,"{""measurements"":[],""percentages"":[],""calibres"":[],""process"":[]}",,1,1
MAP-07002,Скрембл с куриными колбасками,KAIDA-P0789,Колбаса,MAPPED_RULE,SAUSAGE_BASE,0.82,R16,PRODUCT,Завтраки,"{""measurements"":[],""percentages"":[],""calibres"":[],""process"":[]}",,1,1
MAP-07004,Скрембл с томатами и креветками,KAIDA-P0217,Креветка,MAPPED_RULE,SHRIMP_GENERIC,0.92,R15,PRODUCT,Новинки,"{""measurements"":[],""percentages"":[],""calibres"":[],""process"":[]}",,1,1
MAP-07008,скрэмбл с сосиской,KAIDA-P0790,Сосиски,MAPPED_RULE,SAUSAGE_BASE,0.88,R16,PRODUCT,Завтраки,"{""measurements"":[],""percentages"":[],""calibres"":[],""process"":[]}",,1,1
MAP-07012,"Слайсы малосольной семги, вес упаковка 200-300 гр.",KAIDA-P0173,Атлантический лосось,MAPPED_RULE,SEMGA_ALIAS,0.98,R13,PRODUCT,Копченая и малосоленая рыба,"{""measurements"":[{""kind"":""range"",""min"":200.0,""max"":300.0,""unit"":""g"",""raw"":""200-300 гр""}],""percentages"":[],""calibres"":[],""process"":[""lightly_salted""]}",,1,1
MAP-07013,"Слайсы семги холодного копчения, вес упаковка 200-300 гр.",KAIDA-P0173,Атлантический лосось,MAPPED_RULE,SEMGA_ALIAS,0.98,R13,PRODUCT,Копченая и малосоленая рыба,"{""measurements"":[{""kind"":""range"",""min"":200.0,""max"":300.0,""unit"":""g"",""raw"":""200-300 гр""}],""percentages"":[],""calibres"":[],""process"":[""smoked"",""smoked_cold""]}",,1,1
MAP-07061,Стейк Семги I -категории,KAIDA-P0242,Стейк лосося,MAPPED_RULE,FISH_CUT_PRODUCT,0.94,R13,PRODUCT,Замороженная рыба,"{""measurements"":[],""percentages"":[],""calibres"":[],""process"":[]}",,1,1
MAP-07062,Стейк Семги II -категории,KAIDA-P0242,Стейк лосося,MAPPED_RULE,FISH_CUT_PRODUCT,0.94,R13,PRODUCT,Замороженная рыба,"{""measurements"":[],""percentages"":[],""calibres"":[],""process"":[]}",,1,1
MAP-07064,"Стейки Семги крупные,кг",KAIDA-P0242,Стейк лосося,MAPPED_RULE,FISH_CUT_PRODUCT,0.94,R13,PRODUCT,Рыба,"{""measurements"":[],""percentages"":[],""calibres"":[],""process"":[]}",,1,1
MAP-07065,Стейки семги свежемороженые вес 500-700 гр,KAIDA-P0242,Стейк лосося,MAPPED_RULE,FISH_CUT_PRODUCT,0.94,R13,PRODUCT,Замороженная рыба,"{""measurements"":[{""kind"":""range"",""min"":500.0,""max"":700.0,""unit"":""g"",""raw"":""500-700 гр""}],""percentages"":[],""calibres"":[],""process"":[""frozen""]}",,1,1
MAP-07067,Стрипсы (мясо) сёмги без костей и кожи,KAIDA-P0173,Атлантический лосось,MAPPED_RULE,SEMGA_ALIAS,0.98,R13,PRODUCT,Свежемороженая продукция,"{""measurements"":[],""percentages"":[],""calibres"":[],""process"":[]}",,1,1
MAP-07080,Суп Борщ,KAIDA-P0818,Борщ,MAPPED_RULE,NAMED_SOUP,0.97,R04,READY_DISH,Супы,"{""measurements"":[],""percentages"":[],""calibres"":[],""process"":[]}",,1,1
MAP-07084,Суп набор из семги,KAIDA-P0173,Атлантический лосось,MAPPED_RULE,SEMGA_ALIAS,0.98,R13,PRODUCT,Рыба,"{""measurements"":[],""percentages"":[],""calibres"":[],""process"":[]}",,1,1
MAP-07085,"Суп набор из семги 1,5-2 кг",KAIDA-P0173,Атлантический лосось,MAPPED_RULE,SEMGA_ALIAS,0.98,R13,PRODUCT,Замороженная рыба,"{""measurements"":[{""kind"":""range"",""min"":1.5,""max"":2.0,""unit"":""kg"",""raw"":""1,5-2 кг""}],""percentages"":[],""calibres"":[],""process"":[]}",,1,1
MAP-07114,Сырники из иримшика,KAIDA-P0825,Сырники,MAPPED_RULE,SYRNIKI_BASE,0.94,R12,PRODUCT,Завтраки,"{""measurements"":[],""percentages"":[],""calibres"":[],""process"":[]}",,1,1
MAP-07115,Сырники из рикотты со сметаной и вареньем,KAIDA-P0825,Сырники,MAPPED_RULE,SYRNIKI_BASE,0.94,R12,PRODUCT,Завтраки,"{""measurements"":[],""percentages"":[],""calibres"":[],""process"":[""boiled""]}",,1,1
MAP-07116,Сырники с Вишней и Мороженым,KAIDA-P0825,Сырники,MAPPED_RULE,SYRNIKI_BASE,0.94,R12,PRODUCT,Сладкие Завтраки,"{""measurements"":[],""percentages"":[],""calibres"":[],""process"":[]}",,1,1
MAP-07117,Сырники с домашней сметаной,KAIDA-P0825,Сырники,MAPPED_RULE,SYRNIKI_BASE,0.94,R12,PRODUCT,Сладкие завтраки,"{""measurements"":[],""percentages"":[],""calibres"":[],""process"":[]}",,1,1
MAP-07118,Сырники с маком,KAIDA-P0825,Сырники,MAPPED_RULE,SYRNIKI_BASE,0.94,R12,PRODUCT,Замороженная продукция,"{""measurements"":[],""percentages"":[],""calibres"":[],""process"":[]}",,1,1
MAP-07119,Сырники со сметаной и клубникой с гранолой,KAIDA-P0825,Сырники,MAPPED_RULE,SYRNIKI_BASE,0.94,R12,PRODUCT,Десерты,"{""measurements"":[],""percentages"":[],""calibres"":[],""process"":[]}",,1,1
MAP-07140,тальятелли с креветками и томатами конкассе,KAIDA-P0217,Креветка,MAPPED_RULE,SHRIMP_GENERIC,0.92,R15,PRODUCT,Паста,"{""measurements"":[],""percentages"":[],""calibres"":[],""process"":[]}",,1,1
MAP-07159,ТЕМПУРА РОЛЛЫ С КРЕВЕТКОЙ И СОУСОМ ЛАВА,KAIDA-P0217,Креветка,MAPPED_RULE,SHRIMP_GENERIC,0.92,R15,PRODUCT,Роллы,"{""measurements"":[],""percentages"":[],""calibres"":[],""process"":[]}",,1,1
MAP-07172,Теша Сёмги 100гр,KAIDA-P0173,Атлантический лосось,MAPPED_RULE,SEMGA_ALIAS,0.98,R13,PRODUCT,РЫБА КОПЧЕНАЯ,"{""measurements"":[{""kind"":""value"",""value"":100.0,""unit"":""g"",""raw"":""100гр""}],""percentages"":[],""calibres"":[],""process"":[]}",,1,1
MAP-07178,ТОМКХА С КРЕВЕТКАМИ,KAIDA-P0217,Креветка,MAPPED_RULE,SHRIMP_GENERIC,0.92,R15,PRODUCT,TomKha,"{""measurements"":[],""percentages"":[],""calibres"":[],""process"":[]}",,1,1
MAP-07195,ТОРТ МЕДОВИК С СОЛЕНОЙ КАРАМЕЛЬЮ,KAIDA-P0809,Медовик,MAPPED_RULE,CAKE_RECIPE,0.96,R12,READY_DISH,Десерты,"{""measurements"":[],""percentages"":[],""calibres"":[],""process"":[]}",,1,1
MAP-07218,ТРЮФЕЛЬНЫЙ СОУС К ПИЦЦЕ 50 гр пицца,KAIDA-P0822,Пицца,MAPPED_RULE,PIZZA_BASE,0.9,R12,READY_DISH,Пицца,"{""measurements"":[{""kind"":""value"",""value"":50.0,""unit"":""g"",""raw"":""50 гр""}],""percentages"":[],""calibres"":[],""process"":[]}",,1,1
MAP-07247,Феттучини с семгой,KAIDA-P0173,Атлантический лосось,MAPPED_RULE,SEMGA_ALIAS,0.98,R13,PRODUCT,Фреш паста,"{""measurements"":[],""percentages"":[],""calibres"":[],""process"":[]}",,1,1
MAP-07255,ФИЛАДЕЛЬФИЯ С КРЕВЕТКОЙ,KAIDA-P0217,Креветка,MAPPED_RULE,SHRIMP_GENERIC,0.92,R15,PRODUCT,Роллы,"{""measurements"":[],""percentages"":[],""calibres"":[],""process"":[]}",,1,1
MAP-07260,Филе сёмги с овощами-гриль,KAIDA-P0173,Атлантический лосось,MAPPED_RULE,SEMGA_ALIAS,0.98,R13,PRODUCT,Европейская кухня,"{""measurements"":[],""percentages"":[],""calibres"":[],""process"":[]}",,1,1
MAP-07345,"Хвосты семги свежемороженые вес упаковка 1-1,5 кг",KAIDA-P0173,Атлантический лосось,MAPPED_RULE,SEMGA_ALIAS,0.98,R13,PRODUCT,Замороженная рыба,"{""measurements"":[{""kind"":""range"",""min"":1.0,""max"":1.5,""unit"":""kg"",""raw"":""1-1,5 кг""}],""percentages"":[],""calibres"":[],""process"":[""frozen""]}",,1,1
MAP-07367,Холодный Капучино,KAIDA-P0836,Капучино,MAPPED_RULE,COFFEE_TYPE,0.97,R01,READY_DISH,Холодный кофе,"{""measurements"":[],""percentages"":[],""calibres"":[],""process"":[]}",,1,1
MAP-07369,Холодный Латте,KAIDA-P0835,Латте,MAPPED_RULE,COFFEE_TYPE,0.97,R01,READY_DISH,Холодный кофе,"{""measurements"":[],""percentages"":[],""calibres"":[],""process"":[]}",,1,1
MAP-07370,Холодный Макара Синнамон Латте,KAIDA-P0835,Латте,MAPPED_RULE,COFFEE_TYPE,0.97,R01,READY_DISH,Холодный кофе,"{""measurements"":[],""percentages"":[],""calibres"":[],""process"":[]}",,1,1
MAP-07373,Хребет Семги,KAIDA-P0173,Атлантический лосось,MAPPED_RULE,SEMGA_ALIAS,0.98,R13,PRODUCT,Свежемороженная рыба,"{""measurements"":[],""percentages"":[],""calibres"":[],""process"":[]}",,1,1
MAP-07374,Хребты сёмги г/к,KAIDA-P0173,Атлантический лосось,MAPPED_RULE,SEMGA_ALIAS,0.98,R13,PRODUCT,Рыба,"{""measurements"":[],""percentages"":[],""calibres"":[],""process"":[""smoked_hot""]}",,1,1
MAP-07375,Хребты Сёмги Горячего Копчения 100гр,KAIDA-P0173,Атлантический лосось,MAPPED_RULE,SEMGA_ALIAS,0.98,R13,PRODUCT,РЫБА КОПЧЕНАЯ,"{""measurements"":[{""kind"":""value"",""value"":100.0,""unit"":""g"",""raw"":""100гр""}],""percentages"":[],""calibres"":[],""process"":[""smoked"",""smoked_hot""]}",,1,1
MAP-07406,Черничный латте (350мл),KAIDA-P0835,Латте,MAPPED_RULE,COFFEE_TYPE,0.97,R01,READY_DISH,Кофе:,"{""measurements"":[{""kind"":""value"",""value"":350.0,""unit"":""ml"",""raw"":""350мл""}],""percentages"":[],""calibres"":[],""process"":[]}",,1,1
MAP-07417,Чизкейк медовый,KAIDA-P0813,Чизкейк,MAPPED_RULE,CHEESECAKE_BASE,0.92,R12,READY_DISH,Десерты,"{""measurements"":[],""percentages"":[],""calibres"":[],""process"":[]}",,1,1
MAP-07418,чизкейк натуральный,KAIDA-P0813,Чизкейк,MAPPED_RULE,CHEESECAKE_BASE,0.92,R12,READY_DISH,Десерты,"{""measurements"":[],""percentages"":[],""calibres"":[],""process"":[]}",,1,1
MAP-07419,Чизкейк охлажденный,KAIDA-P0813,Чизкейк,MAPPED_RULE,CHEESECAKE_BASE,0.92,R12,READY_DISH,Торты по предзаказу,"{""measurements"":[],""percentages"":[],""calibres"":[],""process"":[""chilled""]}",,1,1
MAP-07420,Чизкейк с матчей,KAIDA-P0813,Чизкейк,MAPPED_RULE,CHEESECAKE_BASE,0.92,R12,READY_DISH,Десерты,"{""measurements"":[],""percentages"":[],""calibres"":[],""process"":[]}",,1,1
MAP-07421,Чизкейк Солёная карамель,KAIDA-P0813,Чизкейк,MAPPED_RULE,CHEESECAKE_BASE,0.92,R12,READY_DISH,Десерты,"{""measurements"":[],""percentages"":[],""calibres"":[],""process"":[]}",,1,1
MAP-07429,Чипсы с креветками,KAIDA-P0217,Креветка,MAPPED_RULE,SHRIMP_GENERIC,0.92,R15,PRODUCT,Закуски,"{""measurements"":[],""percentages"":[],""calibres"":[],""process"":[]}",,1,1
MAP-07449,Шашлык из креветок,KAIDA-P0217,Креветка,MAPPED_RULE,SHRIMP_GENERIC,0.92,R15,PRODUCT,Шашлычки,"{""measurements"":[],""percentages"":[],""calibres"":[],""process"":[]}",,1,1
MAP-07469,Шоколадный Медовик,KAIDA-P0809,Медовик,MAPPED_RULE,CAKE_RECIPE,0.96,R12,READY_DISH,Десерты,"{""measurements"":[],""percentages"":[],""calibres"":[],""process"":[]}",,1,1
MAP-07499,Эспрессо (60 мл),KAIDA-P0833,Эспрессо,MAPPED_RULE,COFFEE_TYPE,0.97,R01,READY_DISH,Кофе,"{""measurements"":[{""kind"":""value"",""value"":60.0,""unit"":""ml"",""raw"":""60 мл""}],""percentages"":[],""calibres"":[],""process"":[]}",,1,1
MAP-07500,Эспрессо (Двойной),KAIDA-P0833,Эспрессо,MAPPED_RULE,COFFEE_TYPE,0.97,R01,READY_DISH,Кофейные напитки,"{""measurements"":[],""percentages"":[],""calibres"":[],""process"":[]}",,1,1
MAP-07501,Эспрессо (Стандарт),KAIDA-P0833,Эспрессо,MAPPED_RULE,COFFEE_TYPE,0.97,R01,READY_DISH,Кофейные напитки,"{""measurements"":[],""percentages"":[],""calibres"":[],""process"":[]}",,1,1
MAP-07502,Эспрессо 1 шот,KAIDA-P0833,Эспрессо,MAPPED_RULE,COFFEE_TYPE,0.97,R01,READY_DISH,Кофе,"{""measurements"":[],""percentages"":[],""calibres"":[],""process"":[]}",,1,1
MAP-07503,Эспрессо 2 шота,KAIDA-P0833,Эспрессо,MAPPED_RULE,COFFEE_TYPE,0.97,R01,READY_DISH,Кофе,"{""measurements"":[],""percentages"":[],""calibres"":[],""process"":[]}",,1,1
MAP-07504,Эспрессо 30/60 мл,KAIDA-P0833,Эспрессо,MAPPED_RULE,COFFEE_TYPE,0.97,R01,READY_DISH,Кофе,"{""measurements"":[{""kind"":""value"",""value"":60.0,""unit"":""ml"",""raw"":""60 мл""}],""percentages"":[],""calibres"":[],""process"":[]}",,1,1
MAP-07505,Эспрессо б/кофеина,KAIDA-P0833,Эспрессо,MAPPED_RULE,COFFEE_TYPE,0.97,R01,READY_DISH,Кофе,"{""measurements"":[],""percentages"":[],""calibres"":[],""process"":[]}",,1,1
MAP-07506,Эспрессо двойной — 60 мл,KAIDA-P0833,Эспрессо,MAPPED_RULE,COFFEE_TYPE,0.97,R01,READY_DISH,Кофе и кофейные напитки,"{""measurements"":[{""kind"":""value"",""value"":60.0,""unit"":""ml"",""raw"":""60 мл""}],""percentages"":[],""calibres"":[],""process"":[]}",,1,1
MAP-07507,Эспрессо Тоник 300 мл,KAIDA-P0833,Эспрессо,MAPPED_RULE,COFFEE_TYPE,0.97,R01,READY_DISH,Кофе,"{""measurements"":[{""kind"":""value"",""value"":300.0,""unit"":""ml"",""raw"":""300 мл""}],""percentages"":[],""calibres"":[],""process"":[]}",,1,1
MAP-07508,Эспрессо тоник — 200 мл,KAIDA-P0833,Эспрессо,MAPPED_RULE,COFFEE_TYPE,0.97,R01,READY_DISH,Кофе и кофейные напитки,"{""measurements"":[{""kind"":""value"",""value"":200.0,""unit"":""ml"",""raw"":""200 мл""}],""percentages"":[],""calibres"":[],""process"":[]}",,1,1
MAP-07519,Яичница с сосисками,KAIDA-P0790,Сосиски,MAPPED_RULE,SAUSAGE_BASE,0.88,R16,PRODUCT,Завтраки,"{""measurements"":[],""percentages"":[],""calibres"":[],""process"":[]}",,1,1
MAP-07531,ЯШКИНО Круассаны с шоколадной начинкой 180 г,KAIDA-P0693,Круассан,MAPPED_RULE,BAKERY_BASE,0.94,R03,READY_DISH,Сладости,"{""measurements"":[{""kind"":""value"",""value"":180.0,""unit"":""g"",""raw"":""180 г""}],""percentages"":[],""calibres"":[],""process"":[],""filling_text"":""шоколадной начинкой 180 г""}",,1,1
MAP-07532,ЯШКИНО Мини круассаны с клубничным джемом 180 г,KAIDA-P0693,Круассан,MAPPED_RULE,BAKERY_BASE,0.94,R03,READY_DISH,Сладости,"{""measurements"":[{""kind"":""value"",""value"":180.0,""unit"":""g"",""raw"":""180 г""}],""percentages"":[],""calibres"":[],""process"":[],""filling_text"":""клубничным джемом 180 г""}",,1,1
MAP-07533,ЯШКИНО Мини круассаны со сливочным кремом 180 г,KAIDA-P0693,Круассан,MAPPED_RULE,BAKERY_BASE,0.94,R03,READY_DISH,Сладости,"{""measurements"":[{""kind"":""value"",""value"":180.0,""unit"":""g"",""raw"":""180 г""}],""percentages"":[],""calibres"":[],""process"":[],""filling_text"":""сливочным кремом 180 г""}",,1,1
MAP-07550,Матча Латте,KAIDA-P0835,Латте,MAPPED_RULE,COFFEE_TYPE,0.97,R01,READY_DISH,Кофе | Матча | Матча/Ice матча | Не кофе: | Остальное,"{""measurements"":[],""percentages"":[],""calibres"":[],""process"":[]}",,9,8
MAP-07555,Испандық чизкейк | Испанский чизкейк,KAIDA-P0814,Испанский чизкейк,MAPPED_RULE,CHEESECAKE_STYLE,0.96,R12,READY_DISH,Чизкейктер,"{""measurements"":[],""percentages"":[],""calibres"":[],""process"":[]}",,8,8
MAP-07586,Боул с сёмгой,KAIDA-P0173,Атлантический лосось,MAPPED_RULE,SEMGA_ALIAS,0.98,R13,PRODUCT,Боулы,"{""measurements"":[],""percentages"":[],""calibres"":[],""process"":[]}",,4,4
MAP-07612,Пепперони,KAIDA-P0795,Пепперони,MAPPED_RULE,SAUSAGE_TYPE,0.94,R16,PRODUCT,Итальянская кухня | Пицца,"{""measurements"":[],""percentages"":[],""calibres"":[],""process"":[]}",,4,4
MAP-07639,Чизкейк классический,KAIDA-P0813,Чизкейк,MAPPED_RULE,CHEESECAKE_BASE,0.92,R12,READY_DISH,Витрина | Десерты,"{""measurements"":[],""percentages"":[],""calibres"":[],""process"":[]}",,4,4
MAP-07650,"Апельсиново-грейпфрутовый фрэш 0,3L",KAIDA-P0843,Фреш апельсиновый,MAPPED_RULE,FRESH_CONTEXT,0.98,R08,READY_DISH,Фреши,"{""measurements"":[{""kind"":""value"",""value"":0.3,""unit"":""l"",""raw"":""0,3L""}],""percentages"":[],""calibres"":[],""process"":[]}",,3,3
MAP-07652,Борек с картошкой и луком,KAIDA-P0815,Борек,MAPPED_RULE,BAKERY_BASE,0.94,R03,READY_DISH,Витрина,"{""measurements"":[],""percentages"":[],""calibres"":[],""process"":[],""filling_text"":""картошкой и луком""}",,3,3
MAP-07670,Матча американо,KAIDA-P0834,Американо,MAPPED_RULE,COFFEE_TYPE,0.97,R01,READY_DISH,Матча,"{""measurements"":[],""percentages"":[],""calibres"":[],""process"":[]}",,3,3
MAP-07684,Нью-йорк чизкейк,KAIDA-P0813,Чизкейк,MAPPED_RULE,CHEESECAKE_BASE,0.92,R12,READY_DISH,Витрина,"{""measurements"":[],""percentages"":[],""calibres"":[],""process"":[]}",,3,3
MAP-07692,Стейк семги,KAIDA-P0242,Стейк лосося,MAPPED_RULE,FISH_CUT_PRODUCT,0.94,R13,PRODUCT,Популярный Товар | Хоспер,"{""measurements"":[],""percentages"":[],""calibres"":[],""process"":[]}",,3,3
MAP-07696,Трайфл Наполеон с бананом,KAIDA-P0808,Торт Наполеон,MAPPED_RULE,CAKE_RECIPE,0.96,R12,READY_DISH,Витрина,"{""measurements"":[],""percentages"":[],""calibres"":[],""process"":[]}",,3,3
MAP-07701,Фокачча с ветчиной из индейки,KAIDA-P0788,Ветчина,MAPPED_RULE,HAM_BASE,0.92,R16,PRODUCT,SPECIAL,"{""measurements"":[],""percentages"":[],""calibres"":[],""process"":[]}",,3,3
MAP-07734,Айс американо,KAIDA-P0834,Американо,MAPPED_RULE,COFFEE_TYPE,0.97,R01,READY_DISH,Ice coffee | Холодный кофе:,"{""measurements"":[],""percentages"":[],""calibres"":[],""process"":[]}",,2,2
MAP-07735,Айс капучино,KAIDA-P0836,Капучино,MAPPED_RULE,COFFEE_TYPE,0.97,R01,READY_DISH,Ice coffee | Холодный кофе:,"{""measurements"":[],""percentages"":[],""calibres"":[],""process"":[]}",,2,2
MAP-07768,матча Американо /300 мл,KAIDA-P0834,Американо,MAPPED_RULE,COFFEE_TYPE,0.97,R01,READY_DISH,БАР,"{""measurements"":[{""kind"":""value"",""value"":300.0,""unit"":""ml"",""raw"":""300 мл""}],""percentages"":[],""calibres"":[],""process"":[]}",,2,2
MAP-07790,Стейк из семги,KAIDA-P0242,Стейк лосося,MAPPED_RULE,FISH_CUT_PRODUCT,0.94,R13,PRODUCT,Горячее,"{""measurements"":[],""percentages"":[],""calibres"":[],""process"":[]}",,2,2
MAP-07793,Стейки семги (норвегия),KAIDA-P0242,Стейк лосося,MAPPED_RULE,FISH_CUT_PRODUCT,0.94,R13,PRODUCT,Рыба | СТЕЙКИ СЕМГИ,"{""measurements"":[],""percentages"":[],""calibres"":[],""process"":[]}",,2,2
MAP-07814,ходзича Американо /300 мл,KAIDA-P0834,Американо,MAPPED_RULE,COFFEE_TYPE,0.97,R01,READY_DISH,БАР,"{""measurements"":[{""kind"":""value"",""value"":300.0,""unit"":""ml"",""raw"":""300 мл""}],""percentages"":[],""calibres"":[],""process"":[]}",,2,2
MAP-07822,Эспрессо / Доппио /30/60 мл,KAIDA-P0833,Эспрессо,MAPPED_RULE,COFFEE_TYPE,0.97,R01,READY_DISH,БАР,"{""measurements"":[{""kind"":""value"",""value"":60.0,""unit"":""ml"",""raw"":""60 мл""}],""percentages"":[],""calibres"":[],""process"":[]}",,2,2
MAP-07823,Эспрессо тоник /400 мл,KAIDA-P0833,Эспрессо,MAPPED_RULE,COFFEE_TYPE,0.97,R01,READY_DISH,БАР,"{""measurements"":[{""kind"":""value"",""value"":400.0,""unit"":""ml"",""raw"":""400 мл""}],""percentages"":[],""calibres"":[],""process"":[]}",,2,2
MAP-08288,Американо 0.22,KAIDA-P0834,Американо,MAPPED_RULE,COFFEE_TYPE,0.97,R01,READY_DISH,Остальное,"{""measurements"":[],""percentages"":[],""calibres"":[],""process"":[]}",,1,1
MAP-08441,Вишнёвый Наполеон,KAIDA-P0808,Торт Наполеон,MAPPED_RULE,CAKE_RECIPE,0.96,R12,READY_DISH,Фирменные Наполеоны,"{""measurements"":[],""percentages"":[],""calibres"":[],""process"":[]}",,1,1
MAP-08684,Драники из картофеля со слабосалёной семгой,KAIDA-P0173,Атлантический лосось,MAPPED_RULE,SEMGA_ALIAS,0.98,R13,PRODUCT,Бранчи,"{""measurements"":[],""percentages"":[],""calibres"":[],""process"":[]}",,1,1
MAP-08868,Капучино 0.22,KAIDA-P0836,Капучино,MAPPED_RULE,COFFEE_TYPE,0.97,R01,READY_DISH,Остальное,"{""measurements"":[],""percentages"":[],""calibres"":[],""process"":[]}",,1,1
MAP-08947,Классический Наполеон,KAIDA-P0808,Торт Наполеон,MAPPED_RULE,CAKE_RECIPE,0.96,R12,READY_DISH,Фирменные Наполеоны,"{""measurements"":[],""percentages"":[],""calibres"":[],""process"":[]}",,1,1
MAP-09623,Латте матча,KAIDA-P0835,Латте,MAPPED_RULE,COFFEE_TYPE,0.97,R01,READY_DISH,KOФЕ,"{""measurements"":[],""percentages"":[],""calibres"":[],""process"":[]}",,1,1
MAP-09624,Латте со льдом,KAIDA-P0835,Латте,MAPPED_RULE,COFFEE_TYPE,0.97,R01,READY_DISH,Остальное,"{""measurements"":[],""percentages"":[],""calibres"":[],""process"":[]}",,1,1
MAP-09791,Малатан шұжықтармен / Малатан с сосисками,KAIDA-P0790,Сосиски,MAPPED_RULE,SAUSAGE_BASE,0.88,R16,PRODUCT,Малатан,"{""measurements"":[],""percentages"":[],""calibres"":[],""process"":[]}",,1,1
MAP-09797,"Марокканский (0,5л)",KAIDA-P0840,Чай марокканский,MAPPED_RULE,PREPARED_TEA,0.95,R08,READY_DISH,Чаи:,"{""measurements"":[{""kind"":""value"",""value"":0.5,""unit"":""l"",""raw"":""0,5л""}],""percentages"":[],""calibres"":[],""process"":[]}",,1,1
MAP-09798,Марокканский (1л),KAIDA-P0840,Чай марокканский,MAPPED_RULE,PREPARED_TEA,0.95,R08,READY_DISH,Чаи:,"{""measurements"":[{""kind"":""value"",""value"":1.0,""unit"":""l"",""raw"":""1л""}],""percentages"":[],""calibres"":[],""process"":[]}",,1,1
MAP-09843,Мильфей Наполеон,KAIDA-P0808,Торт Наполеон,MAPPED_RULE,CAKE_RECIPE,0.96,R12,READY_DISH,Фирменные Наполеоны,"{""measurements"":[],""percentages"":[],""calibres"":[],""process"":[]}",,1,1
MAP-09847,Мини Чизкейки,KAIDA-P0813,Чизкейк,MAPPED_RULE,CHEESECAKE_BASE,0.92,R12,READY_DISH,Остальное,"{""measurements"":[],""percentages"":[],""calibres"":[],""process"":[]}",,1,1
MAP-10202,Наполеон Павлова,KAIDA-P0808,Торт Наполеон,MAPPED_RULE,CAKE_RECIPE,0.96,R12,READY_DISH,Сезонные Наполеоны,"{""measurements"":[],""percentages"":[],""calibres"":[],""process"":[]}",,1,1
MAP-10325,Нож для круассана средний,KAIDA-P0693,Круассан,MAPPED_RULE,BAKERY_BASE,0.94,R03,READY_DISH,,"{""measurements"":[],""percentages"":[],""calibres"":[],""process"":[]}",,1,1
MAP-11205,сосиски корн дог,KAIDA-P0790,Сосиски,MAPPED_RULE,SAUSAGE_BASE,0.88,R16,PRODUCT,Детское меню,"{""measurements"":[],""percentages"":[],""calibres"":[],""process"":[]}",,1,1
MAP-11293,Стейк с семгой,KAIDA-P0242,Стейк лосося,MAPPED_RULE,FISH_CUT_PRODUCT,0.94,R13,PRODUCT,Горячие блюда,"{""measurements"":[],""percentages"":[],""calibres"":[],""process"":[]}",,1,1
MAP-11294,Стейк семги Норвегия,KAIDA-P0242,Стейк лосося,MAPPED_RULE,FISH_CUT_PRODUCT,0.94,R13,PRODUCT,Стейки,"{""measurements"":[],""percentages"":[],""calibres"":[],""process"":[]}",,1,1
MAP-11316,Ташкентский (1л),KAIDA-P0841,Чай ташкентский,MAPPED_RULE,PREPARED_TEA,0.95,R08,READY_DISH,Чаи:,"{""measurements"":[{""kind"":""value"",""value"":1.0,""unit"":""l"",""raw"":""1л""}],""percentages"":[],""calibres"":[],""process"":[]}",,1,1
MAP-11725,Филе сёмги солёное,KAIDA-P0173,Атлантический лосось,MAPPED_RULE,SEMGA_ALIAS,0.98,R13,PRODUCT,"Солёная, копчёная и вяленая продукция","{""measurements"":[],""percentages"":[],""calibres"":[],""process"":[]}",,1,1
MAP-12835,Шоколадный Наполеон,KAIDA-P0808,Торт Наполеон,MAPPED_RULE,CAKE_RECIPE,0.96,R12,READY_DISH,Фирменные Наполеоны,"{""measurements"":[],""percentages"":[],""calibres"":[],""process"":[]}",,1,1
MAP-12838,Шот эспрессо,KAIDA-P0833,Эспрессо,MAPPED_RULE,COFFEE_TYPE,0.97,R01,READY_DISH,Дополнительно:,"{""measurements"":[],""percentages"":[],""calibres"":[],""process"":[]}",,1,1
MAP-12862,Эспрессо-Тоник 450мл,KAIDA-P0833,Эспрессо,MAPPED_RULE,COFFEE_TYPE,0.97,R01,READY_DISH,ENJOY COLLECTION,"{""measurements"":[{""kind"":""value"",""value"":450.0,""unit"":""ml"",""raw"":""450мл""}],""percentages"":[],""calibres"":[],""process"":[]}",,1,1
